date,strategy,asset,weight
2018-02-01,Equal Weight,SPY,0.1
2018-02-01,Equal Weight,QQQ,0.1
2018-02-01,Equal Weight,IWM,0.1
2018-02-01,Equal Weight,EFA,0.1
2018-02-01,Equal Weight,EEM,0.1
2018-02-01,Equal Weight,TLT,0.1
2018-02-01,Equal Weight,IEF,0.1
2018-02-01,Equal Weight,LQD,0.1
2018-02-01,Equal Weight,GLD,0.1
2018-02-01,Equal Weight,VNQ,0.1
2018-02-01,Minimum Variance,SPY,0.10947060672072872
2018-02-01,Minimum Variance,QQQ,0.008154778387572469
2018-02-01,Minimum Variance,IWM,0.0
2018-02-01,Minimum Variance,EFA,0.3
2018-02-01,Minimum Variance,EEM,0.3
2018-02-01,Minimum Variance,TLT,2.424229470865489e-17
2018-02-01,Minimum Variance,IEF,6.5880105055071345e-18
2018-02-01,Minimum Variance,LQD,6.851861268576849e-18
2018-02-01,Minimum Variance,GLD,0.0005680317806364231
2018-02-01,Minimum Variance,VNQ,0.28180658311106227
2018-02-01,Maximum Sharpe,SPY,0.0999999999999996
2018-02-01,Maximum Sharpe,QQQ,7.7021722333370235e-16
2018-02-01,Maximum Sharpe,IWM,0.3
2018-02-01,Maximum Sharpe,EFA,0.0
2018-02-01,Maximum Sharpe,EEM,0.2999999999999974
2018-02-01,Maximum Sharpe,TLT,4.98732999343332e-16
2018-02-01,Maximum Sharpe,IEF,8.135853102331225e-16
2018-02-01,Maximum Sharpe,LQD,9.037909309839165e-16
2018-02-01,Maximum Sharpe,GLD,9.540979117872439e-17
2018-02-01,Maximum Sharpe,VNQ,0.3
2018-03-01,Equal Weight,SPY,0.1
2018-03-01,Equal Weight,QQQ,0.1
2018-03-01,Equal Weight,IWM,0.1
2018-03-01,Equal Weight,EFA,0.1
2018-03-01,Equal Weight,EEM,0.1
2018-03-01,Equal Weight,TLT,0.1
2018-03-01,Equal Weight,IEF,0.1
2018-03-01,Equal Weight,LQD,0.1
2018-03-01,Equal Weight,GLD,0.1
2018-03-01,Equal Weight,VNQ,0.1
2018-03-01,Minimum Variance,SPY,0.11569399809706823
2018-03-01,Minimum Variance,QQQ,0.0190811690312877
2018-03-01,Minimum Variance,IWM,6.402348824402872e-17
2018-03-01,Minimum Variance,EFA,0.3
2018-03-01,Minimum Variance,EEM,0.3
2018-03-01,Minimum Variance,TLT,0.0
2018-03-01,Minimum Variance,IEF,1.6886792943596554e-17
2018-03-01,Minimum Variance,LQD,1.0911915177893325e-17
2018-03-01,Minimum Variance,GLD,0.01883940503117475
2018-03-01,Minimum Variance,VNQ,0.24638542784046927
2018-03-01,Maximum Sharpe,SPY,0.17942065415114977
2018-03-01,Maximum Sharpe,QQQ,1.4669403624494644e-16
2018-03-01,Maximum Sharpe,IWM,0.2999999999999997
2018-03-01,Maximum Sharpe,EFA,1.716376742339279e-16
2018-03-01,Maximum Sharpe,EEM,0.23245845009545182
2018-03-01,Maximum Sharpe,TLT,2.696965609551901e-16
2018-03-01,Maximum Sharpe,IEF,1.6631513095161869e-16
2018-03-01,Maximum Sharpe,LQD,3.755655149666106e-16
2018-03-01,Maximum Sharpe,GLD,0.0
2018-03-01,Maximum Sharpe,VNQ,0.28812089575339755
2018-05-01,Equal Weight,SPY,0.1
2018-05-01,Equal Weight,QQQ,0.1
2018-05-01,Equal Weight,IWM,0.1
2018-05-01,Equal Weight,EFA,0.1
2018-05-01,Equal Weight,EEM,0.1
2018-05-01,Equal Weight,TLT,0.1
2018-05-01,Equal Weight,IEF,0.1
2018-05-01,Equal Weight,LQD,0.1
2018-05-01,Equal Weight,GLD,0.1
2018-05-01,Equal Weight,VNQ,0.1
2018-05-01,Minimum Variance,SPY,0.11751422907637399
2018-05-01,Minimum Variance,QQQ,0.030680823713886
2018-05-01,Minimum Variance,IWM,0.0
2018-05-01,Minimum Variance,EFA,0.3
2018-05-01,Minimum Variance,EEM,0.3
2018-05-01,Minimum Variance,TLT,0.02767787017095271
2018-05-01,Minimum Variance,IEF,0.0
2018-05-01,Minimum Variance,LQD,2.0733672482890764e-17
2018-05-01,Minimum Variance,GLD,0.03490172824861535
2018-05-01,Minimum Variance,VNQ,0.189225348790172
2018-05-01,Maximum Sharpe,SPY,0.2462577072063893
2018-05-01,Maximum Sharpe,QQQ,0.14221236570748857
2018-05-01,Maximum Sharpe,IWM,0.2999999999999999
2018-05-01,Maximum Sharpe,EFA,1.2669114143729928e-16
2018-05-01,Maximum Sharpe,EEM,0.0
2018-05-01,Maximum Sharpe,TLT,0.0
2018-05-01,Maximum Sharpe,IEF,4.230844868240503e-17
2018-05-01,Maximum Sharpe,LQD,0.0
2018-05-01,Maximum Sharpe,GLD,0.011529927086122228
2018-05-01,Maximum Sharpe,VNQ,0.2999999999999999
2018-06-01,Equal Weight,SPY,0.1
2018-06-01,Equal Weight,QQQ,0.1
2018-06-01,Equal Weight,IWM,0.1
2018-06-01,Equal Weight,EFA,0.1
2018-06-01,Equal Weight,EEM,0.1
2018-06-01,Equal Weight,TLT,0.1
2018-06-01,Equal Weight,IEF,0.1
2018-06-01,Equal Weight,LQD,0.1
2018-06-01,Equal Weight,GLD,0.1
2018-06-01,Equal Weight,VNQ,0.1
2018-06-01,Minimum Variance,SPY,0.10974924899945757
2018-06-01,Minimum Variance,QQQ,0.03803200392006888
2018-06-01,Minimum Variance,IWM,1.2088748344094969e-17
2018-06-01,Minimum Variance,EFA,0.3
2018-06-01,Minimum Variance,EEM,0.2999999999999999
2018-06-01,Minimum Variance,TLT,0.04375261834994825
2018-06-01,Minimum Variance,IEF,0.0
2018-06-01,Minimum Variance,LQD,0.0
2018-06-01,Minimum Variance,GLD,0.030825948086420328
2018-06-01,Minimum Variance,VNQ,0.17764018064410514
2018-06-01,Maximum Sharpe,SPY,0.13601755119189238
2018-06-01,Maximum Sharpe,QQQ,0.2732479291893701
2018-06-01,Maximum Sharpe,IWM,0.2999999999999999
2018-06-01,Maximum Sharpe,EFA,0.0
2018-06-01,Maximum Sharpe,EEM,1.2575432299763605e-16
2018-06-01,Maximum Sharpe,TLT,0.0
2018-06-01,Maximum Sharpe,IEF,0.0
2018-06-01,Maximum Sharpe,LQD,1.7857609168180224e-16
2018-06-01,Maximum Sharpe,GLD,0.09921709659007603
2018-06-01,Maximum Sharpe,VNQ,0.19151742302866137
2018-08-01,Equal Weight,SPY,0.1
2018-08-01,Equal Weight,QQQ,0.1
2018-08-01,Equal Weight,IWM,0.1
2018-08-01,Equal Weight,EFA,0.1
2018-08-01,Equal Weight,EEM,0.1
2018-08-01,Equal Weight,TLT,0.1
2018-08-01,Equal Weight,IEF,0.1
2018-08-01,Equal Weight,LQD,0.1
2018-08-01,Equal Weight,GLD,0.1
2018-08-01,Equal Weight,VNQ,0.1
2018-08-01,Minimum Variance,SPY,0.1004734016348499
2018-08-01,Minimum Variance,QQQ,0.05150893057210106
2018-08-01,Minimum Variance,IWM,4.9869064769596944e-20
2018-08-01,Minimum Variance,EFA,0.3
2018-08-01,Minimum Variance,EEM,0.30000000000000004
2018-08-01,Minimum Variance,TLT,0.037629404025929875
2018-08-01,Minimum Variance,IEF,8.416225243037136e-18
2018-08-01,Minimum Variance,LQD,1.4350855708855987e-17
2018-08-01,Minimum Variance,GLD,0.03013438282285479
2018-08-01,Minimum Variance,VNQ,0.18025388094426434
2018-08-01,Maximum Sharpe,SPY,0.14542039731367304
2018-08-01,Maximum Sharpe,QQQ,0.0640781131332608
2018-08-01,Maximum Sharpe,IWM,0.30000000000000043
2018-08-01,Maximum Sharpe,EFA,0.0
2018-08-01,Maximum Sharpe,EEM,0.30000000000000043
2018-08-01,Maximum Sharpe,TLT,0.0
2018-08-01,Maximum Sharpe,IEF,0.0
2018-08-01,Maximum Sharpe,LQD,3.9531464399721686e-17
2018-08-01,Maximum Sharpe,GLD,0.011251118114301609
2018-08-01,Maximum Sharpe,VNQ,0.17925037143876354
2018-10-01,Equal Weight,SPY,0.1
2018-10-01,Equal Weight,QQQ,0.1
2018-10-01,Equal Weight,IWM,0.1
2018-10-01,Equal Weight,EFA,0.1
2018-10-01,Equal Weight,EEM,0.1
2018-10-01,Equal Weight,TLT,0.1
2018-10-01,Equal Weight,IEF,0.1
2018-10-01,Equal Weight,LQD,0.1
2018-10-01,Equal Weight,GLD,0.1
2018-10-01,Equal Weight,VNQ,0.1
2018-10-01,Minimum Variance,SPY,0.09703730851947287
2018-10-01,Minimum Variance,QQQ,0.039559597253428586
2018-10-01,Minimum Variance,IWM,0.0
2018-10-01,Minimum Variance,EFA,0.30000000000000004
2018-10-01,Minimum Variance,EEM,0.30000000000000004
2018-10-01,Minimum Variance,TLT,0.011056244294728998
2018-10-01,Minimum Variance,IEF,3.493531142668709e-17
2018-10-01,Minimum Variance,LQD,0.0
2018-10-01,Minimum Variance,GLD,0.016527860225943252
2018-10-01,Minimum Variance,VNQ,0.23581898970642623
2018-10-01,Maximum Sharpe,SPY,0.0848573728473373
2018-10-01,Maximum Sharpe,QQQ,0.052970025807183754
2018-10-01,Maximum Sharpe,IWM,0.2999999999999999
2018-10-01,Maximum Sharpe,EFA,0.0
2018-10-01,Maximum Sharpe,EEM,0.25697194464307344
2018-10-01,Maximum Sharpe,TLT,1.1626635292213843e-16
2018-10-01,Maximum Sharpe,IEF,0.0
2018-10-01,Maximum Sharpe,LQD,4.103904813267635e-16
2018-10-01,Maximum Sharpe,GLD,0.005200656702405351
2018-10-01,Maximum Sharpe,VNQ,0.2999999999999999
2018-11-01,Equal Weight,SPY,0.1
2018-11-01,Equal Weight,QQQ,0.1
2018-11-01,Equal Weight,IWM,0.1
2018-11-01,Equal Weight,EFA,0.1
2018-11-01,Equal Weight,EEM,0.1
2018-11-01,Equal Weight,TLT,0.1
2018-11-01,Equal Weight,IEF,0.1
2018-11-01,Equal Weight,LQD,0.1
2018-11-01,Equal Weight,GLD,0.1
2018-11-01,Equal Weight,VNQ,0.1
2018-11-01,Minimum Variance,SPY,0.10634285200111773
2018-11-01,Minimum Variance,QQQ,0.03871424737506998
2018-11-01,Minimum Variance,IWM,0.0
2018-11-01,Minimum Variance,EFA,0.3
2018-11-01,Minimum Variance,EEM,0.3
2018-11-01,Minimum Variance,TLT,0.02328828467083655
2018-11-01,Minimum Variance,IEF,0.0
2018-11-01,Minimum Variance,LQD,2.9365897200930476e-19
2018-11-01,Minimum Variance,GLD,0.01776652946733099
2018-11-01,Minimum Variance,VNQ,0.21388808648564483
2018-11-01,Maximum Sharpe,SPY,0.1571316581738866
2018-11-01,Maximum Sharpe,QQQ,0.0
2018-11-01,Maximum Sharpe,IWM,0.2999999999999999
2018-11-01,Maximum Sharpe,EFA,3.317362186274104e-17
2018-11-01,Maximum Sharpe,EEM,0.23578597639765558
2018-11-01,Maximum Sharpe,TLT,0.0
2018-11-01,Maximum Sharpe,IEF,0.0
2018-11-01,Maximum Sharpe,LQD,1.2198057945938133e-16
2018-11-01,Maximum Sharpe,GLD,0.0070823654284578
2018-11-01,Maximum Sharpe,VNQ,0.29999999999999993
2019-02-01,Equal Weight,SPY,0.1
2019-02-01,Equal Weight,QQQ,0.1
2019-02-01,Equal Weight,IWM,0.1
2019-02-01,Equal Weight,EFA,0.1
2019-02-01,Equal Weight,EEM,0.1
2019-02-01,Equal Weight,TLT,0.1
2019-02-01,Equal Weight,IEF,0.1
2019-02-01,Equal Weight,LQD,0.1
2019-02-01,Equal Weight,GLD,0.1
2019-02-01,Equal Weight,VNQ,0.1
2019-02-01,Minimum Variance,SPY,0.10473778368934285
2019-02-01,Minimum Variance,QQQ,0.056151451388757566
2019-02-01,Minimum Variance,IWM,3.3440860757599777e-18
2019-02-01,Minimum Variance,EFA,0.3
2019-02-01,Minimum Variance,EEM,0.2999999999999998
2019-02-01,Minimum Variance,TLT,0.051327296911915087
2019-02-01,Minimum Variance,IEF,2.1239562910638395e-17
2019-02-01,Minimum Variance,LQD,0.0
2019-02-01,Minimum Variance,GLD,0.02755236886661826
2019-02-01,Minimum Variance,VNQ,0.16023109914336645
2019-02-01,Maximum Sharpe,SPY,0.23148552479238357
2019-02-01,Maximum Sharpe,QQQ,9.64036255236497e-17
2019-02-01,Maximum Sharpe,IWM,0.22517030370182747
2019-02-01,Maximum Sharpe,EFA,8.556605072176774e-17
2019-02-01,Maximum Sharpe,EEM,0.29999999999999954
2019-02-01,Maximum Sharpe,TLT,2.052863757009602e-16
2019-02-01,Maximum Sharpe,IEF,9.912159543271114e-17
2019-02-01,Maximum Sharpe,LQD,0.0
2019-02-01,Maximum Sharpe,GLD,0.07336085325266432
2019-02-01,Maximum Sharpe,VNQ,0.16998331825312474
2019-03-01,Equal Weight,SPY,0.1
2019-03-01,Equal Weight,QQQ,0.1
2019-03-01,Equal Weight,IWM,0.1
2019-03-01,Equal Weight,EFA,0.1
2019-03-01,Equal Weight,EEM,0.1
2019-03-01,Equal Weight,TLT,0.1
2019-03-01,Equal Weight,IEF,0.1
2019-03-01,Equal Weight,LQD,0.1
2019-03-01,Equal Weight,GLD,0.1
2019-03-01,Equal Weight,VNQ,0.1
2019-03-01,Minimum Variance,SPY,0.11027757941087413
2019-03-01,Minimum Variance,QQQ,0.05303787381952467
2019-03-01,Minimum Variance,IWM,7.102794779200935e-18
2019-03-01,Minimum Variance,EFA,0.29999999999999993
2019-03-01,Minimum Variance,EEM,0.29999999999999993
2019-03-01,Minimum Variance,TLT,0.0466089442144822
2019-03-01,Minimum Variance,IEF,1.3802401875508824e-17
2019-03-01,Minimum Variance,LQD,2.0904349621762505e-17
2019-03-01,Minimum Variance,GLD,0.026975457434950792
2019-03-01,Minimum Variance,VNQ,0.1631001451201684
2019-03-01,Maximum Sharpe,SPY,0.1084092232630709
2019-03-01,Maximum Sharpe,QQQ,4.509232834267471e-17
2019-03-01,Maximum Sharpe,IWM,0.3
2019-03-01,Maximum Sharpe,EFA,0.0
2019-03-01,Maximum Sharpe,EEM,0.3
2019-03-01,Maximum Sharpe,TLT,0.0
2019-03-01,Maximum Sharpe,IEF,0.0
2019-03-01,Maximum Sharpe,LQD,9.15149219290123e-17
2019-03-01,Maximum Sharpe,GLD,0.16704492117201983
2019-03-01,Maximum Sharpe,VNQ,0.1245458555649092
2019-04-01,Equal Weight,SPY,0.1
2019-04-01,Equal Weight,QQQ,0.1
2019-04-01,Equal Weight,IWM,0.1
2019-04-01,Equal Weight,EFA,0.1
2019-04-01,Equal Weight,EEM,0.1
2019-04-01,Equal Weight,TLT,0.1
2019-04-01,Equal Weight,IEF,0.1
2019-04-01,Equal Weight,LQD,0.1
2019-04-01,Equal Weight,GLD,0.1
2019-04-01,Equal Weight,VNQ,0.1
2019-04-01,Minimum Variance,SPY,0.11750932067726087
2019-04-01,Minimum Variance,QQQ,0.04797411646181786
2019-04-01,Minimum Variance,IWM,0.0
2019-04-01,Minimum Variance,EFA,0.30000000000000004
2019-04-01,Minimum Variance,EEM,0.3
2019-04-01,Minimum Variance,TLT,0.04953337486606712
2019-04-01,Minimum Variance,IEF,0.0
2019-04-01,Minimum Variance,LQD,1.2695753329921082e-17
2019-04-01,Minimum Variance,GLD,0.04321517022246682
2019-04-01,Minimum Variance,VNQ,0.14176801777238737
2019-04-01,Maximum Sharpe,SPY,0.028961908088640274
2019-04-01,Maximum Sharpe,QQQ,0.11305860879830021
2019-04-01,Maximum Sharpe,IWM,0.29999999999999993
2019-04-01,Maximum Sharpe,EFA,9.950286613809396e-17
2019-04-01,Maximum Sharpe,EEM,0.29999999999999993
2019-04-01,Maximum Sharpe,TLT,0.0
2019-04-01,Maximum Sharpe,IEF,0.0
2019-04-01,Maximum Sharpe,LQD,0.0
2019-04-01,Maximum Sharpe,GLD,0.0
2019-04-01,Maximum Sharpe,VNQ,0.2579794831130595
2019-05-01,Equal Weight,SPY,0.1
2019-05-01,Equal Weight,QQQ,0.1
2019-05-01,Equal Weight,IWM,0.1
2019-05-01,Equal Weight,EFA,0.1
2019-05-01,Equal Weight,EEM,0.1
2019-05-01,Equal Weight,TLT,0.1
2019-05-01,Equal Weight,IEF,0.1
2019-05-01,Equal Weight,LQD,0.1
2019-05-01,Equal Weight,GLD,0.1
2019-05-01,Equal Weight,VNQ,0.1
2019-05-01,Minimum Variance,SPY,0.11887966568131829
2019-05-01,Minimum Variance,QQQ,0.046829012735854096
2019-05-01,Minimum Variance,IWM,0.0
2019-05-01,Minimum Variance,EFA,0.3
2019-05-01,Minimum Variance,EEM,0.3
2019-05-01,Minimum Variance,TLT,0.05257124943939433
2019-05-01,Minimum Variance,IEF,3.720380462577701e-18
2019-05-01,Minimum Variance,LQD,0.0
2019-05-01,Minimum Variance,GLD,0.040627611862745994
2019-05-01,Minimum Variance,VNQ,0.1410924602806874
2019-05-01,Maximum Sharpe,SPY,1.6535031357986603e-16
2019-05-01,Maximum Sharpe,QQQ,0.10685972810750109
2019-05-01,Maximum Sharpe,IWM,0.3
2019-05-01,Maximum Sharpe,EFA,1.9928254272654837e-16
2019-05-01,Maximum Sharpe,EEM,0.29999999999999993
2019-05-01,Maximum Sharpe,TLT,1.9252396415702533e-16
2019-05-01,Maximum Sharpe,IEF,6.794236196780164e-17
2019-05-01,Maximum Sharpe,LQD,0.0
2019-05-01,Maximum Sharpe,GLD,0.0
2019-05-01,Maximum Sharpe,VNQ,0.29314027189249847
2019-07-01,Equal Weight,SPY,0.1
2019-07-01,Equal Weight,QQQ,0.1
2019-07-01,Equal Weight,IWM,0.1
2019-07-01,Equal Weight,EFA,0.1
2019-07-01,Equal Weight,EEM,0.1
2019-07-01,Equal Weight,TLT,0.1
2019-07-01,Equal Weight,IEF,0.1
2019-07-01,Equal Weight,LQD,0.1
2019-07-01,Equal Weight,GLD,0.1
2019-07-01,Equal Weight,VNQ,0.1
2019-07-01,Minimum Variance,SPY,0.12137333375261368
2019-07-01,Minimum Variance,QQQ,0.048897935554486655
2019-07-01,Minimum Variance,IWM,0.0
2019-07-01,Minimum Variance,EFA,0.30000000000000004
2019-07-01,Minimum Variance,EEM,0.30000000000000004
2019-07-01,Minimum Variance,TLT,0.055625520322169525
2019-07-01,Minimum Variance,IEF,0.0
2019-07-01,Minimum Variance,LQD,0.0
2019-07-01,Minimum Variance,GLD,0.03645427969913992
2019-07-01,Minimum Variance,VNQ,0.13764893067159023
2019-07-01,Maximum Sharpe,SPY,0.01716788482940497
2019-07-01,Maximum Sharpe,QQQ,3.543895430544874e-15
2019-07-01,Maximum Sharpe,IWM,0.30000000000000004
2019-07-01,Maximum Sharpe,EFA,0.18254520646145214
2019-07-01,Maximum Sharpe,EEM,0.2999999999999998
2019-07-01,Maximum Sharpe,TLT,2.1855705264383018e-16
2019-07-01,Maximum Sharpe,IEF,1.695746196117717e-16
2019-07-01,Maximum Sharpe,LQD,4.721994805123544e-16
2019-07-01,Maximum Sharpe,GLD,5.049623972747955e-16
2019-07-01,Maximum Sharpe,VNQ,0.20028690870913812
2019-08-01,Equal Weight,SPY,0.1
2019-08-01,Equal Weight,QQQ,0.1
2019-08-01,Equal Weight,IWM,0.1
2019-08-01,Equal Weight,EFA,0.1
2019-08-01,Equal Weight,EEM,0.1
2019-08-01,Equal Weight,TLT,0.1
2019-08-01,Equal Weight,IEF,0.1
2019-08-01,Equal Weight,LQD,0.1
2019-08-01,Equal Weight,GLD,0.1
2019-08-01,Equal Weight,VNQ,0.1
2019-08-01,Minimum Variance,SPY,0.1157996895247501
2019-08-01,Minimum Variance,QQQ,0.056600226178218346
2019-08-01,Minimum Variance,IWM,1.1440768139445428e-17
2019-08-01,Minimum Variance,EFA,0.3
2019-08-01,Minimum Variance,EEM,0.3
2019-08-01,Minimum Variance,TLT,0.049858315855833515
2019-08-01,Minimum Variance,IEF,2.3409873079740726e-17
2019-08-01,Minimum Variance,LQD,0.0
2019-08-01,Minimum Variance,GLD,0.03849775099422095
2019-08-01,Minimum Variance,VNQ,0.13924401744697712
2019-08-01,Maximum Sharpe,SPY,0.0
2019-08-01,Maximum Sharpe,QQQ,1.8336950618335923e-15
2019-08-01,Maximum Sharpe,IWM,0.2999999999999999
2019-08-01,Maximum Sharpe,EFA,0.15003671645347572
2019-08-01,Maximum Sharpe,EEM,0.2999999999999993
2019-08-01,Maximum Sharpe,TLT,0.0
2019-08-01,Maximum Sharpe,IEF,3.6438380427089025e-16
2019-08-01,Maximum Sharpe,LQD,5.682710570184261e-16
2019-08-01,Maximum Sharpe,GLD,8.289733371223129e-16
2019-08-01,Maximum Sharpe,VNQ,0.24996328354652153
2019-10-01,Equal Weight,SPY,0.1
2019-10-01,Equal Weight,QQQ,0.1
2019-10-01,Equal Weight,IWM,0.1
2019-10-01,Equal Weight,EFA,0.1
2019-10-01,Equal Weight,EEM,0.1
2019-10-01,Equal Weight,TLT,0.1
2019-10-01,Equal Weight,IEF,0.1
2019-10-01,Equal Weight,LQD,0.1
2019-10-01,Equal Weight,GLD,0.1
2019-10-01,Equal Weight,VNQ,0.1
2019-10-01,Minimum Variance,SPY,0.09625436574947979
2019-10-01,Minimum Variance,QQQ,0.06090853700744381
2019-10-01,Minimum Variance,IWM,2.9849441061241544e-18
2019-10-01,Minimum Variance,EFA,0.3
2019-10-01,Minimum Variance,EEM,0.3
2019-10-01,Minimum Variance,TLT,0.08157701321276255
2019-10-01,Minimum Variance,IEF,1.5327484697040192e-17
2019-10-01,Minimum Variance,LQD,6.9109418166478365e-18
2019-10-01,Minimum Variance,GLD,0.060206195256810285
2019-10-01,Minimum Variance,VNQ,0.10105388877350353
2019-10-01,Maximum Sharpe,SPY,0.03550056144786974
2019-10-01,Maximum Sharpe,QQQ,0.19430247667796985
2019-10-01,Maximum Sharpe,IWM,0.1701969618741626
2019-10-01,Maximum Sharpe,EFA,0.0
2019-10-01,Maximum Sharpe,EEM,0.299999999999998
2019-10-01,Maximum Sharpe,TLT,3.832035551591373e-16
2019-10-01,Maximum Sharpe,IEF,6.113679995978604e-17
2019-10-01,Maximum Sharpe,LQD,8.237815487450346e-16
2019-10-01,Maximum Sharpe,GLD,4.974875697432924e-16
2019-10-01,Maximum Sharpe,VNQ,0.29999999999999816
2019-11-01,Equal Weight,SPY,0.1
2019-11-01,Equal Weight,QQQ,0.1
2019-11-01,Equal Weight,IWM,0.1
2019-11-01,Equal Weight,EFA,0.1
2019-11-01,Equal Weight,EEM,0.1
2019-11-01,Equal Weight,TLT,0.1
2019-11-01,Equal Weight,IEF,0.1
2019-11-01,Equal Weight,LQD,0.1
2019-11-01,Equal Weight,GLD,0.1
2019-11-01,Equal Weight,VNQ,0.1
2019-11-01,Minimum Variance,SPY,0.10459199852428189
2019-11-01,Minimum Variance,QQQ,0.05475857390668687
2019-11-01,Minimum Variance,IWM,0.0
2019-11-01,Minimum Variance,EFA,0.29999999999999993
2019-11-01,Minimum Variance,EEM,0.2999999999999998
2019-11-01,Minimum Variance,TLT,0.08068162365776355
2019-11-01,Minimum Variance,IEF,0.0
2019-11-01,Minimum Variance,LQD,0.0
2019-11-01,Minimum Variance,GLD,0.07084282215922746
2019-11-01,Minimum Variance,VNQ,0.08912498175204045
2019-11-01,Maximum Sharpe,SPY,0.10302766362105172
2019-11-01,Maximum Sharpe,QQQ,0.1844640057337618
2019-11-01,Maximum Sharpe,IWM,0.13745115198789398
2019-11-01,Maximum Sharpe,EFA,5.058830162093431e-17
2019-11-01,Maximum Sharpe,EEM,0.3000000000000004
2019-11-01,Maximum Sharpe,TLT,0.0
2019-11-01,Maximum Sharpe,IEF,9.764670897815086e-17
2019-11-01,Maximum Sharpe,LQD,4.092836731353183e-17
2019-11-01,Maximum Sharpe,GLD,0.0
2019-11-01,Maximum Sharpe,VNQ,0.2750571786572919
2020-04-01,Equal Weight,SPY,0.1
2020-04-01,Equal Weight,QQQ,0.1
2020-04-01,Equal Weight,IWM,0.1
2020-04-01,Equal Weight,EFA,0.1
2020-04-01,Equal Weight,EEM,0.1
2020-04-01,Equal Weight,TLT,0.1
2020-04-01,Equal Weight,IEF,0.1
2020-04-01,Equal Weight,LQD,0.1
2020-04-01,Equal Weight,GLD,0.1
2020-04-01,Equal Weight,VNQ,0.1
2020-04-01,Minimum Variance,SPY,0.17469964796137025
2020-04-01,Minimum Variance,QQQ,0.1266693409356432
2020-04-01,Minimum Variance,IWM,1.2012819536719599e-17
2020-04-01,Minimum Variance,EFA,0.3
2020-04-01,Minimum Variance,EEM,0.2188178642171194
2020-04-01,Minimum Variance,TLT,3.913490495073979e-18
2020-04-01,Minimum Variance,IEF,2.427806837119868e-17
2020-04-01,Minimum Variance,LQD,0.0
2020-04-01,Minimum Variance,GLD,0.0
2020-04-01,Minimum Variance,VNQ,0.17981314688586714
2020-04-01,Maximum Sharpe,SPY,0.13253417597062395
2020-04-01,Maximum Sharpe,QQQ,0.29999999999951327
2020-04-01,Maximum Sharpe,IWM,0.26746582402757285
2020-04-01,Maximum Sharpe,EFA,0.3000000000002001
2020-04-01,Maximum Sharpe,EEM,2.0418343816423086e-13
2020-04-01,Maximum Sharpe,TLT,3.6228342271833245e-13
2020-04-01,Maximum Sharpe,IEF,3.8357994181842435e-13
2020-04-01,Maximum Sharpe,LQD,4.2315558862137147e-13
2020-04-01,Maximum Sharpe,GLD,4.255989068267379e-13
2020-04-01,Maximum Sharpe,VNQ,2.910702066404742e-13
2020-05-01,Equal Weight,SPY,0.1
2020-05-01,Equal Weight,QQQ,0.1
2020-05-01,Equal Weight,IWM,0.1
2020-05-01,Equal Weight,EFA,0.1
2020-05-01,Equal Weight,EEM,0.1
2020-05-01,Equal Weight,TLT,0.1
2020-05-01,Equal Weight,IEF,0.1
2020-05-01,Equal Weight,LQD,0.1
2020-05-01,Equal Weight,GLD,0.1
2020-05-01,Equal Weight,VNQ,0.1
2020-05-01,Minimum Variance,SPY,0.17361480683306024
2020-05-01,Minimum Variance,QQQ,0.1561952115923816
2020-05-01,Minimum Variance,IWM,0.0
2020-05-01,Minimum Variance,EFA,0.3
2020-05-01,Minimum Variance,EEM,0.191664594892383
2020-05-01,Minimum Variance,TLT,0.0
2020-05-01,Minimum Variance,IEF,1.7896112109588858e-17
2020-05-01,Minimum Variance,LQD,3.492655654708382e-17
2020-05-01,Minimum Variance,GLD,3.0577465879406615e-17
2020-05-01,Minimum Variance,VNQ,0.1785253866821752
2020-05-01,Maximum Sharpe,SPY,0.13014008227259002
2020-05-01,Maximum Sharpe,QQQ,0.2999999999997286
2020-05-01,Maximum Sharpe,IWM,0.26985991772795287
2020-05-01,Maximum Sharpe,EFA,0.2999999999997286
2020-05-01,Maximum Sharpe,EEM,0.0
2020-05-01,Maximum Sharpe,TLT,0.0
2020-05-01,Maximum Sharpe,IEF,0.0
2020-05-01,Maximum Sharpe,LQD,0.0
2020-05-01,Maximum Sharpe,GLD,0.0
2020-05-01,Maximum Sharpe,VNQ,0.0
2020-06-01,Equal Weight,SPY,0.1
2020-06-01,Equal Weight,QQQ,0.1
2020-06-01,Equal Weight,IWM,0.1
2020-06-01,Equal Weight,EFA,0.1
2020-06-01,Equal Weight,EEM,0.1
2020-06-01,Equal Weight,TLT,0.1
2020-06-01,Equal Weight,IEF,0.1
2020-06-01,Equal Weight,LQD,0.1
2020-06-01,Equal Weight,GLD,0.1
2020-06-01,Equal Weight,VNQ,0.1
2020-06-01,Minimum Variance,SPY,0.1749730552735052
2020-06-01,Minimum Variance,QQQ,0.15347022870751678
2020-06-01,Minimum Variance,IWM,0.0
2020-06-01,Minimum Variance,EFA,0.3
2020-06-01,Minimum Variance,EEM,0.19458814711893266
2020-06-01,Minimum Variance,TLT,0.00549387020518387
2020-06-01,Minimum Variance,IEF,0.0
2020-06-01,Minimum Variance,LQD,1.3676287048521627e-17
2020-06-01,Minimum Variance,GLD,7.303329829463391e-18
2020-06-01,Minimum Variance,VNQ,0.1714746986948616
2020-06-01,Maximum Sharpe,SPY,0.12878439633297215
2020-06-01,Maximum Sharpe,QQQ,0.29999999999985344
2020-06-01,Maximum Sharpe,IWM,0.2712156036675728
2020-06-01,Maximum Sharpe,EFA,0.29999999999960164
2020-06-01,Maximum Sharpe,EEM,0.0
2020-06-01,Maximum Sharpe,TLT,0.0
2020-06-01,Maximum Sharpe,IEF,0.0
2020-06-01,Maximum Sharpe,LQD,0.0
2020-06-01,Maximum Sharpe,GLD,0.0
2020-06-01,Maximum Sharpe,VNQ,0.0
2020-07-01,Equal Weight,SPY,0.1
2020-07-01,Equal Weight,QQQ,0.1
2020-07-01,Equal Weight,IWM,0.1
2020-07-01,Equal Weight,EFA,0.1
2020-07-01,Equal Weight,EEM,0.1
2020-07-01,Equal Weight,TLT,0.1
2020-07-01,Equal Weight,IEF,0.1
2020-07-01,Equal Weight,LQD,0.1
2020-07-01,Equal Weight,GLD,0.1
2020-07-01,Equal Weight,VNQ,0.1
2020-07-01,Minimum Variance,SPY,0.1706439500473892
2020-07-01,Minimum Variance,QQQ,0.1605338013747832
2020-07-01,Minimum Variance,IWM,8.360210862616208e-19
2020-07-01,Minimum Variance,EFA,0.3
2020-07-01,Minimum Variance,EEM,0.1915238864884056
2020-07-01,Minimum Variance,TLT,0.013334498651647467
2020-07-01,Minimum Variance,IEF,2.1497691874530407e-18
2020-07-01,Minimum Variance,LQD,0.0
2020-07-01,Minimum Variance,GLD,6.3387710607775566e-18
2020-07-01,Minimum Variance,VNQ,0.16396386343777455
2020-07-01,Maximum Sharpe,SPY,0.1532545233190784
2020-07-01,Maximum Sharpe,QQQ,0.274897538651086
2020-07-01,Maximum Sharpe,IWM,0.2718479380300677
2020-07-01,Maximum Sharpe,EFA,0.2999999999997648
2020-07-01,Maximum Sharpe,EEM,0.0
2020-07-01,Maximum Sharpe,TLT,5.912859535313738e-16
2020-07-01,Maximum Sharpe,IEF,8.133305576290797e-16
2020-07-01,Maximum Sharpe,LQD,5.912859543585544e-16
2020-07-01,Maximum Sharpe,GLD,1.035375163794737e-15
2020-07-01,Maximum Sharpe,VNQ,0.0
2020-09-01,Equal Weight,SPY,0.1
2020-09-01,Equal Weight,QQQ,0.1
2020-09-01,Equal Weight,IWM,0.1
2020-09-01,Equal Weight,EFA,0.1
2020-09-01,Equal Weight,EEM,0.1
2020-09-01,Equal Weight,TLT,0.1
2020-09-01,Equal Weight,IEF,0.1
2020-09-01,Equal Weight,LQD,0.1
2020-09-01,Equal Weight,GLD,0.1
2020-09-01,Equal Weight,VNQ,0.1
2020-09-01,Minimum Variance,SPY,0.1435837859274377
2020-09-01,Minimum Variance,QQQ,0.1709457363277768
2020-09-01,Minimum Variance,IWM,0.0
2020-09-01,Minimum Variance,EFA,0.3
2020-09-01,Minimum Variance,EEM,0.20201150800292658
2020-09-01,Minimum Variance,TLT,0.03228904124310961
2020-09-01,Minimum Variance,IEF,0.0
2020-09-01,Minimum Variance,LQD,1.9262058616154824e-17
2020-09-01,Minimum Variance,GLD,2.4948190791072942e-17
2020-09-01,Minimum Variance,VNQ,0.15116992849874933
2020-09-01,Maximum Sharpe,SPY,0.15722996470583347
2020-09-01,Maximum Sharpe,QQQ,0.2543306592057437
2020-09-01,Maximum Sharpe,IWM,0.28843937608845954
2020-09-01,Maximum Sharpe,EFA,0.2999999999999633
2020-09-01,Maximum Sharpe,EEM,0.0
2020-09-01,Maximum Sharpe,TLT,0.0
2020-09-01,Maximum Sharpe,IEF,0.0
2020-09-01,Maximum Sharpe,LQD,0.0
2020-09-01,Maximum Sharpe,GLD,0.0
2020-09-01,Maximum Sharpe,VNQ,0.0
2020-10-01,Equal Weight,SPY,0.1
2020-10-01,Equal Weight,QQQ,0.1
2020-10-01,Equal Weight,IWM,0.1
2020-10-01,Equal Weight,EFA,0.1
2020-10-01,Equal Weight,EEM,0.1
2020-10-01,Equal Weight,TLT,0.1
2020-10-01,Equal Weight,IEF,0.1
2020-10-01,Equal Weight,LQD,0.1
2020-10-01,Equal Weight,GLD,0.1
2020-10-01,Equal Weight,VNQ,0.1
2020-10-01,Minimum Variance,SPY,0.14494369468495144
2020-10-01,Minimum Variance,QQQ,0.16988577898759194
2020-10-01,Minimum Variance,IWM,9.282864277706633e-18
2020-10-01,Minimum Variance,EFA,0.30000000000000004
2020-10-01,Minimum Variance,EEM,0.2073646950625962
2020-10-01,Minimum Variance,TLT,0.04514837713248833
2020-10-01,Minimum Variance,IEF,0.0
2020-10-01,Minimum Variance,LQD,2.9859181940134975e-17
2020-10-01,Minimum Variance,GLD,3.064861664697598e-17
2020-10-01,Minimum Variance,VNQ,0.13265745413237204
2020-10-01,Maximum Sharpe,SPY,0.15258520543212384
2020-10-01,Maximum Sharpe,QQQ,0.2770146778472064
2020-10-01,Maximum Sharpe,IWM,0.27040011672079906
2020-10-01,Maximum Sharpe,EFA,0.2999999999998705
2020-10-01,Maximum Sharpe,EEM,0.0
2020-10-01,Maximum Sharpe,TLT,0.0
2020-10-01,Maximum Sharpe,IEF,0.0
2020-10-01,Maximum Sharpe,LQD,0.0
2020-10-01,Maximum Sharpe,GLD,0.0
2020-10-01,Maximum Sharpe,VNQ,0.0
2020-12-01,Equal Weight,SPY,0.1
2020-12-01,Equal Weight,QQQ,0.1
2020-12-01,Equal Weight,IWM,0.1
2020-12-01,Equal Weight,EFA,0.1
2020-12-01,Equal Weight,EEM,0.1
2020-12-01,Equal Weight,TLT,0.1
2020-12-01,Equal Weight,IEF,0.1
2020-12-01,Equal Weight,LQD,0.1
2020-12-01,Equal Weight,GLD,0.1
2020-12-01,Equal Weight,VNQ,0.1
2020-12-01,Minimum Variance,SPY,0.13832544355599347
2020-12-01,Minimum Variance,QQQ,0.16570648545063726
2020-12-01,Minimum Variance,IWM,0.0
2020-12-01,Minimum Variance,EFA,0.3
2020-12-01,Minimum Variance,EEM,0.2206037643008726
2020-12-01,Minimum Variance,TLT,0.06251762531353527
2020-12-01,Minimum Variance,IEF,0.0
2020-12-01,Minimum Variance,LQD,9.687092301273806e-18
2020-12-01,Minimum Variance,GLD,6.068567550603435e-18
2020-12-01,Minimum Variance,VNQ,0.11284668137896138
2020-12-01,Maximum Sharpe,SPY,0.11091149747269392
2020-12-01,Maximum Sharpe,QQQ,0.29941893085152155
2020-12-01,Maximum Sharpe,IWM,0.28966957167578833
2020-12-01,Maximum Sharpe,EFA,0.29999999999999616
2020-12-01,Maximum Sharpe,EEM,0.0
2020-12-01,Maximum Sharpe,TLT,0.0
2020-12-01,Maximum Sharpe,IEF,0.0
2020-12-01,Maximum Sharpe,LQD,0.0
2020-12-01,Maximum Sharpe,GLD,0.0
2020-12-01,Maximum Sharpe,VNQ,0.0
2021-02-01,Equal Weight,SPY,0.1
2021-02-01,Equal Weight,QQQ,0.1
2021-02-01,Equal Weight,IWM,0.1
2021-02-01,Equal Weight,EFA,0.1
2021-02-01,Equal Weight,EEM,0.1
2021-02-01,Equal Weight,TLT,0.1
2021-02-01,Equal Weight,IEF,0.1
2021-02-01,Equal Weight,LQD,0.1
2021-02-01,Equal Weight,GLD,0.1
2021-02-01,Equal Weight,VNQ,0.1
2021-02-01,Minimum Variance,SPY,0.12945398763689078
2021-02-01,Minimum Variance,QQQ,0.16981736113549617
2021-02-01,Minimum Variance,IWM,1.6957599604031093e-18
2021-02-01,Minimum Variance,EFA,0.29999999999999993
2021-02-01,Minimum Variance,EEM,0.2231339015136566
2021-02-01,Minimum Variance,TLT,0.07326168783099545
2021-02-01,Minimum Variance,IEF,3.223616814836735e-17
2021-02-01,Minimum Variance,LQD,7.167169283192262e-18
2021-02-01,Minimum Variance,GLD,0.0
2021-02-01,Minimum Variance,VNQ,0.10433306188296095
2021-02-01,Maximum Sharpe,SPY,0.11712174486963853
2021-02-01,Maximum Sharpe,QQQ,0.2923201045228491
2021-02-01,Maximum Sharpe,IWM,0.29055815060750956
2021-02-01,Maximum Sharpe,EFA,0.29999999999999677
2021-02-01,Maximum Sharpe,EEM,2.6954261271702654e-16
2021-02-01,Maximum Sharpe,TLT,1.4045297043463461e-15
2021-02-01,Maximum Sharpe,IEF,6.813026925527605e-16
2021-02-01,Maximum Sharpe,LQD,2.7722198282342346e-15
2021-02-01,Maximum Sharpe,GLD,0.0
2021-02-01,Maximum Sharpe,VNQ,7.9128208569896915e-16
2021-03-01,Equal Weight,SPY,0.1
2021-03-01,Equal Weight,QQQ,0.1
2021-03-01,Equal Weight,IWM,0.1
2021-03-01,Equal Weight,EFA,0.1
2021-03-01,Equal Weight,EEM,0.1
2021-03-01,Equal Weight,TLT,0.1
2021-03-01,Equal Weight,IEF,0.1
2021-03-01,Equal Weight,LQD,0.1
2021-03-01,Equal Weight,GLD,0.1
2021-03-01,Equal Weight,VNQ,0.1
2021-03-01,Minimum Variance,SPY,0.12949201312959305
2021-03-01,Minimum Variance,QQQ,0.1729551755087894
2021-03-01,Minimum Variance,IWM,0.0
2021-03-01,Minimum Variance,EFA,0.29999999999999993
2021-03-01,Minimum Variance,EEM,0.2106961182595478
2021-03-01,Minimum Variance,TLT,0.08786326548504589
2021-03-01,Minimum Variance,IEF,0.0
2021-03-01,Minimum Variance,LQD,0.0
2021-03-01,Minimum Variance,GLD,0.0
2021-03-01,Minimum Variance,VNQ,0.09899342761702395
2021-03-01,Maximum Sharpe,SPY,0.09350700630368616
2021-03-01,Maximum Sharpe,QQQ,0.2960272501880939
2021-03-01,Maximum Sharpe,IWM,0.29999999999999977
2021-03-01,Maximum Sharpe,EFA,0.29999999999999977
2021-03-01,Maximum Sharpe,EEM,0.0
2021-03-01,Maximum Sharpe,TLT,0.0
2021-03-01,Maximum Sharpe,IEF,0.0
2021-03-01,Maximum Sharpe,LQD,0.0
2021-03-01,Maximum Sharpe,GLD,0.010465743508220412
2021-03-01,Maximum Sharpe,VNQ,0.0
2021-04-01,Equal Weight,SPY,0.1
2021-04-01,Equal Weight,QQQ,0.1
2021-04-01,Equal Weight,IWM,0.1
2021-04-01,Equal Weight,EFA,0.1
2021-04-01,Equal Weight,EEM,0.1
2021-04-01,Equal Weight,TLT,0.1
2021-04-01,Equal Weight,IEF,0.1
2021-04-01,Equal Weight,LQD,0.1
2021-04-01,Equal Weight,GLD,0.1
2021-04-01,Equal Weight,VNQ,0.1
2021-04-01,Minimum Variance,SPY,0.12710375814789993
2021-04-01,Minimum Variance,QQQ,0.16923379314636763
2021-04-01,Minimum Variance,IWM,5.825892611215076e-18
2021-04-01,Minimum Variance,EFA,0.29999999999999993
2021-04-01,Minimum Variance,EEM,0.21641190603525237
2021-04-01,Minimum Variance,TLT,0.09573207845926231
2021-04-01,Minimum Variance,IEF,0.0
2021-04-01,Minimum Variance,LQD,0.0
2021-04-01,Minimum Variance,GLD,4.272277213990148e-18
2021-04-01,Minimum Variance,VNQ,0.09151846421121768
2021-04-01,Maximum Sharpe,SPY,0.12353656715625107
2021-04-01,Maximum Sharpe,QQQ,0.24702141878315498
2021-04-01,Maximum Sharpe,IWM,0.29999999999999993
2021-04-01,Maximum Sharpe,EFA,0.2999999999999998
2021-04-01,Maximum Sharpe,EEM,0.0
2021-04-01,Maximum Sharpe,TLT,0.0
2021-04-01,Maximum Sharpe,IEF,1.1795150842708864e-16
2021-04-01,Maximum Sharpe,LQD,0.0
2021-04-01,Maximum Sharpe,GLD,0.0
2021-04-01,Maximum Sharpe,VNQ,0.029442014060594036
2021-06-01,Equal Weight,SPY,0.1
2021-06-01,Equal Weight,QQQ,0.1
2021-06-01,Equal Weight,IWM,0.1
2021-06-01,Equal Weight,EFA,0.1
2021-06-01,Equal Weight,EEM,0.1
2021-06-01,Equal Weight,TLT,0.1
2021-06-01,Equal Weight,IEF,0.1
2021-06-01,Equal Weight,LQD,0.1
2021-06-01,Equal Weight,GLD,0.1
2021-06-01,Equal Weight,VNQ,0.1
2021-06-01,Minimum Variance,SPY,0.12631161244528058
2021-06-01,Minimum Variance,QQQ,0.1647478274058735
2021-06-01,Minimum Variance,IWM,9.751149167909912e-18
2021-06-01,Minimum Variance,EFA,0.29999999999999993
2021-06-01,Minimum Variance,EEM,0.2288180458765102
2021-06-01,Minimum Variance,TLT,0.08279486323080941
2021-06-01,Minimum Variance,IEF,9.05086467876742e-18
2021-06-01,Minimum Variance,LQD,0.0
2021-06-01,Minimum Variance,GLD,0.0
2021-06-01,Minimum Variance,VNQ,0.09732765104152644
2021-06-01,Maximum Sharpe,SPY,0.22432021652515396
2021-06-01,Maximum Sharpe,QQQ,0.18124034953992688
2021-06-01,Maximum Sharpe,IWM,0.2944394339349185
2021-06-01,Maximum Sharpe,EFA,0.29999999999999954
2021-06-01,Maximum Sharpe,EEM,0.0
2021-06-01,Maximum Sharpe,TLT,2.39273935437931e-16
2021-06-01,Maximum Sharpe,IEF,0.0
2021-06-01,Maximum Sharpe,LQD,1.9717761018288645e-16
2021-06-01,Maximum Sharpe,GLD,0.0
2021-06-01,Maximum Sharpe,VNQ,6.370473771146833e-16
2021-07-01,Equal Weight,SPY,0.1
2021-07-01,Equal Weight,QQQ,0.1
2021-07-01,Equal Weight,IWM,0.1
2021-07-01,Equal Weight,EFA,0.1
2021-07-01,Equal Weight,EEM,0.1
2021-07-01,Equal Weight,TLT,0.1
2021-07-01,Equal Weight,IEF,0.1
2021-07-01,Equal Weight,LQD,0.1
2021-07-01,Equal Weight,GLD,0.1
2021-07-01,Equal Weight,VNQ,0.1
2021-07-01,Minimum Variance,SPY,0.12453538790022954
2021-07-01,Minimum Variance,QQQ,0.16317639981367196
2021-07-01,Minimum Variance,IWM,0.0
2021-07-01,Minimum Variance,EFA,0.3
2021-07-01,Minimum Variance,EEM,0.23226928403572328
2021-07-01,Minimum Variance,TLT,0.08511624485785436
2021-07-01,Minimum Variance,IEF,0.0
2021-07-01,Minimum Variance,LQD,0.0
2021-07-01,Minimum Variance,GLD,0.0
2021-07-01,Minimum Variance,VNQ,0.09490268339252088
2021-07-01,Maximum Sharpe,SPY,0.16283248042169707
2021-07-01,Maximum Sharpe,QQQ,0.2324637955945925
2021-07-01,Maximum Sharpe,IWM,0.2999999999999999
2021-07-01,Maximum Sharpe,EFA,0.29999999999999993
2021-07-01,Maximum Sharpe,EEM,0.0
2021-07-01,Maximum Sharpe,TLT,1.1045753644654319e-16
2021-07-01,Maximum Sharpe,IEF,0.0
2021-07-01,Maximum Sharpe,LQD,2.8930322283358877e-16
2021-07-01,Maximum Sharpe,GLD,3.416107699078235e-17
2021-07-01,Maximum Sharpe,VNQ,0.00470372398371021
2021-09-01,Equal Weight,SPY,0.1
2021-09-01,Equal Weight,QQQ,0.1
2021-09-01,Equal Weight,IWM,0.1
2021-09-01,Equal Weight,EFA,0.1
2021-09-01,Equal Weight,EEM,0.1
2021-09-01,Equal Weight,TLT,0.1
2021-09-01,Equal Weight,IEF,0.1
2021-09-01,Equal Weight,LQD,0.1
2021-09-01,Equal Weight,GLD,0.1
2021-09-01,Equal Weight,VNQ,0.1
2021-09-01,Minimum Variance,SPY,0.12326696138740394
2021-09-01,Minimum Variance,QQQ,0.15977882434840315
2021-09-01,Minimum Variance,IWM,0.0
2021-09-01,Minimum Variance,EFA,0.30000000000000004
2021-09-01,Minimum Variance,EEM,0.23389096786811162
2021-09-01,Minimum Variance,TLT,0.09237718093494968
2021-09-01,Minimum Variance,IEF,1.85144461610845e-17
2021-09-01,Minimum Variance,LQD,0.0
2021-09-01,Minimum Variance,GLD,0.0
2021-09-01,Minimum Variance,VNQ,0.09068606546113153
2021-09-01,Maximum Sharpe,SPY,0.1990525604231852
2021-09-01,Maximum Sharpe,QQQ,0.21226665072830722
2021-09-01,Maximum Sharpe,IWM,0.2886807888485071
2021-09-01,Maximum Sharpe,EFA,0.2999999999999996
2021-09-01,Maximum Sharpe,EEM,1.4497434760378338e-16
2021-09-01,Maximum Sharpe,TLT,2.388793847517105e-16
2021-09-01,Maximum Sharpe,IEF,0.0
2021-09-01,Maximum Sharpe,LQD,5.89136547525362e-16
2021-09-01,Maximum Sharpe,GLD,5.023625355223166e-17
2021-09-01,Maximum Sharpe,VNQ,0.0
2021-10-01,Equal Weight,SPY,0.1
2021-10-01,Equal Weight,QQQ,0.1
2021-10-01,Equal Weight,IWM,0.1
2021-10-01,Equal Weight,EFA,0.1
2021-10-01,Equal Weight,EEM,0.1
2021-10-01,Equal Weight,TLT,0.1
2021-10-01,Equal Weight,IEF,0.1
2021-10-01,Equal Weight,LQD,0.1
2021-10-01,Equal Weight,GLD,0.1
2021-10-01,Equal Weight,VNQ,0.1
2021-10-01,Minimum Variance,SPY,0.12109284662933982
2021-10-01,Minimum Variance,QQQ,0.15490030412179162
2021-10-01,Minimum Variance,IWM,0.0
2021-10-01,Minimum Variance,EFA,0.3
2021-10-01,Minimum Variance,EEM,0.24197185593508383
2021-10-01,Minimum Variance,TLT,0.09456739356770134
2021-10-01,Minimum Variance,IEF,0.0
2021-10-01,Minimum Variance,LQD,4.037170784850809e-18
2021-10-01,Minimum Variance,GLD,2.1169682692489915e-17
2021-10-01,Minimum Variance,VNQ,0.08746759974608337
2021-10-01,Maximum Sharpe,SPY,0.18764041602923442
2021-10-01,Maximum Sharpe,QQQ,0.222828095617535
2021-10-01,Maximum Sharpe,IWM,0.28953148835323017
2021-10-01,Maximum Sharpe,EFA,0.2999999999999999
2021-10-01,Maximum Sharpe,EEM,0.0
2021-10-01,Maximum Sharpe,TLT,4.1821552968499575e-16
2021-10-01,Maximum Sharpe,IEF,4.815361129317014e-17
2021-10-01,Maximum Sharpe,LQD,0.0
2021-10-01,Maximum Sharpe,GLD,0.0
2021-10-01,Maximum Sharpe,VNQ,0.0
2021-11-01,Equal Weight,SPY,0.1
2021-11-01,Equal Weight,QQQ,0.1
2021-11-01,Equal Weight,IWM,0.1
2021-11-01,Equal Weight,EFA,0.1
2021-11-01,Equal Weight,EEM,0.1
2021-11-01,Equal Weight,TLT,0.1
2021-11-01,Equal Weight,IEF,0.1
2021-11-01,Equal Weight,LQD,0.1
2021-11-01,Equal Weight,GLD,0.1
2021-11-01,Equal Weight,VNQ,0.1
2021-11-01,Minimum Variance,SPY,0.1200880113107361
2021-11-01,Minimum Variance,QQQ,0.15702846661363887
2021-11-01,Minimum Variance,IWM,0.0
2021-11-01,Minimum Variance,EFA,0.3
2021-11-01,Minimum Variance,EEM,0.23677888615667933
2021-11-01,Minimum Variance,TLT,0.09741254225831576
2021-11-01,Minimum Variance,IEF,0.0
2021-11-01,Minimum Variance,LQD,3.1587976185480995e-18
2021-11-01,Minimum Variance,GLD,0.0
2021-11-01,Minimum Variance,VNQ,0.08869209366062995
2021-11-01,Maximum Sharpe,SPY,0.11773659495399348
2021-11-01,Maximum Sharpe,QQQ,0.26540472850141544
2021-11-01,Maximum Sharpe,IWM,0.2999999999999999
2021-11-01,Maximum Sharpe,EFA,0.29999999999999977
2021-11-01,Maximum Sharpe,EEM,0.0
2021-11-01,Maximum Sharpe,TLT,0.0
2021-11-01,Maximum Sharpe,IEF,0.0
2021-11-01,Maximum Sharpe,LQD,1.2364012876128931e-16
2021-11-01,Maximum Sharpe,GLD,9.531618113429969e-18
2021-11-01,Maximum Sharpe,VNQ,0.016858676544591295
2021-12-01,Equal Weight,SPY,0.1
2021-12-01,Equal Weight,QQQ,0.1
2021-12-01,Equal Weight,IWM,0.1
2021-12-01,Equal Weight,EFA,0.1
2021-12-01,Equal Weight,EEM,0.1
2021-12-01,Equal Weight,TLT,0.1
2021-12-01,Equal Weight,IEF,0.1
2021-12-01,Equal Weight,LQD,0.1
2021-12-01,Equal Weight,GLD,0.1
2021-12-01,Equal Weight,VNQ,0.1
2021-12-01,Minimum Variance,SPY,0.12203305664113663
2021-12-01,Minimum Variance,QQQ,0.15204415527024448
2021-12-01,Minimum Variance,IWM,9.113650995982646e-18
2021-12-01,Minimum Variance,EFA,0.30000000000000004
2021-12-01,Minimum Variance,EEM,0.23545836480970392
2021-12-01,Minimum Variance,TLT,0.09872488386469341
2021-12-01,Minimum Variance,IEF,5.548065804515668e-20
2021-12-01,Minimum Variance,LQD,0.0
2021-12-01,Minimum Variance,GLD,0.0
2021-12-01,Minimum Variance,VNQ,0.09173953941422157
2021-12-01,Maximum Sharpe,SPY,0.11393760880423343
2021-12-01,Maximum Sharpe,QQQ,0.268784071310343
2021-12-01,Maximum Sharpe,IWM,0.29999999999999993
2021-12-01,Maximum Sharpe,EFA,0.2999999999999998
2021-12-01,Maximum Sharpe,EEM,0.0
2021-12-01,Maximum Sharpe,TLT,2.3454553990286105e-16
2021-12-01,Maximum Sharpe,IEF,2.208205803756699e-16
2021-12-01,Maximum Sharpe,LQD,0.0
2021-12-01,Maximum Sharpe,GLD,0.0
2021-12-01,Maximum Sharpe,VNQ,0.017278319885423363
2022-02-01,Equal Weight,SPY,0.1
2022-02-01,Equal Weight,QQQ,0.1
2022-02-01,Equal Weight,IWM,0.1
2022-02-01,Equal Weight,EFA,0.1
2022-02-01,Equal Weight,EEM,0.1
2022-02-01,Equal Weight,TLT,0.1
2022-02-01,Equal Weight,IEF,0.1
2022-02-01,Equal Weight,LQD,0.1
2022-02-01,Equal Weight,GLD,0.1
2022-02-01,Equal Weight,VNQ,0.1
2022-02-01,Minimum Variance,SPY,0.12257044323646614
2022-02-01,Minimum Variance,QQQ,0.14538847453312687
2022-02-01,Minimum Variance,IWM,0.0
2022-02-01,Minimum Variance,EFA,0.30000000000000004
2022-02-01,Minimum Variance,EEM,0.23970813910530847
2022-02-01,Minimum Variance,TLT,0.09954634548439917
2022-02-01,Minimum Variance,IEF,0.0
2022-02-01,Minimum Variance,LQD,1.1271043912639349e-17
2022-02-01,Minimum Variance,GLD,1.3138766949979237e-18
2022-02-01,Minimum Variance,VNQ,0.09278659764069935
2022-02-01,Maximum Sharpe,SPY,0.12284926799251392
2022-02-01,Maximum Sharpe,QQQ,0.2849068827249979
2022-02-01,Maximum Sharpe,IWM,0.29999999999999993
2022-02-01,Maximum Sharpe,EFA,0.1982191071204698
2022-02-01,Maximum Sharpe,EEM,0.0
2022-02-01,Maximum Sharpe,TLT,8.155074397486792e-18
2022-02-01,Maximum Sharpe,IEF,0.0
2022-02-01,Maximum Sharpe,LQD,1.9602496377779593e-16
2022-02-01,Maximum Sharpe,GLD,1.1112503167714981e-17
2022-02-01,Maximum Sharpe,VNQ,0.09402474216201821
2022-03-01,Equal Weight,SPY,0.1
2022-03-01,Equal Weight,QQQ,0.1
2022-03-01,Equal Weight,IWM,0.1
2022-03-01,Equal Weight,EFA,0.1
2022-03-01,Equal Weight,EEM,0.1
2022-03-01,Equal Weight,TLT,0.1
2022-03-01,Equal Weight,IEF,0.1
2022-03-01,Equal Weight,LQD,0.1
2022-03-01,Equal Weight,GLD,0.1
2022-03-01,Equal Weight,VNQ,0.1
2022-03-01,Minimum Variance,SPY,0.1302836798967127
2022-03-01,Minimum Variance,QQQ,0.1405887047808308
2022-03-01,Minimum Variance,IWM,4.4829218733433845e-18
2022-03-01,Minimum Variance,EFA,0.3
2022-03-01,Minimum Variance,EEM,0.23719653579033637
2022-03-01,Minimum Variance,TLT,0.11014074464252883
2022-03-01,Minimum Variance,IEF,0.0
2022-03-01,Minimum Variance,LQD,4.06361417259974e-17
2022-03-01,Minimum Variance,GLD,9.494392305773453e-18
2022-03-01,Minimum Variance,VNQ,0.0817903348895913
2022-03-01,Maximum Sharpe,SPY,0.26566179817091695
2022-03-01,Maximum Sharpe,QQQ,0.3000000000000001
2022-03-01,Maximum Sharpe,IWM,0.2999999999999997
2022-03-01,Maximum Sharpe,EFA,0.0635959255272647
2022-03-01,Maximum Sharpe,EEM,1.2941758167583336e-16
2022-03-01,Maximum Sharpe,TLT,2.0545752929586484e-16
2022-03-01,Maximum Sharpe,IEF,1.9737413506153944e-16
2022-03-01,Maximum Sharpe,LQD,7.024665122351828e-17
2022-03-01,Maximum Sharpe,GLD,0.0
2022-03-01,Maximum Sharpe,VNQ,0.07074227630181794
2022-04-01,Equal Weight,SPY,0.1
2022-04-01,Equal Weight,QQQ,0.1
2022-04-01,Equal Weight,IWM,0.1
2022-04-01,Equal Weight,EFA,0.1
2022-04-01,Equal Weight,EEM,0.1
2022-04-01,Equal Weight,TLT,0.1
2022-04-01,Equal Weight,IEF,0.1
2022-04-01,Equal Weight,LQD,0.1
2022-04-01,Equal Weight,GLD,0.1
2022-04-01,Equal Weight,VNQ,0.1
2022-04-01,Minimum Variance,SPY,0.14333782384947868
2022-04-01,Minimum Variance,QQQ,0.12833836283132202
2022-04-01,Minimum Variance,IWM,1.9829041295223175e-18
2022-04-01,Minimum Variance,EFA,0.30000000000000004
2022-04-01,Minimum Variance,EEM,0.2392294130336216
2022-04-01,Minimum Variance,TLT,0.10814415641147772
2022-04-01,Minimum Variance,IEF,0.0
2022-04-01,Minimum Variance,LQD,9.878945263826906e-18
2022-04-01,Minimum Variance,GLD,2.3987648314030157e-17
2022-04-01,Minimum Variance,VNQ,0.08095024387410002
2022-04-01,Maximum Sharpe,SPY,0.2999999999999957
2022-04-01,Maximum Sharpe,QQQ,0.26938632740759544
2022-04-01,Maximum Sharpe,IWM,0.2999999999999973
2022-04-01,Maximum Sharpe,EFA,0.0
2022-04-01,Maximum Sharpe,EEM,8.459119398507984e-16
2022-04-01,Maximum Sharpe,TLT,1.810389629674039e-15
2022-04-01,Maximum Sharpe,IEF,1.2571617001630325e-15
2022-04-01,Maximum Sharpe,LQD,3.975773296096984e-15
2022-04-01,Maximum Sharpe,GLD,2.0121875997572128e-15
2022-04-01,Maximum Sharpe,VNQ,0.1306136725924017
2022-06-01,Equal Weight,SPY,0.1
2022-06-01,Equal Weight,QQQ,0.1
2022-06-01,Equal Weight,IWM,0.1
2022-06-01,Equal Weight,EFA,0.1
2022-06-01,Equal Weight,EEM,0.1
2022-06-01,Equal Weight,TLT,0.1
2022-06-01,Equal Weight,IEF,0.1
2022-06-01,Equal Weight,LQD,0.1
2022-06-01,Equal Weight,GLD,0.1
2022-06-01,Equal Weight,VNQ,0.1
2022-06-01,Minimum Variance,SPY,0.160539651731485
2022-06-01,Minimum Variance,QQQ,0.10387699698083143
2022-06-01,Minimum Variance,IWM,0.0
2022-06-01,Minimum Variance,EFA,0.3
2022-06-01,Minimum Variance,EEM,0.2602878241853693
2022-06-01,Minimum Variance,TLT,0.1114693838338948
2022-06-01,Minimum Variance,IEF,2.3148192515805934e-18
2022-06-01,Minimum Variance,LQD,3.873995149238947e-18
2022-06-01,Minimum Variance,GLD,0.0
2022-06-01,Minimum Variance,VNQ,0.06382614326841951
2022-06-01,Maximum Sharpe,SPY,0.2999999999999993
2022-06-01,Maximum Sharpe,QQQ,0.09868934500615308
2022-06-01,Maximum Sharpe,IWM,0.29999999999999966
2022-06-01,Maximum Sharpe,EFA,0.06990442132656775
2022-06-01,Maximum Sharpe,EEM,0.0
2022-06-01,Maximum Sharpe,TLT,2.5879530317615013e-16
2022-06-01,Maximum Sharpe,IEF,0.0
2022-06-01,Maximum Sharpe,LQD,1.7948910674584774e-16
2022-06-01,Maximum Sharpe,GLD,4.8465171563425e-16
2022-06-01,Maximum Sharpe,VNQ,0.23140623366727933
2022-07-01,Equal Weight,SPY,0.1
2022-07-01,Equal Weight,QQQ,0.1
2022-07-01,Equal Weight,IWM,0.1
2022-07-01,Equal Weight,EFA,0.1
2022-07-01,Equal Weight,EEM,0.1
2022-07-01,Equal Weight,TLT,0.1
2022-07-01,Equal Weight,IEF,0.1
2022-07-01,Equal Weight,LQD,0.1
2022-07-01,Equal Weight,GLD,0.1
2022-07-01,Equal Weight,VNQ,0.1
2022-07-01,Minimum Variance,SPY,0.17147857797897126
2022-07-01,Minimum Variance,QQQ,0.08697351764218147
2022-07-01,Minimum Variance,IWM,0.0
2022-07-01,Minimum Variance,EFA,0.3
2022-07-01,Minimum Variance,EEM,0.2771866058170751
2022-07-01,Minimum Variance,TLT,0.11171187901674023
2022-07-01,Minimum Variance,IEF,0.0
2022-07-01,Minimum Variance,LQD,4.3374439646524585e-18
2022-07-01,Minimum Variance,GLD,0.0
2022-07-01,Minimum Variance,VNQ,0.05264941954503202
2022-07-01,Maximum Sharpe,SPY,0.2999999999999971
2022-07-01,Maximum Sharpe,QQQ,0.1000000000000012
2022-07-01,Maximum Sharpe,IWM,0.2999999999999982
2022-07-01,Maximum Sharpe,EFA,0.0
2022-07-01,Maximum Sharpe,EEM,3.675709976265352e-16
2022-07-01,Maximum Sharpe,TLT,2.8822612061238317e-16
2022-07-01,Maximum Sharpe,IEF,2.720502984241689e-15
2022-07-01,Maximum Sharpe,LQD,1.084655511617814e-15
2022-07-01,Maximum Sharpe,GLD,1.2585623460516962e-15
2022-07-01,Maximum Sharpe,VNQ,0.29999999999999777
2022-08-01,Equal Weight,SPY,0.1
2022-08-01,Equal Weight,QQQ,0.1
2022-08-01,Equal Weight,IWM,0.1
2022-08-01,Equal Weight,EFA,0.1
2022-08-01,Equal Weight,EEM,0.1
2022-08-01,Equal Weight,TLT,0.1
2022-08-01,Equal Weight,IEF,0.1
2022-08-01,Equal Weight,LQD,0.1
2022-08-01,Equal Weight,GLD,0.1
2022-08-01,Equal Weight,VNQ,0.1
2022-08-01,Minimum Variance,SPY,0.17803443712441272
2022-08-01,Minimum Variance,QQQ,0.08530453477049857
2022-08-01,Minimum Variance,IWM,0.0
2022-08-01,Minimum Variance,EFA,0.29999999999999993
2022-08-01,Minimum Variance,EEM,0.2739577002595977
2022-08-01,Minimum Variance,TLT,0.11000936256650579
2022-08-01,Minimum Variance,IEF,0.0
2022-08-01,Minimum Variance,LQD,2.7293519142901685e-18
2022-08-01,Minimum Variance,GLD,2.193603575151824e-18
2022-08-01,Minimum Variance,VNQ,0.05269396527898518
2022-08-01,Maximum Sharpe,SPY,0.29999999999999977
2022-08-01,Maximum Sharpe,QQQ,0.09553494448741344
2022-08-01,Maximum Sharpe,IWM,0.29999999999999977
2022-08-01,Maximum Sharpe,EFA,0.015333406242815659
2022-08-01,Maximum Sharpe,EEM,0.0
2022-08-01,Maximum Sharpe,TLT,9.45785659343699e-17
2022-08-01,Maximum Sharpe,IEF,4.1265068779654715e-17
2022-08-01,Maximum Sharpe,LQD,0.0
2022-08-01,Maximum Sharpe,GLD,1.254854709527398e-16
2022-08-01,Maximum Sharpe,VNQ,0.2891316492697711
2022-09-01,Equal Weight,SPY,0.1
2022-09-01,Equal Weight,QQQ,0.1
2022-09-01,Equal Weight,IWM,0.1
2022-09-01,Equal Weight,EFA,0.1
2022-09-01,Equal Weight,EEM,0.1
2022-09-01,Equal Weight,TLT,0.1
2022-09-01,Equal Weight,IEF,0.1
2022-09-01,Equal Weight,LQD,0.1
2022-09-01,Equal Weight,GLD,0.1
2022-09-01,Equal Weight,VNQ,0.1
2022-09-01,Minimum Variance,SPY,0.18922756306298438
2022-09-01,Minimum Variance,QQQ,0.07829784448921336
2022-09-01,Minimum Variance,IWM,9.333032529321507e-18
2022-09-01,Minimum Variance,EFA,0.2999999999999999
2022-09-01,Minimum Variance,EEM,0.2784004102759936
2022-09-01,Minimum Variance,TLT,0.10653028288103233
2022-09-01,Minimum Variance,IEF,3.928931725634888e-17
2022-09-01,Minimum Variance,LQD,0.0023715085605864267
2022-09-01,Minimum Variance,GLD,0.0
2022-09-01,Minimum Variance,VNQ,0.04517239073018988
2022-09-01,Maximum Sharpe,SPY,0.3
2022-09-01,Maximum Sharpe,QQQ,0.0
2022-09-01,Maximum Sharpe,IWM,0.3
2022-09-01,Maximum Sharpe,EFA,0.01610471758218144
2022-09-01,Maximum Sharpe,EEM,0.0
2022-09-01,Maximum Sharpe,TLT,1.0869993186111569e-18
2022-09-01,Maximum Sharpe,IEF,0.0
2022-09-01,Maximum Sharpe,LQD,0.0
2022-09-01,Maximum Sharpe,GLD,0.08389528241781849
2022-09-01,Maximum Sharpe,VNQ,0.3
2022-11-01,Equal Weight,SPY,0.1
2022-11-01,Equal Weight,QQQ,0.1
2022-11-01,Equal Weight,IWM,0.1
2022-11-01,Equal Weight,EFA,0.1
2022-11-01,Equal Weight,EEM,0.1
2022-11-01,Equal Weight,TLT,0.1
2022-11-01,Equal Weight,IEF,0.1
2022-11-01,Equal Weight,LQD,0.1
2022-11-01,Equal Weight,GLD,0.1
2022-11-01,Equal Weight,VNQ,0.1
2022-11-01,Minimum Variance,SPY,0.2041061070431664
2022-11-01,Minimum Variance,QQQ,0.06266036239332999
2022-11-01,Minimum Variance,IWM,0.0
2022-11-01,Minimum Variance,EFA,0.3
2022-11-01,Minimum Variance,EEM,0.3
2022-11-01,Minimum Variance,TLT,0.07627742728382036
2022-11-01,Minimum Variance,IEF,0.0
2022-11-01,Minimum Variance,LQD,0.013890136097757265
2022-11-01,Minimum Variance,GLD,2.2282657440870885e-18
2022-11-01,Minimum Variance,VNQ,0.04306596718192611
2022-11-01,Maximum Sharpe,SPY,0.29999999999999993
2022-11-01,Maximum Sharpe,QQQ,2.766883944183007e-16
2022-11-01,Maximum Sharpe,IWM,0.29999999999999993
2022-11-01,Maximum Sharpe,EFA,0.0
2022-11-01,Maximum Sharpe,EEM,0.0
2022-11-01,Maximum Sharpe,TLT,0.0
2022-11-01,Maximum Sharpe,IEF,0.0
2022-11-01,Maximum Sharpe,LQD,0.0
2022-11-01,Maximum Sharpe,GLD,0.0999999999999999
2022-11-01,Maximum Sharpe,VNQ,0.29999999999999993
2022-12-01,Equal Weight,SPY,0.1
2022-12-01,Equal Weight,QQQ,0.1
2022-12-01,Equal Weight,IWM,0.1
2022-12-01,Equal Weight,EFA,0.1
2022-12-01,Equal Weight,EEM,0.1
2022-12-01,Equal Weight,TLT,0.1
2022-12-01,Equal Weight,IEF,0.1
2022-12-01,Equal Weight,LQD,0.1
2022-12-01,Equal Weight,GLD,0.1
2022-12-01,Equal Weight,VNQ,0.1
2022-12-01,Minimum Variance,SPY,0.2111055935907063
2022-12-01,Minimum Variance,QQQ,0.06337416505137894
2022-12-01,Minimum Variance,IWM,0.0
2022-12-01,Minimum Variance,EFA,0.30000000000000004
2022-12-01,Minimum Variance,EEM,0.30000000000000004
2022-12-01,Minimum Variance,TLT,0.05459873696863257
2022-12-01,Minimum Variance,IEF,0.0
2022-12-01,Minimum Variance,LQD,0.021602550743470405
2022-12-01,Minimum Variance,GLD,4.092969080251187e-18
2022-12-01,Minimum Variance,VNQ,0.0493189536458118
2022-12-01,Maximum Sharpe,SPY,0.2999999999999997
2022-12-01,Maximum Sharpe,QQQ,0.0
2022-12-01,Maximum Sharpe,IWM,0.2999999999999998
2022-12-01,Maximum Sharpe,EFA,7.285838599102589e-17
2022-12-01,Maximum Sharpe,EEM,0.0
2022-12-01,Maximum Sharpe,TLT,1.804112415015879e-16
2022-12-01,Maximum Sharpe,IEF,6.245004513516504e-17
2022-12-01,Maximum Sharpe,LQD,2.810252031082427e-16
2022-12-01,Maximum Sharpe,GLD,0.10000000000000013
2022-12-01,Maximum Sharpe,VNQ,0.29999999999999977
2023-02-01,Equal Weight,SPY,0.1
2023-02-01,Equal Weight,QQQ,0.1
2023-02-01,Equal Weight,IWM,0.1
2023-02-01,Equal Weight,EFA,0.1
2023-02-01,Equal Weight,EEM,0.1
2023-02-01,Equal Weight,TLT,0.1
2023-02-01,Equal Weight,IEF,0.1
2023-02-01,Equal Weight,LQD,0.1
2023-02-01,Equal Weight,GLD,0.1
2023-02-01,Equal Weight,VNQ,0.1
2023-02-01,Minimum Variance,SPY,0.22248853043054098
2023-02-01,Minimum Variance,QQQ,0.05609432072889054
2023-02-01,Minimum Variance,IWM,1.0375306570917925e-17
2023-02-01,Minimum Variance,EFA,0.2999999999999999
2023-02-01,Minimum Variance,EEM,0.3
2023-02-01,Minimum Variance,TLT,0.03661518279806547
2023-02-01,Minimum Variance,IEF,2.9237036240376685e-17
2023-02-01,Minimum Variance,LQD,0.024402320448963837
2023-02-01,Minimum Variance,GLD,0.0
2023-02-01,Minimum Variance,VNQ,0.06039964559353929
2023-02-01,Maximum Sharpe,SPY,0.30000000000000004
2023-02-01,Maximum Sharpe,QQQ,3.798073935208713e-18
2023-02-01,Maximum Sharpe,IWM,0.30000000000000004
2023-02-01,Maximum Sharpe,EFA,0.0
2023-02-01,Maximum Sharpe,EEM,7.607836841022143e-17
2023-02-01,Maximum Sharpe,TLT,0.0
2023-02-01,Maximum Sharpe,IEF,0.0
2023-02-01,Maximum Sharpe,LQD,0.0
2023-02-01,Maximum Sharpe,GLD,0.0999999999999997
2023-02-01,Maximum Sharpe,VNQ,0.30000000000000004
2023-03-01,Equal Weight,SPY,0.1
2023-03-01,Equal Weight,QQQ,0.1
2023-03-01,Equal Weight,IWM,0.1
2023-03-01,Equal Weight,EFA,0.1
2023-03-01,Equal Weight,EEM,0.1
2023-03-01,Equal Weight,TLT,0.1
2023-03-01,Equal Weight,IEF,0.1
2023-03-01,Equal Weight,LQD,0.1
2023-03-01,Equal Weight,GLD,0.1
2023-03-01,Equal Weight,VNQ,0.1
2023-03-01,Minimum Variance,SPY,0.22795795890153436
2023-03-01,Minimum Variance,QQQ,0.05254162949119527
2023-03-01,Minimum Variance,IWM,0.0
2023-03-01,Minimum Variance,EFA,0.30000000000000004
2023-03-01,Minimum Variance,EEM,0.30000000000000004
2023-03-01,Minimum Variance,TLT,0.03749219490645517
2023-03-01,Minimum Variance,IEF,1.2863386444138629e-18
2023-03-01,Minimum Variance,LQD,0.016601998487989496
2023-03-01,Minimum Variance,GLD,0.0
2023-03-01,Minimum Variance,VNQ,0.06540621821282572
2023-03-01,Maximum Sharpe,SPY,0.2999999999999995
2023-03-01,Maximum Sharpe,QQQ,1.0061396160665479e-16
2023-03-01,Maximum Sharpe,IWM,0.29999999999999993
2023-03-01,Maximum Sharpe,EFA,0.0
2023-03-01,Maximum Sharpe,EEM,0.0
2023-03-01,Maximum Sharpe,TLT,3.1571967262777884e-16
2023-03-01,Maximum Sharpe,IEF,0.0
2023-03-01,Maximum Sharpe,LQD,1.9689111452336756e-16
2023-03-01,Maximum Sharpe,GLD,0.10000000000000009
2023-03-01,Maximum Sharpe,VNQ,0.29999999999999993
2023-05-01,Equal Weight,SPY,0.1
2023-05-01,Equal Weight,QQQ,0.1
2023-05-01,Equal Weight,IWM,0.1
2023-05-01,Equal Weight,EFA,0.1
2023-05-01,Equal Weight,EEM,0.1
2023-05-01,Equal Weight,TLT,0.1
2023-05-01,Equal Weight,IEF,0.1
2023-05-01,Equal Weight,LQD,0.1
2023-05-01,Equal Weight,GLD,0.1
2023-05-01,Equal Weight,VNQ,0.1
2023-05-01,Minimum Variance,SPY,0.19643958538840525
2023-05-01,Minimum Variance,QQQ,0.01857727355459161
2023-05-01,Minimum Variance,IWM,0.0
2023-05-01,Minimum Variance,EFA,0.30000000000000004
2023-05-01,Minimum Variance,EEM,0.30000000000000004
2023-05-01,Minimum Variance,TLT,0.10999927832125043
2023-05-01,Minimum Variance,IEF,0.0
2023-05-01,Minimum Variance,LQD,0.020692922540362143
2023-05-01,Minimum Variance,GLD,4.1330099158546735e-17
2023-05-01,Minimum Variance,VNQ,0.05429094019539052
2023-05-01,Maximum Sharpe,SPY,0.22624569758510402
2023-05-01,Maximum Sharpe,QQQ,9.497949844151917e-17
2023-05-01,Maximum Sharpe,IWM,0.17375430241489606
2023-05-01,Maximum Sharpe,EFA,0.0
2023-05-01,Maximum Sharpe,EEM,0.0
2023-05-01,Maximum Sharpe,TLT,0.29999999999999927
2023-05-01,Maximum Sharpe,IEF,0.0
2023-05-01,Maximum Sharpe,LQD,1.9938477952008417e-16
2023-05-01,Maximum Sharpe,GLD,6.964508180232195e-16
2023-05-01,Maximum Sharpe,VNQ,0.29999999999999966
2023-06-01,Equal Weight,SPY,0.1
2023-06-01,Equal Weight,QQQ,0.1
2023-06-01,Equal Weight,IWM,0.1
2023-06-01,Equal Weight,EFA,0.1
2023-06-01,Equal Weight,EEM,0.1
2023-06-01,Equal Weight,TLT,0.1
2023-06-01,Equal Weight,IEF,0.1
2023-06-01,Equal Weight,LQD,0.1
2023-06-01,Equal Weight,GLD,0.1
2023-06-01,Equal Weight,VNQ,0.1
2023-06-01,Minimum Variance,SPY,0.1952701558567311
2023-06-01,Minimum Variance,QQQ,0.012179917488439733
2023-06-01,Minimum Variance,IWM,0.0
2023-06-01,Minimum Variance,EFA,0.30000000000000004
2023-06-01,Minimum Variance,EEM,0.30000000000000004
2023-06-01,Minimum Variance,TLT,0.111595816357813
2023-06-01,Minimum Variance,IEF,0.0
2023-06-01,Minimum Variance,LQD,0.02256116767260179
2023-06-01,Minimum Variance,GLD,0.0
2023-06-01,Minimum Variance,VNQ,0.05839294262441443
2023-06-01,Maximum Sharpe,SPY,0.28271885639470956
2023-06-01,Maximum Sharpe,QQQ,0.0
2023-06-01,Maximum Sharpe,IWM,0.29999999999999954
2023-06-01,Maximum Sharpe,EFA,0.0
2023-06-01,Maximum Sharpe,EEM,5.286438502932493e-18
2023-06-01,Maximum Sharpe,TLT,0.11728114360529092
2023-06-01,Maximum Sharpe,IEF,0.0
2023-06-01,Maximum Sharpe,LQD,1.2773997998423692e-16
2023-06-01,Maximum Sharpe,GLD,3.441801914137601e-17
2023-06-01,Maximum Sharpe,VNQ,0.2999999999999999
2023-08-01,Equal Weight,SPY,0.1
2023-08-01,Equal Weight,QQQ,0.1
2023-08-01,Equal Weight,IWM,0.1
2023-08-01,Equal Weight,EFA,0.1
2023-08-01,Equal Weight,EEM,0.1
2023-08-01,Equal Weight,TLT,0.1
2023-08-01,Equal Weight,IEF,0.1
2023-08-01,Equal Weight,LQD,0.1
2023-08-01,Equal Weight,GLD,0.1
2023-08-01,Equal Weight,VNQ,0.1
2023-08-01,Minimum Variance,SPY,0.19719227137735812
2023-08-01,Minimum Variance,QQQ,0.0
2023-08-01,Minimum Variance,IWM,0.0
2023-08-01,Minimum Variance,EFA,0.3
2023-08-01,Minimum Variance,EEM,0.3
2023-08-01,Minimum Variance,TLT,0.10121649588389414
2023-08-01,Minimum Variance,IEF,0.0
2023-08-01,Minimum Variance,LQD,0.024843770167984842
2023-08-01,Minimum Variance,GLD,2.567191121014806e-17
2023-08-01,Minimum Variance,VNQ,0.07674746257076287
2023-08-01,Maximum Sharpe,SPY,3.3538340588425815e-17
2023-08-01,Maximum Sharpe,QQQ,0.0
2023-08-01,Maximum Sharpe,IWM,0.29999999999999977
2023-08-01,Maximum Sharpe,EFA,0.0
2023-08-01,Maximum Sharpe,EEM,0.0
2023-08-01,Maximum Sharpe,TLT,0.19279300509916072
2023-08-01,Maximum Sharpe,IEF,1.683457780292657e-17
2023-08-01,Maximum Sharpe,LQD,1.0815347336540573e-16
2023-08-01,Maximum Sharpe,GLD,0.2072069949008394
2023-08-01,Maximum Sharpe,VNQ,0.2999999999999999
2023-09-01,Equal Weight,SPY,0.1
2023-09-01,Equal Weight,QQQ,0.1
2023-09-01,Equal Weight,IWM,0.1
2023-09-01,Equal Weight,EFA,0.1
2023-09-01,Equal Weight,EEM,0.1
2023-09-01,Equal Weight,TLT,0.1
2023-09-01,Equal Weight,IEF,0.1
2023-09-01,Equal Weight,LQD,0.1
2023-09-01,Equal Weight,GLD,0.1
2023-09-01,Equal Weight,VNQ,0.1
2023-09-01,Minimum Variance,SPY,0.2131022850593155
2023-09-01,Minimum Variance,QQQ,0.0
2023-09-01,Minimum Variance,IWM,9.211267631684187e-18
2023-09-01,Minimum Variance,EFA,0.3
2023-09-01,Minimum Variance,EEM,0.3
2023-09-01,Minimum Variance,TLT,0.07940180793251174
2023-09-01,Minimum Variance,IEF,0.0
2023-09-01,Minimum Variance,LQD,0.026357491166579393
2023-09-01,Minimum Variance,GLD,0.0
2023-09-01,Minimum Variance,VNQ,0.08113841584159351
2023-09-01,Maximum Sharpe,SPY,0.0
2023-09-01,Maximum Sharpe,QQQ,6.913160529702301e-17
2023-09-01,Maximum Sharpe,IWM,0.3
2023-09-01,Maximum Sharpe,EFA,0.0
2023-09-01,Maximum Sharpe,EEM,4.723548567556644e-18
2023-09-01,Maximum Sharpe,TLT,0.195391161252117
2023-09-01,Maximum Sharpe,IEF,6.92148437226922e-17
2023-09-01,Maximum Sharpe,LQD,0.0
2023-09-01,Maximum Sharpe,GLD,0.20460883874788297
2023-09-01,Maximum Sharpe,VNQ,0.3
2023-11-01,Equal Weight,SPY,0.1
2023-11-01,Equal Weight,QQQ,0.1
2023-11-01,Equal Weight,IWM,0.1
2023-11-01,Equal Weight,EFA,0.1
2023-11-01,Equal Weight,EEM,0.1
2023-11-01,Equal Weight,TLT,0.1
2023-11-01,Equal Weight,IEF,0.1
2023-11-01,Equal Weight,LQD,0.1
2023-11-01,Equal Weight,GLD,0.1
2023-11-01,Equal Weight,VNQ,0.1
2023-11-01,Minimum Variance,SPY,0.20755852877674352
2023-11-01,Minimum Variance,QQQ,2.3138822536619353e-17
2023-11-01,Minimum Variance,IWM,0.0
2023-11-01,Minimum Variance,EFA,0.30000000000000004
2023-11-01,Minimum Variance,EEM,0.3
2023-11-01,Minimum Variance,TLT,0.06911764976365442
2023-11-01,Minimum Variance,IEF,3.258518902844925e-17
2023-11-01,Minimum Variance,LQD,0.024511256038274618
2023-11-01,Minimum Variance,GLD,0.0
2023-11-01,Minimum Variance,VNQ,0.09881256542132746
2023-11-01,Maximum Sharpe,SPY,0.15955631570081838
2023-11-01,Maximum Sharpe,QQQ,0.0
2023-11-01,Maximum Sharpe,IWM,0.2999999999999997
2023-11-01,Maximum Sharpe,EFA,2.333607533421119e-17
2023-11-01,Maximum Sharpe,EEM,0.0
2023-11-01,Maximum Sharpe,TLT,0.24044368429918195
2023-11-01,Maximum Sharpe,IEF,9.32934793600095e-17
2023-11-01,Maximum Sharpe,LQD,1.0004443782874468e-16
2023-11-01,Maximum Sharpe,GLD,0.0
2023-11-01,Maximum Sharpe,VNQ,0.29999999999999977
2023-12-01,Equal Weight,SPY,0.1
2023-12-01,Equal Weight,QQQ,0.1
2023-12-01,Equal Weight,IWM,0.1
2023-12-01,Equal Weight,EFA,0.1
2023-12-01,Equal Weight,EEM,0.1
2023-12-01,Equal Weight,TLT,0.1
2023-12-01,Equal Weight,IEF,0.1
2023-12-01,Equal Weight,LQD,0.1
2023-12-01,Equal Weight,GLD,0.1
2023-12-01,Equal Weight,VNQ,0.1
2023-12-01,Minimum Variance,SPY,0.21557674808844282
2023-12-01,Minimum Variance,QQQ,0.0
2023-12-01,Minimum Variance,IWM,0.0
2023-12-01,Minimum Variance,EFA,0.29999999999999993
2023-12-01,Minimum Variance,EEM,0.29999999999999993
2023-12-01,Minimum Variance,TLT,0.049748919269372686
2023-12-01,Minimum Variance,IEF,0.0
2023-12-01,Minimum Variance,LQD,0.02869008655596841
2023-12-01,Minimum Variance,GLD,2.2747916831461484e-17
2023-12-01,Minimum Variance,VNQ,0.1059842460862161
2023-12-01,Maximum Sharpe,SPY,0.2999999999999965
2023-12-01,Maximum Sharpe,QQQ,4.968001312619419e-16
2023-12-01,Maximum Sharpe,IWM,0.29999999999999954
2023-12-01,Maximum Sharpe,EFA,1.4755300598739555e-16
2023-12-01,Maximum Sharpe,EEM,8.052912736871716e-17
2023-12-01,Maximum Sharpe,TLT,0.10000000000000141
2023-12-01,Maximum Sharpe,IEF,5.2562121322097255e-16
2023-12-01,Maximum Sharpe,LQD,9.133635969322894e-16
2023-12-01,Maximum Sharpe,GLD,1.0848862443626752e-15
2023-12-01,Maximum Sharpe,VNQ,0.2999999999999992
2024-02-01,Equal Weight,SPY,0.1
2024-02-01,Equal Weight,QQQ,0.1
2024-02-01,Equal Weight,IWM,0.1
2024-02-01,Equal Weight,EFA,0.1
2024-02-01,Equal Weight,EEM,0.1
2024-02-01,Equal Weight,TLT,0.1
2024-02-01,Equal Weight,IEF,0.1
2024-02-01,Equal Weight,LQD,0.1
2024-02-01,Equal Weight,GLD,0.1
2024-02-01,Equal Weight,VNQ,0.1
2024-02-01,Minimum Variance,SPY,0.21681663903471238
2024-02-01,Minimum Variance,QQQ,0.0
2024-02-01,Minimum Variance,IWM,6.752546655511282e-18
2024-02-01,Minimum Variance,EFA,0.3
2024-02-01,Minimum Variance,EEM,0.3
2024-02-01,Minimum Variance,TLT,0.02965451640389989
2024-02-01,Minimum Variance,IEF,0.0
2024-02-01,Minimum Variance,LQD,0.037634699819407105
2024-02-01,Minimum Variance,GLD,9.446111427779957e-18
2024-02-01,Minimum Variance,VNQ,0.1158941447419806
2024-02-01,Maximum Sharpe,SPY,0.30000000000000016
2024-02-01,Maximum Sharpe,QQQ,0.0
2024-02-01,Maximum Sharpe,IWM,0.30000000000000016
2024-02-01,Maximum Sharpe,EFA,7.632783294297955e-17
2024-02-01,Maximum Sharpe,EEM,2.775557561562893e-17
2024-02-01,Maximum Sharpe,TLT,0.09999999999999912
2024-02-01,Maximum Sharpe,IEF,4.1633363423443395e-17
2024-02-01,Maximum Sharpe,LQD,2.4633073358870676e-16
2024-02-01,Maximum Sharpe,GLD,1.4571677198205187e-16
2024-02-01,Maximum Sharpe,VNQ,0.3
2024-03-01,Equal Weight,SPY,0.1
2024-03-01,Equal Weight,QQQ,0.1
2024-03-01,Equal Weight,IWM,0.1
2024-03-01,Equal Weight,EFA,0.1
2024-03-01,Equal Weight,EEM,0.1
2024-03-01,Equal Weight,TLT,0.1
2024-03-01,Equal Weight,IEF,0.1
2024-03-01,Equal Weight,LQD,0.1
2024-03-01,Equal Weight,GLD,0.1
2024-03-01,Equal Weight,VNQ,0.1
2024-03-01,Minimum Variance,SPY,0.22021479727659674
2024-03-01,Minimum Variance,QQQ,1.4306386479125136e-17
2024-03-01,Minimum Variance,IWM,2.0396553369883556e-18
2024-03-01,Minimum Variance,EFA,0.30000000000000004
2024-03-01,Minimum Variance,EEM,0.30000000000000004
2024-03-01,Minimum Variance,TLT,0.010638644521284909
2024-03-01,Minimum Variance,IEF,2.5165772379398893e-17
2024-03-01,Minimum Variance,LQD,0.04094508885924385
2024-03-01,Minimum Variance,GLD,0.0
2024-03-01,Minimum Variance,VNQ,0.1282014693428745
2024-03-01,Maximum Sharpe,SPY,0.3
2024-03-01,Maximum Sharpe,QQQ,0.0
2024-03-01,Maximum Sharpe,IWM,0.2999999999999998
2024-03-01,Maximum Sharpe,EFA,2.1510571102112408e-16
2024-03-01,Maximum Sharpe,EEM,0.0
2024-03-01,Maximum Sharpe,TLT,0.09999999999999963
2024-03-01,Maximum Sharpe,IEF,4.163336342344337e-17
2024-03-01,Maximum Sharpe,LQD,1.8735013540549517e-16
2024-03-01,Maximum Sharpe,GLD,0.0
2024-03-01,Maximum Sharpe,VNQ,0.3
2024-04-01,Equal Weight,SPY,0.1
2024-04-01,Equal Weight,QQQ,0.1
2024-04-01,Equal Weight,IWM,0.1
2024-04-01,Equal Weight,EFA,0.1
2024-04-01,Equal Weight,EEM,0.1
2024-04-01,Equal Weight,TLT,0.1
2024-04-01,Equal Weight,IEF,0.1
2024-04-01,Equal Weight,LQD,0.1
2024-04-01,Equal Weight,GLD,0.1
2024-04-01,Equal Weight,VNQ,0.1
2024-04-01,Minimum Variance,SPY,0.2161716906866281
2024-04-01,Minimum Variance,QQQ,0.0
2024-04-01,Minimum Variance,IWM,1.5221481039395547e-18
2024-04-01,Minimum Variance,EFA,0.29999999999999993
2024-04-01,Minimum Variance,EEM,0.29999999999999993
2024-04-01,Minimum Variance,TLT,6.735605996566195e-18
2024-04-01,Minimum Variance,IEF,0.0
2024-04-01,Minimum Variance,LQD,0.053777153766446366
2024-04-01,Minimum Variance,GLD,2.4741984072735142e-18
2024-04-01,Minimum Variance,VNQ,0.1300511555469256
2024-04-01,Maximum Sharpe,SPY,0.29999999999999993
2024-04-01,Maximum Sharpe,QQQ,0.0
2024-04-01,Maximum Sharpe,IWM,0.30000000000000004
2024-04-01,Maximum Sharpe,EFA,0.0
2024-04-01,Maximum Sharpe,EEM,0.0
2024-04-01,Maximum Sharpe,TLT,0.09999999999999988
2024-04-01,Maximum Sharpe,IEF,0.0
2024-04-01,Maximum Sharpe,LQD,0.0
2024-04-01,Maximum Sharpe,GLD,1.665334536937735e-16
2024-04-01,Maximum Sharpe,VNQ,0.3
2024-05-01,Equal Weight,SPY,0.1
2024-05-01,Equal Weight,QQQ,0.1
2024-05-01,Equal Weight,IWM,0.1
2024-05-01,Equal Weight,EFA,0.1
2024-05-01,Equal Weight,EEM,0.1
2024-05-01,Equal Weight,TLT,0.1
2024-05-01,Equal Weight,IEF,0.1
2024-05-01,Equal Weight,LQD,0.1
2024-05-01,Equal Weight,GLD,0.1
2024-05-01,Equal Weight,VNQ,0.1
2024-05-01,Minimum Variance,SPY,0.21777334014535024
2024-05-01,Minimum Variance,QQQ,0.0
2024-05-01,Minimum Variance,IWM,1.184873849410537e-18
2024-05-01,Minimum Variance,EFA,0.3
2024-05-01,Minimum Variance,EEM,0.3
2024-05-01,Minimum Variance,TLT,1.1316360175317453e-18
2024-05-01,Minimum Variance,IEF,3.350862339338012e-17
2024-05-01,Minimum Variance,LQD,0.05404764679660646
2024-05-01,Minimum Variance,GLD,2.8053731213062427e-18
2024-05-01,Minimum Variance,VNQ,0.1281790130580433
2024-05-01,Maximum Sharpe,SPY,0.2999999999999999
2024-05-01,Maximum Sharpe,QQQ,2.7755575615628914e-17
2024-05-01,Maximum Sharpe,IWM,0.3
2024-05-01,Maximum Sharpe,EFA,2.7755575615628914e-16
2024-05-01,Maximum Sharpe,EEM,0.0
2024-05-01,Maximum Sharpe,TLT,0.10000000000000006
2024-05-01,Maximum Sharpe,IEF,1.6653345369377348e-16
2024-05-01,Maximum Sharpe,LQD,0.0
2024-05-01,Maximum Sharpe,GLD,0.0
2024-05-01,Maximum Sharpe,VNQ,0.2999999999999997
2024-07-01,Equal Weight,SPY,0.1
2024-07-01,Equal Weight,QQQ,0.1
2024-07-01,Equal Weight,IWM,0.1
2024-07-01,Equal Weight,EFA,0.1
2024-07-01,Equal Weight,EEM,0.1
2024-07-01,Equal Weight,TLT,0.1
2024-07-01,Equal Weight,IEF,0.1
2024-07-01,Equal Weight,LQD,0.1
2024-07-01,Equal Weight,GLD,0.1
2024-07-01,Equal Weight,VNQ,0.1
2024-07-01,Minimum Variance,SPY,0.21155276617023297
2024-07-01,Minimum Variance,QQQ,0.0
2024-07-01,Minimum Variance,IWM,9.374960660210595e-18
2024-07-01,Minimum Variance,EFA,0.29999999999999993
2024-07-01,Minimum Variance,EEM,0.29999999999999993
2024-07-01,Minimum Variance,TLT,3.4342103813478347e-17
2024-07-01,Minimum Variance,IEF,2.768103671627053e-17
2024-07-01,Minimum Variance,LQD,0.05567704868814739
2024-07-01,Minimum Variance,GLD,0.0
2024-07-01,Minimum Variance,VNQ,0.13277018514161956
2024-07-01,Maximum Sharpe,SPY,0.2999999999999996
2024-07-01,Maximum Sharpe,QQQ,8.881784197001248e-16
2024-07-01,Maximum Sharpe,IWM,0.2999999999999995
2024-07-01,Maximum Sharpe,EFA,3.6082248300317573e-16
2024-07-01,Maximum Sharpe,EEM,0.0
2024-07-01,Maximum Sharpe,TLT,0.10000000000000005
2024-07-01,Maximum Sharpe,IEF,0.0
2024-07-01,Maximum Sharpe,LQD,1.3877787807814452e-16
2024-07-01,Maximum Sharpe,GLD,0.0
2024-07-01,Maximum Sharpe,VNQ,0.2999999999999995
2024-08-01,Equal Weight,SPY,0.1
2024-08-01,Equal Weight,QQQ,0.1
2024-08-01,Equal Weight,IWM,0.1
2024-08-01,Equal Weight,EFA,0.1
2024-08-01,Equal Weight,EEM,0.1
2024-08-01,Equal Weight,TLT,0.1
2024-08-01,Equal Weight,IEF,0.1
2024-08-01,Equal Weight,LQD,0.1
2024-08-01,Equal Weight,GLD,0.1
2024-08-01,Equal Weight,VNQ,0.1
2024-08-01,Minimum Variance,SPY,0.21067913785814668
2024-08-01,Minimum Variance,QQQ,2.885883602942764e-17
2024-08-01,Minimum Variance,IWM,0.0
2024-08-01,Minimum Variance,EFA,0.3
2024-08-01,Minimum Variance,EEM,0.3
2024-08-01,Minimum Variance,TLT,0.0
2024-08-01,Minimum Variance,IEF,0.0
2024-08-01,Minimum Variance,LQD,0.05425038259835849
2024-08-01,Minimum Variance,GLD,2.0663368748268657e-18
2024-08-01,Minimum Variance,VNQ,0.13507047954349494
2024-08-01,Maximum Sharpe,SPY,0.2999999999999999
2024-08-01,Maximum Sharpe,QQQ,0.0
2024-08-01,Maximum Sharpe,IWM,0.29999999999999966
2024-08-01,Maximum Sharpe,EFA,0.0
2024-08-01,Maximum Sharpe,EEM,0.0
2024-08-01,Maximum Sharpe,TLT,0.10000000000000007
2024-08-01,Maximum Sharpe,IEF,0.0
2024-08-01,Maximum Sharpe,LQD,3.910856607287456e-16
2024-08-01,Maximum Sharpe,GLD,4.128641872824799e-16
2024-08-01,Maximum Sharpe,VNQ,0.2999999999999995
2024-10-01,Equal Weight,SPY,0.1
2024-10-01,Equal Weight,QQQ,0.1
2024-10-01,Equal Weight,IWM,0.1
2024-10-01,Equal Weight,EFA,0.1
2024-10-01,Equal Weight,EEM,0.1
2024-10-01,Equal Weight,TLT,0.1
2024-10-01,Equal Weight,IEF,0.1
2024-10-01,Equal Weight,LQD,0.1
2024-10-01,Equal Weight,GLD,0.1
2024-10-01,Equal Weight,VNQ,0.1
2024-10-01,Minimum Variance,SPY,0.2197556723753357
2024-10-01,Minimum Variance,QQQ,0.0
2024-10-01,Minimum Variance,IWM,1.0741118925013376e-17
2024-10-01,Minimum Variance,EFA,0.3
2024-10-01,Minimum Variance,EEM,0.29999999999999993
2024-10-01,Minimum Variance,TLT,0.0
2024-10-01,Minimum Variance,IEF,0.0
2024-10-01,Minimum Variance,LQD,0.041368161464516696
2024-10-01,Minimum Variance,GLD,2.2977886276641032e-18
2024-10-01,Minimum Variance,VNQ,0.13887616616014764
2024-10-01,Maximum Sharpe,SPY,0.2999999999999993
2024-10-01,Maximum Sharpe,QQQ,1.471045507628332e-15
2024-10-01,Maximum Sharpe,IWM,0.2999999999999996
2024-10-01,Maximum Sharpe,EFA,5.5511151231257815e-17
2024-10-01,Maximum Sharpe,EEM,2.775557561562891e-16
2024-10-01,Maximum Sharpe,TLT,0.09999999999999977
2024-10-01,Maximum Sharpe,IEF,0.0
2024-10-01,Maximum Sharpe,LQD,0.0
2024-10-01,Maximum Sharpe,GLD,0.0
2024-10-01,Maximum Sharpe,VNQ,0.29999999999999954
2024-11-01,Equal Weight,SPY,0.1
2024-11-01,Equal Weight,QQQ,0.1
2024-11-01,Equal Weight,IWM,0.1
2024-11-01,Equal Weight,EFA,0.1
2024-11-01,Equal Weight,EEM,0.1
2024-11-01,Equal Weight,TLT,0.1
2024-11-01,Equal Weight,IEF,0.1
2024-11-01,Equal Weight,LQD,0.1
2024-11-01,Equal Weight,GLD,0.1
2024-11-01,Equal Weight,VNQ,0.1
2024-11-01,Minimum Variance,SPY,0.21993426872301938
2024-11-01,Minimum Variance,QQQ,1.3947789786949104e-16
2024-11-01,Minimum Variance,IWM,5.8790968682144885e-18
2024-11-01,Minimum Variance,EFA,0.2999999999999999
2024-11-01,Minimum Variance,EEM,0.3
2024-11-01,Minimum Variance,TLT,9.224294674717737e-18
2024-11-01,Minimum Variance,IEF,1.0500720386670765e-17
2024-11-01,Minimum Variance,LQD,0.04011135839675886
2024-11-01,Minimum Variance,GLD,5.36060682537645e-18
2024-11-01,Minimum Variance,VNQ,0.13995437288022178
2024-11-01,Maximum Sharpe,SPY,0.2999999999999977
2024-11-01,Maximum Sharpe,QQQ,2.911946830143607e-16
2024-11-01,Maximum Sharpe,IWM,0.2999999999999992
2024-11-01,Maximum Sharpe,EFA,0.004510821604529414
2024-11-01,Maximum Sharpe,EEM,5.24001296276214e-16
2024-11-01,Maximum Sharpe,TLT,0.09548917839547089
2024-11-01,Maximum Sharpe,IEF,9.185405846740271e-16
2024-11-01,Maximum Sharpe,LQD,1.1836088439386665e-15
2024-11-01,Maximum Sharpe,GLD,1.361343749448243e-15
2024-11-01,Maximum Sharpe,VNQ,0.2999999999999985
2025-04-01,Equal Weight,SPY,0.1
2025-04-01,Equal Weight,QQQ,0.1
2025-04-01,Equal Weight,IWM,0.1
2025-04-01,Equal Weight,EFA,0.1
2025-04-01,Equal Weight,EEM,0.1
2025-04-01,Equal Weight,TLT,0.1
2025-04-01,Equal Weight,IEF,0.1
2025-04-01,Equal Weight,LQD,0.1
2025-04-01,Equal Weight,GLD,0.1
2025-04-01,Equal Weight,VNQ,0.1
2025-04-01,Minimum Variance,SPY,0.20959287120102543
2025-04-01,Minimum Variance,QQQ,0.0
2025-04-01,Minimum Variance,IWM,0.0
2025-04-01,Minimum Variance,EFA,0.30000000000000004
2025-04-01,Minimum Variance,EEM,0.3
2025-04-01,Minimum Variance,TLT,0.0
2025-04-01,Minimum Variance,IEF,0.0
2025-04-01,Minimum Variance,LQD,0.05255375144930216
2025-04-01,Minimum Variance,GLD,5.23127548224256e-18
2025-04-01,Minimum Variance,VNQ,0.13785337734967257
2025-04-01,Maximum Sharpe,SPY,0.3000000000000001
2025-04-01,Maximum Sharpe,QQQ,0.0
2025-04-01,Maximum Sharpe,IWM,0.15926975617128575
2025-04-01,Maximum Sharpe,EFA,0.0049386196364128295
2025-04-01,Maximum Sharpe,EEM,4.700263484902607e-15
2025-04-01,Maximum Sharpe,TLT,0.23579162419229643
2025-04-01,Maximum Sharpe,IEF,0.0
2025-04-01,Maximum Sharpe,LQD,0.0
2025-04-01,Maximum Sharpe,GLD,0.0
2025-04-01,Maximum Sharpe,VNQ,0.3000000000000001
2025-05-01,Equal Weight,SPY,0.1
2025-05-01,Equal Weight,QQQ,0.1
2025-05-01,Equal Weight,IWM,0.1
2025-05-01,Equal Weight,EFA,0.1
2025-05-01,Equal Weight,EEM,0.1
2025-05-01,Equal Weight,TLT,0.1
2025-05-01,Equal Weight,IEF,0.1
2025-05-01,Equal Weight,LQD,0.1
2025-05-01,Equal Weight,GLD,0.1
2025-05-01,Equal Weight,VNQ,0.1
2025-05-01,Minimum Variance,SPY,0.22811675341789647
2025-05-01,Minimum Variance,QQQ,9.195453794403387e-17
2025-05-01,Minimum Variance,IWM,3.239695180407446e-18
2025-05-01,Minimum Variance,EFA,0.30000000000000004
2025-05-01,Minimum Variance,EEM,0.3
2025-05-01,Minimum Variance,TLT,1.928927546498193e-17
2025-05-01,Minimum Variance,IEF,2.3138193177305475e-17
2025-05-01,Minimum Variance,LQD,0.047300627952009996
2025-05-01,Minimum Variance,GLD,1.557249489243006e-17
2025-05-01,Minimum Variance,VNQ,0.12458261863009339
2025-05-01,Maximum Sharpe,SPY,0.2999999999999997
2025-05-01,Maximum Sharpe,QQQ,0.0
2025-05-01,Maximum Sharpe,IWM,0.2917987978626062
2025-05-01,Maximum Sharpe,EFA,0.19557308928215042
2025-05-01,Maximum Sharpe,EEM,1.6100203727709881e-15
2025-05-01,Maximum Sharpe,TLT,0.1135655302508782
2025-05-01,Maximum Sharpe,IEF,0.0
2025-05-01,Maximum Sharpe,LQD,0.0
2025-05-01,Maximum Sharpe,GLD,0.0
2025-05-01,Maximum Sharpe,VNQ,0.09906258260436378
2025-07-01,Equal Weight,SPY,0.1
2025-07-01,Equal Weight,QQQ,0.1
2025-07-01,Equal Weight,IWM,0.1
2025-07-01,Equal Weight,EFA,0.1
2025-07-01,Equal Weight,EEM,0.1
2025-07-01,Equal Weight,TLT,0.1
2025-07-01,Equal Weight,IEF,0.1
2025-07-01,Equal Weight,LQD,0.1
2025-07-01,Equal Weight,GLD,0.1
2025-07-01,Equal Weight,VNQ,0.1
2025-07-01,Minimum Variance,SPY,0.20297190009612504
2025-07-01,Minimum Variance,QQQ,1.2749624625366454e-16
2025-07-01,Minimum Variance,IWM,0.0
2025-07-01,Minimum Variance,EFA,0.29999999999999993
2025-07-01,Minimum Variance,EEM,0.2999999999999999
2025-07-01,Minimum Variance,TLT,5.580676572984958e-18
2025-07-01,Minimum Variance,IEF,2.272716452425376e-17
2025-07-01,Minimum Variance,LQD,0.044362315647930715
2025-07-01,Minimum Variance,GLD,1.2807138162485021e-18
2025-07-01,Minimum Variance,VNQ,0.15266578425594432
2025-07-01,Maximum Sharpe,SPY,0.2999999999999981
2025-07-01,Maximum Sharpe,QQQ,0.0
2025-07-01,Maximum Sharpe,IWM,0.3
2025-07-01,Maximum Sharpe,EFA,0.07544005775080202
2025-07-01,Maximum Sharpe,EEM,4.119460929414279e-16
2025-07-01,Maximum Sharpe,TLT,0.05666553374469597
2025-07-01,Maximum Sharpe,IEF,6.267046517865556e-16
2025-07-01,Maximum Sharpe,LQD,4.648828778621931e-16
2025-07-01,Maximum Sharpe,GLD,5.582170542515027e-16
2025-07-01,Maximum Sharpe,VNQ,0.26789440850450175
2025-08-01,Equal Weight,SPY,0.1
2025-08-01,Equal Weight,QQQ,0.1
2025-08-01,Equal Weight,IWM,0.1
2025-08-01,Equal Weight,EFA,0.1
2025-08-01,Equal Weight,EEM,0.1
2025-08-01,Equal Weight,TLT,0.1
2025-08-01,Equal Weight,IEF,0.1
2025-08-01,Equal Weight,LQD,0.1
2025-08-01,Equal Weight,GLD,0.1
2025-08-01,Equal Weight,VNQ,0.1
2025-08-01,Minimum Variance,SPY,0.20129993717750322
2025-08-01,Minimum Variance,QQQ,1.3572517133624004e-16
2025-08-01,Minimum Variance,IWM,0.0
2025-08-01,Minimum Variance,EFA,0.29999999999999993
2025-08-01,Minimum Variance,EEM,0.2999999999999999
2025-08-01,Minimum Variance,TLT,8.092219130243867e-18
2025-08-01,Minimum Variance,IEF,2.757092243312747e-17
2025-08-01,Minimum Variance,LQD,0.03914369364602742
2025-08-01,Minimum Variance,GLD,1.6649369479880434e-17
2025-08-01,Minimum Variance,VNQ,0.15955636917646934
2025-08-01,Maximum Sharpe,SPY,0.3000000000000002
2025-08-01,Maximum Sharpe,QQQ,0.0
2025-08-01,Maximum Sharpe,IWM,0.3000000000000002
2025-08-01,Maximum Sharpe,EFA,0.05010724732902831
2025-08-01,Maximum Sharpe,EEM,0.0
2025-08-01,Maximum Sharpe,TLT,0.04989275267097109
2025-08-01,Maximum Sharpe,IEF,0.0
2025-08-01,Maximum Sharpe,LQD,0.0
2025-08-01,Maximum Sharpe,GLD,0.0
2025-08-01,Maximum Sharpe,VNQ,0.3000000000000002
2025-10-01,Equal Weight,SPY,0.1
2025-10-01,Equal Weight,QQQ,0.1
2025-10-01,Equal Weight,IWM,0.1
2025-10-01,Equal Weight,EFA,0.1
2025-10-01,Equal Weight,EEM,0.1
2025-10-01,Equal Weight,TLT,0.1
2025-10-01,Equal Weight,IEF,0.1
2025-10-01,Equal Weight,LQD,0.1
2025-10-01,Equal Weight,GLD,0.1
2025-10-01,Equal Weight,VNQ,0.1
2025-10-01,Minimum Variance,SPY,0.1912132240860718
2025-10-01,Minimum Variance,QQQ,0.0
2025-10-01,Minimum Variance,IWM,1.2101347959185375e-17
2025-10-01,Minimum Variance,EFA,0.3
2025-10-01,Minimum Variance,EEM,0.3
2025-10-01,Minimum Variance,TLT,3.7592804506803544e-17
2025-10-01,Minimum Variance,IEF,0.0
2025-10-01,Minimum Variance,LQD,0.025543073043365568
2025-10-01,Minimum Variance,GLD,1.7768421892790272e-17
2025-10-01,Minimum Variance,VNQ,0.1832437028705626
2025-10-01,Maximum Sharpe,SPY,0.3000000000000002
2025-10-01,Maximum Sharpe,QQQ,1.9456356625401552e-17
2025-10-01,Maximum Sharpe,IWM,0.11365158333068306
2025-10-01,Maximum Sharpe,EFA,0.2081677915589973
2025-10-01,Maximum Sharpe,EEM,0.018658561463116397
2025-10-01,Maximum Sharpe,TLT,0.059522063647202784
2025-10-01,Maximum Sharpe,IEF,0.0
2025-10-01,Maximum Sharpe,LQD,3.977745612627862e-17
2025-10-01,Maximum Sharpe,GLD,0.0
2025-10-01,Maximum Sharpe,VNQ,0.3000000000000002
2025-12-01,Equal Weight,SPY,0.1
2025-12-01,Equal Weight,QQQ,0.1
2025-12-01,Equal Weight,IWM,0.1
2025-12-01,Equal Weight,EFA,0.1
2025-12-01,Equal Weight,EEM,0.1
2025-12-01,Equal Weight,TLT,0.1
2025-12-01,Equal Weight,IEF,0.1
2025-12-01,Equal Weight,LQD,0.1
2025-12-01,Equal Weight,GLD,0.1
2025-12-01,Equal Weight,VNQ,0.1
2025-12-01,Minimum Variance,SPY,0.16339785910486593
2025-12-01,Minimum Variance,QQQ,0.0
2025-12-01,Minimum Variance,IWM,0.0
2025-12-01,Minimum Variance,EFA,0.3
2025-12-01,Minimum Variance,EEM,0.3
2025-12-01,Minimum Variance,TLT,0.011899699038009214
2025-12-01,Minimum Variance,IEF,3.309696538101453e-17
2025-12-01,Minimum Variance,LQD,0.011937480992998262
2025-12-01,Minimum Variance,GLD,0.0
2025-12-01,Minimum Variance,VNQ,0.21276496086412672
2025-12-01,Maximum Sharpe,SPY,0.2999999999999978
2025-12-01,Maximum Sharpe,QQQ,5.986764200863489e-16
2025-12-01,Maximum Sharpe,IWM,0.3000000000000004
2025-12-01,Maximum Sharpe,EFA,0.3000000000000004
2025-12-01,Maximum Sharpe,EEM,0.007599408089661251
2025-12-01,Maximum Sharpe,TLT,1.375517748698772e-15
2025-12-01,Maximum Sharpe,IEF,1.9749218289583308e-16
2025-12-01,Maximum Sharpe,LQD,7.78311839103354e-16
2025-12-01,Maximum Sharpe,GLD,8.508333723093282e-16
2025-12-01,Maximum Sharpe,VNQ,0.09240059191033634
2026-04-01,Equal Weight,SPY,0.1
2026-04-01,Equal Weight,QQQ,0.1
2026-04-01,Equal Weight,IWM,0.1
2026-04-01,Equal Weight,EFA,0.1
2026-04-01,Equal Weight,EEM,0.1
2026-04-01,Equal Weight,TLT,0.1
2026-04-01,Equal Weight,IEF,0.1
2026-04-01,Equal Weight,LQD,0.1
2026-04-01,Equal Weight,GLD,0.1
2026-04-01,Equal Weight,VNQ,0.1
2026-04-01,Minimum Variance,SPY,0.12090722980191156
2026-04-01,Minimum Variance,QQQ,0.029940669501548105
2026-04-01,Minimum Variance,IWM,3.310901533620348e-17
2026-04-01,Minimum Variance,EFA,0.29999999999999993
2026-04-01,Minimum Variance,EEM,0.2999999999999999
2026-04-01,Minimum Variance,TLT,0.0
2026-04-01,Minimum Variance,IEF,0.0
2026-04-01,Minimum Variance,LQD,2.918854360414637e-17
2026-04-01,Minimum Variance,GLD,5.7928583262721585e-18
2026-04-01,Minimum Variance,VNQ,0.24915210069654045
2026-04-01,Maximum Sharpe,SPY,0.3
2026-04-01,Maximum Sharpe,QQQ,3.4890931835956424e-17
2026-04-01,Maximum Sharpe,IWM,0.1283811507756955
2026-04-01,Maximum Sharpe,EFA,0.2716188492243036
2026-04-01,Maximum Sharpe,EEM,9.97389622292336e-17
2026-04-01,Maximum Sharpe,TLT,6.930637035159832e-17
2026-04-01,Maximum Sharpe,IEF,0.0
2026-04-01,Maximum Sharpe,LQD,4.024399223646617e-16
2026-04-01,Maximum Sharpe,GLD,4.166367198500389e-16
2026-04-01,Maximum Sharpe,VNQ,0.2999999999999998
2026-05-01,Equal Weight,SPY,0.1
2026-05-01,Equal Weight,QQQ,0.1
2026-05-01,Equal Weight,IWM,0.1
2026-05-01,Equal Weight,EFA,0.1
2026-05-01,Equal Weight,EEM,0.1
2026-05-01,Equal Weight,TLT,0.1
2026-05-01,Equal Weight,IEF,0.1
2026-05-01,Equal Weight,LQD,0.1
2026-05-01,Equal Weight,GLD,0.1
2026-05-01,Equal Weight,VNQ,0.1
2026-05-01,Minimum Variance,SPY,0.11742776475063615
2026-05-01,Minimum Variance,QQQ,0.038223326332505754
2026-05-01,Minimum Variance,IWM,0.0
2026-05-01,Minimum Variance,EFA,0.3
2026-05-01,Minimum Variance,EEM,0.3
2026-05-01,Minimum Variance,TLT,5.401529104640673e-18
2026-05-01,Minimum Variance,IEF,0.0
2026-05-01,Minimum Variance,LQD,0.0
2026-05-01,Minimum Variance,GLD,1.299899112503812e-17
2026-05-01,Minimum Variance,VNQ,0.2443489089168582
2026-05-01,Maximum Sharpe,SPY,0.29999999999999977
2026-05-01,Maximum Sharpe,QQQ,4.3249090574950255e-17
2026-05-01,Maximum Sharpe,IWM,0.22212112418923557
2026-05-01,Maximum Sharpe,EFA,0.1778788758107646
2026-05-01,Maximum Sharpe,EEM,0.0
2026-05-01,Maximum Sharpe,TLT,6.232220973984195e-17
2026-05-01,Maximum Sharpe,IEF,0.0
2026-05-01,Maximum Sharpe,LQD,7.507754989586265e-17
2026-05-01,Maximum Sharpe,GLD,2.435958432426527e-16
2026-05-01,Maximum Sharpe,VNQ,0.29999999999999977
2026-06-01,Equal Weight,SPY,0.1
2026-06-01,Equal Weight,QQQ,0.1
2026-06-01,Equal Weight,IWM,0.1
2026-06-01,Equal Weight,EFA,0.1
2026-06-01,Equal Weight,EEM,0.1
2026-06-01,Equal Weight,TLT,0.1
2026-06-01,Equal Weight,IEF,0.1
2026-06-01,Equal Weight,LQD,0.1
2026-06-01,Equal Weight,GLD,0.1
2026-06-01,Equal Weight,VNQ,0.1
2026-06-01,Minimum Variance,SPY,0.11286022807578683
2026-06-01,Minimum Variance,QQQ,0.04827606173023451
2026-06-01,Minimum Variance,IWM,0.0
2026-06-01,Minimum Variance,EFA,0.3
2026-06-01,Minimum Variance,EEM,0.3
2026-06-01,Minimum Variance,TLT,0.0
2026-06-01,Minimum Variance,IEF,9.383007473209512e-19
2026-06-01,Minimum Variance,LQD,1.85862322033643e-17
2026-06-01,Minimum Variance,GLD,1.1315089625896571e-17
2026-06-01,Minimum Variance,VNQ,0.23886371019397862
2026-06-01,Maximum Sharpe,SPY,0.29999999999999977
2026-06-01,Maximum Sharpe,QQQ,7.483602864834924e-17
2026-06-01,Maximum Sharpe,IWM,0.19408109243971722
2026-06-01,Maximum Sharpe,EFA,0.16171862397098177
2026-06-01,Maximum Sharpe,EEM,3.405869325049291e-16
2026-06-01,Maximum Sharpe,TLT,8.22009149306378e-17
2026-06-01,Maximum Sharpe,IEF,1.3429777715496966e-16
2026-06-01,Maximum Sharpe,LQD,0.04420028358930064
2026-06-01,Maximum Sharpe,GLD,0.0
2026-06-01,Maximum Sharpe,VNQ,0.3
2026-07-01,Equal Weight,SPY,0.1
2026-07-01,Equal Weight,QQQ,0.1
2026-07-01,Equal Weight,IWM,0.1
2026-07-01,Equal Weight,EFA,0.1
2026-07-01,Equal Weight,EEM,0.1
2026-07-01,Equal Weight,TLT,0.1
2026-07-01,Equal Weight,IEF,0.1
2026-07-01,Equal Weight,LQD,0.1
2026-07-01,Equal Weight,GLD,0.1
2026-07-01,Equal Weight,VNQ,0.1
2026-07-01,Minimum Variance,SPY,0.1039755369816209
2026-07-01,Minimum Variance,QQQ,0.06447831807085629
2026-07-01,Minimum Variance,IWM,3.557030158699709e-17
2026-07-01,Minimum Variance,EFA,0.3
2026-07-01,Minimum Variance,EEM,0.3
2026-07-01,Minimum Variance,TLT,1.7219332784732672e-17
2026-07-01,Minimum Variance,IEF,9.15007341271458e-18
2026-07-01,Minimum Variance,LQD,6.7364530295134506e-18
2026-07-01,Minimum Variance,GLD,0.0
2026-07-01,Minimum Variance,VNQ,0.23154614494752282
2026-07-01,Maximum Sharpe,SPY,0.29999999999999966
2026-07-01,Maximum Sharpe,QQQ,0.0
2026-07-01,Maximum Sharpe,IWM,0.19802392922979445
2026-07-01,Maximum Sharpe,EFA,0.17564601968684246
2026-07-01,Maximum Sharpe,EEM,0.0
2026-07-01,Maximum Sharpe,TLT,0.0
2026-07-01,Maximum Sharpe,IEF,0.0
2026-07-01,Maximum Sharpe,LQD,0.02633005108336324
2026-07-01,Maximum Sharpe,GLD,1.7787959594797996e-16
2026-07-01,Maximum Sharpe,VNQ,0.29999999999999977
