rebalance_date,strategy,asset,estimated_return
2018-02-01,Equal Weight,GLD,0.02003867268856076
2018-02-01,Equal Weight,TLT,-0.007014016414790954
2018-02-01,Equal Weight,QQQ,0.19338212775072183
2018-02-01,Equal Weight,IEF,-0.003138217881203706
2018-02-01,Equal Weight,LQD,0.023481144943445432
2018-02-01,Equal Weight,EFA,0.10115377831681298
2018-02-01,Equal Weight,VNQ,0.026110016863700958
2018-02-01,Equal Weight,EEM,0.12785132712349886
2018-02-01,Equal Weight,IWM,0.12688376799968754
2018-02-01,Equal Weight,SPY,0.14298148289168888
2018-02-01,Minimum Variance,GLD,0.02003867268856076
2018-02-01,Minimum Variance,TLT,-0.007014016414790954
2018-02-01,Minimum Variance,QQQ,0.19338212775072183
2018-02-01,Minimum Variance,IEF,-0.003138217881203706
2018-02-01,Minimum Variance,LQD,0.023481144943445432
2018-02-01,Minimum Variance,EFA,0.10115377831681298
2018-02-01,Minimum Variance,VNQ,0.026110016863700958
2018-02-01,Minimum Variance,EEM,0.12785132712349886
2018-02-01,Minimum Variance,IWM,0.12688376799968754
2018-02-01,Minimum Variance,SPY,0.14298148289168888
2018-02-01,Maximum Sharpe,GLD,0.02003867268856076
2018-02-01,Maximum Sharpe,TLT,-0.007014016414790954
2018-02-01,Maximum Sharpe,QQQ,0.19338212775072183
2018-02-01,Maximum Sharpe,IEF,-0.003138217881203706
2018-02-01,Maximum Sharpe,LQD,0.023481144943445432
2018-02-01,Maximum Sharpe,EFA,0.10115377831681298
2018-02-01,Maximum Sharpe,VNQ,0.026110016863700958
2018-02-01,Maximum Sharpe,EEM,0.12785132712349886
2018-02-01,Maximum Sharpe,IWM,0.12688376799968754
2018-02-01,Maximum Sharpe,SPY,0.14298148289168888
2018-03-01,Equal Weight,GLD,0.033258179939751976
2018-03-01,Equal Weight,TLT,0.0036516646306501144
2018-03-01,Equal Weight,QQQ,0.1668092276196116
2018-03-01,Equal Weight,IEF,0.00204738351147186
2018-03-01,Equal Weight,LQD,0.020688170792123175
2018-03-01,Equal Weight,EFA,0.06469040457576293
2018-03-01,Equal Weight,VNQ,0.012288150009266696
2018-03-01,Equal Weight,EEM,0.0943085117720681
2018-03-01,Equal Weight,IWM,0.09512718733792519
2018-03-01,Equal Weight,SPY,0.11321647592582977
2018-03-01,Minimum Variance,GLD,0.033258179939751976
2018-03-01,Minimum Variance,TLT,0.0036516646306501144
2018-03-01,Minimum Variance,QQQ,0.1668092276196116
2018-03-01,Minimum Variance,IEF,0.00204738351147186
2018-03-01,Minimum Variance,LQD,0.020688170792123175
2018-03-01,Minimum Variance,EFA,0.06469040457576293
2018-03-01,Minimum Variance,VNQ,0.012288150009266696
2018-03-01,Minimum Variance,EEM,0.0943085117720681
2018-03-01,Minimum Variance,IWM,0.09512718733792519
2018-03-01,Minimum Variance,SPY,0.11321647592582977
2018-03-01,Maximum Sharpe,GLD,0.033258179939751976
2018-03-01,Maximum Sharpe,TLT,0.0036516646306501144
2018-03-01,Maximum Sharpe,QQQ,0.1668092276196116
2018-03-01,Maximum Sharpe,IEF,0.00204738351147186
2018-03-01,Maximum Sharpe,LQD,0.020688170792123175
2018-03-01,Maximum Sharpe,EFA,0.06469040457576293
2018-03-01,Maximum Sharpe,VNQ,0.012288150009266696
2018-03-01,Maximum Sharpe,EEM,0.0943085117720681
2018-03-01,Maximum Sharpe,IWM,0.09512718733792519
2018-03-01,Maximum Sharpe,SPY,0.11321647592582977
2018-05-01,Equal Weight,GLD,0.03967964094858482
2018-05-01,Equal Weight,TLT,0.0136072223470177
2018-05-01,Equal Weight,QQQ,0.15761940141462624
2018-05-01,Equal Weight,IEF,0.0008021862179494425
2018-05-01,Equal Weight,LQD,0.02055306582488595
2018-05-01,Equal Weight,EFA,0.05964729062861938
2018-05-01,Equal Weight,VNQ,0.04180767257115862
2018-05-01,Equal Weight,EEM,0.06975047800599429
2018-05-01,Equal Weight,IWM,0.10572560602080645
2018-05-01,Equal Weight,SPY,0.10838369331713694
2018-05-01,Minimum Variance,GLD,0.03967964094858482
2018-05-01,Minimum Variance,TLT,0.0136072223470177
2018-05-01,Minimum Variance,QQQ,0.15761940141462624
2018-05-01,Minimum Variance,IEF,0.0008021862179494425
2018-05-01,Minimum Variance,LQD,0.02055306582488595
2018-05-01,Minimum Variance,EFA,0.05964729062861938
2018-05-01,Minimum Variance,VNQ,0.04180767257115862
2018-05-01,Minimum Variance,EEM,0.06975047800599429
2018-05-01,Minimum Variance,IWM,0.10572560602080645
2018-05-01,Minimum Variance,SPY,0.10838369331713694
2018-05-01,Maximum Sharpe,GLD,0.03967964094858482
2018-05-01,Maximum Sharpe,TLT,0.0136072223470177
2018-05-01,Maximum Sharpe,QQQ,0.15761940141462624
2018-05-01,Maximum Sharpe,IEF,0.0008021862179494425
2018-05-01,Maximum Sharpe,LQD,0.02055306582488595
2018-05-01,Maximum Sharpe,EFA,0.05964729062861938
2018-05-01,Maximum Sharpe,VNQ,0.04180767257115862
2018-05-01,Maximum Sharpe,EEM,0.06975047800599429
2018-05-01,Maximum Sharpe,IWM,0.10572560602080645
2018-05-01,Maximum Sharpe,SPY,0.10838369331713694
2018-06-01,Equal Weight,GLD,0.033634483078624114
2018-06-01,Equal Weight,TLT,0.027903947653985045
2018-06-01,Equal Weight,QQQ,0.1681345338647284
2018-06-01,Equal Weight,IEF,0.00543006136509869
2018-06-01,Equal Weight,LQD,0.025945262257557545
2018-06-01,Equal Weight,EFA,0.0523542131299583
2018-06-01,Equal Weight,VNQ,0.05459387067185995
2018-06-01,Equal Weight,EEM,0.0748186197155535
2018-06-01,Equal Weight,IWM,0.1180094095751129
2018-06-01,Equal Weight,SPY,0.11184838502845952
2018-06-01,Minimum Variance,GLD,0.033634483078624114
2018-06-01,Minimum Variance,TLT,0.027903947653985045
2018-06-01,Minimum Variance,QQQ,0.1681345338647284
2018-06-01,Minimum Variance,IEF,0.00543006136509869
2018-06-01,Minimum Variance,LQD,0.025945262257557545
2018-06-01,Minimum Variance,EFA,0.0523542131299583
2018-06-01,Minimum Variance,VNQ,0.05459387067185995
2018-06-01,Minimum Variance,EEM,0.0748186197155535
2018-06-01,Minimum Variance,IWM,0.1180094095751129
2018-06-01,Minimum Variance,SPY,0.11184838502845952
2018-06-01,Maximum Sharpe,GLD,0.033634483078624114
2018-06-01,Maximum Sharpe,TLT,0.027903947653985045
2018-06-01,Maximum Sharpe,QQQ,0.1681345338647284
2018-06-01,Maximum Sharpe,IEF,0.00543006136509869
2018-06-01,Maximum Sharpe,LQD,0.025945262257557545
2018-06-01,Maximum Sharpe,EFA,0.0523542131299583
2018-06-01,Maximum Sharpe,VNQ,0.05459387067185995
2018-06-01,Maximum Sharpe,EEM,0.0748186197155535
2018-06-01,Maximum Sharpe,IWM,0.1180094095751129
2018-06-01,Maximum Sharpe,SPY,0.11184838502845952
2018-08-01,Equal Weight,GLD,0.041667516034840195
2018-08-01,Equal Weight,TLT,0.023654375854925514
2018-08-01,Equal Weight,QQQ,0.17513792413799992
2018-08-01,Equal Weight,IEF,0.004671356332417993
2018-08-01,Equal Weight,LQD,0.03234024151540887
2018-08-01,Equal Weight,EFA,0.059806957758491576
2018-08-01,Equal Weight,VNQ,0.06759767558495282
2018-08-01,Equal Weight,EEM,0.10238109917543427
2018-08-01,Equal Weight,IWM,0.12681544208410558
2018-08-01,Equal Weight,SPY,0.12542642587547162
2018-08-01,Minimum Variance,GLD,0.041667516034840195
2018-08-01,Minimum Variance,TLT,0.023654375854925514
2018-08-01,Minimum Variance,QQQ,0.17513792413799992
2018-08-01,Minimum Variance,IEF,0.004671356332417993
2018-08-01,Minimum Variance,LQD,0.03234024151540887
2018-08-01,Minimum Variance,EFA,0.059806957758491576
2018-08-01,Minimum Variance,VNQ,0.06759767558495282
2018-08-01,Minimum Variance,EEM,0.10238109917543427
2018-08-01,Minimum Variance,IWM,0.12681544208410558
2018-08-01,Minimum Variance,SPY,0.12542642587547162
2018-08-01,Maximum Sharpe,GLD,0.041667516034840195
2018-08-01,Maximum Sharpe,TLT,0.023654375854925514
2018-08-01,Maximum Sharpe,QQQ,0.17513792413799992
2018-08-01,Maximum Sharpe,IEF,0.004671356332417993
2018-08-01,Maximum Sharpe,LQD,0.03234024151540887
2018-08-01,Maximum Sharpe,EFA,0.059806957758491576
2018-08-01,Maximum Sharpe,VNQ,0.06759767558495282
2018-08-01,Maximum Sharpe,EEM,0.10238109917543427
2018-08-01,Maximum Sharpe,IWM,0.12681544208410558
2018-08-01,Maximum Sharpe,SPY,0.12542642587547162
2018-10-01,Equal Weight,GLD,0.025949222092914323
2018-10-01,Equal Weight,TLT,0.013572985924013707
2018-10-01,Equal Weight,QQQ,0.22207439276041224
2018-10-01,Equal Weight,IEF,-0.0015792112959488135
2018-10-01,Equal Weight,LQD,0.030710539385203513
2018-10-01,Equal Weight,EFA,0.09514947506873067
2018-10-01,Equal Weight,VNQ,0.07771054697497591
2018-10-01,Equal Weight,EEM,0.12757234709956106
2018-10-01,Equal Weight,IWM,0.1705471000537333
2018-10-01,Equal Weight,SPY,0.16596381091080792
2018-10-01,Minimum Variance,GLD,0.025949222092914323
2018-10-01,Minimum Variance,TLT,0.013572985924013707
2018-10-01,Minimum Variance,QQQ,0.22207439276041224
2018-10-01,Minimum Variance,IEF,-0.0015792112959488135
2018-10-01,Minimum Variance,LQD,0.030710539385203513
2018-10-01,Minimum Variance,EFA,0.09514947506873067
2018-10-01,Minimum Variance,VNQ,0.07771054697497591
2018-10-01,Minimum Variance,EEM,0.12757234709956106
2018-10-01,Minimum Variance,IWM,0.1705471000537333
2018-10-01,Minimum Variance,SPY,0.16596381091080792
2018-10-01,Maximum Sharpe,GLD,0.025949222092914323
2018-10-01,Maximum Sharpe,TLT,0.013572985924013707
2018-10-01,Maximum Sharpe,QQQ,0.22207439276041224
2018-10-01,Maximum Sharpe,IEF,-0.0015792112959488135
2018-10-01,Maximum Sharpe,LQD,0.030710539385203513
2018-10-01,Maximum Sharpe,EFA,0.09514947506873067
2018-10-01,Maximum Sharpe,VNQ,0.07771054697497591
2018-10-01,Maximum Sharpe,EEM,0.12757234709956106
2018-10-01,Maximum Sharpe,IWM,0.1705471000537333
2018-10-01,Maximum Sharpe,SPY,0.16596381091080792
2018-11-01,Equal Weight,GLD,0.025311397919168782
2018-11-01,Equal Weight,TLT,0.004992094128151996
2018-11-01,Equal Weight,QQQ,0.15725488530194737
2018-11-01,Equal Weight,IEF,-0.0004716723252213943
2018-11-01,Equal Weight,LQD,0.021853436791298912
2018-11-01,Equal Weight,EFA,0.045579224145448585
2018-11-01,Equal Weight,VNQ,0.04941600534466599
2018-11-01,Equal Weight,EEM,0.07670979865921199
2018-11-01,Equal Weight,IWM,0.11364865193635276
2018-11-01,Equal Weight,SPY,0.11514442465885093
2018-11-01,Minimum Variance,GLD,0.025311397919168782
2018-11-01,Minimum Variance,TLT,0.004992094128151996
2018-11-01,Minimum Variance,QQQ,0.15725488530194737
2018-11-01,Minimum Variance,IEF,-0.0004716723252213943
2018-11-01,Minimum Variance,LQD,0.021853436791298912
2018-11-01,Minimum Variance,EFA,0.045579224145448585
2018-11-01,Minimum Variance,VNQ,0.04941600534466599
2018-11-01,Minimum Variance,EEM,0.07670979865921199
2018-11-01,Minimum Variance,IWM,0.11364865193635276
2018-11-01,Minimum Variance,SPY,0.11514442465885093
2018-11-01,Maximum Sharpe,GLD,0.025311397919168782
2018-11-01,Maximum Sharpe,TLT,0.004992094128151996
2018-11-01,Maximum Sharpe,QQQ,0.15725488530194737
2018-11-01,Maximum Sharpe,IEF,-0.0004716723252213943
2018-11-01,Maximum Sharpe,LQD,0.021853436791298912
2018-11-01,Maximum Sharpe,EFA,0.045579224145448585
2018-11-01,Maximum Sharpe,VNQ,0.04941600534466599
2018-11-01,Maximum Sharpe,EEM,0.07670979865921199
2018-11-01,Maximum Sharpe,IWM,0.11364865193635276
2018-11-01,Maximum Sharpe,SPY,0.11514442465885093
2019-02-01,Equal Weight,GLD,0.05867765710697307
2019-02-01,Equal Weight,TLT,0.016587821934716626
2019-02-01,Equal Weight,QQQ,0.18392667888865244
2019-02-01,Equal Weight,IEF,0.007295769864825946
2019-02-01,Equal Weight,LQD,0.041523753918738956
2019-02-01,Equal Weight,EFA,0.07930506471026148
2019-02-01,Equal Weight,VNQ,0.08198084949520365
2019-02-01,Equal Weight,EEM,0.151985172196628
2019-02-01,Equal Weight,IWM,0.14963214035427178
2019-02-01,Equal Weight,SPY,0.1385711021943951
2019-02-01,Minimum Variance,GLD,0.05867765710697307
2019-02-01,Minimum Variance,TLT,0.016587821934716626
2019-02-01,Minimum Variance,QQQ,0.18392667888865244
2019-02-01,Minimum Variance,IEF,0.007295769864825946
2019-02-01,Minimum Variance,LQD,0.041523753918738956
2019-02-01,Minimum Variance,EFA,0.07930506471026148
2019-02-01,Minimum Variance,VNQ,0.08198084949520365
2019-02-01,Minimum Variance,EEM,0.151985172196628
2019-02-01,Minimum Variance,IWM,0.14963214035427178
2019-02-01,Minimum Variance,SPY,0.1385711021943951
2019-02-01,Maximum Sharpe,GLD,0.05867765710697307
2019-02-01,Maximum Sharpe,TLT,0.016587821934716626
2019-02-01,Maximum Sharpe,QQQ,0.18392667888865244
2019-02-01,Maximum Sharpe,IEF,0.007295769864825946
2019-02-01,Maximum Sharpe,LQD,0.041523753918738956
2019-02-01,Maximum Sharpe,EFA,0.07930506471026148
2019-02-01,Maximum Sharpe,VNQ,0.08198084949520365
2019-02-01,Maximum Sharpe,EEM,0.151985172196628
2019-02-01,Maximum Sharpe,IWM,0.14963214035427178
2019-02-01,Maximum Sharpe,SPY,0.1385711021943951
2019-03-01,Equal Weight,GLD,0.02572324934083579
2019-03-01,Equal Weight,TLT,0.0030876462581667353
2019-03-01,Equal Weight,QQQ,0.19544458533033154
2019-03-01,Equal Weight,IEF,0.0011410956307132125
2019-03-01,Equal Weight,LQD,0.037564386273626
2019-03-01,Equal Weight,EFA,0.0965718372379299
2019-03-01,Equal Weight,VNQ,0.08377309334628043
2019-03-01,Equal Weight,EEM,0.15179659267821172
2019-03-01,Equal Weight,IWM,0.16531113987101456
2019-03-01,Equal Weight,SPY,0.1465079227658322
2019-03-01,Minimum Variance,GLD,0.02572324934083579
2019-03-01,Minimum Variance,TLT,0.0030876462581667353
2019-03-01,Minimum Variance,QQQ,0.19544458533033154
2019-03-01,Minimum Variance,IEF,0.0011410956307132125
2019-03-01,Minimum Variance,LQD,0.037564386273626
2019-03-01,Minimum Variance,EFA,0.0965718372379299
2019-03-01,Minimum Variance,VNQ,0.08377309334628043
2019-03-01,Minimum Variance,EEM,0.15179659267821172
2019-03-01,Minimum Variance,IWM,0.16531113987101456
2019-03-01,Minimum Variance,SPY,0.1465079227658322
2019-03-01,Maximum Sharpe,GLD,0.02572324934083579
2019-03-01,Maximum Sharpe,TLT,0.0030876462581667353
2019-03-01,Maximum Sharpe,QQQ,0.19544458533033154
2019-03-01,Maximum Sharpe,IEF,0.0011410956307132125
2019-03-01,Maximum Sharpe,LQD,0.037564386273626
2019-03-01,Maximum Sharpe,EFA,0.0965718372379299
2019-03-01,Maximum Sharpe,VNQ,0.08377309334628043
2019-03-01,Maximum Sharpe,EEM,0.15179659267821172
2019-03-01,Maximum Sharpe,IWM,0.16531113987101456
2019-03-01,Maximum Sharpe,SPY,0.1465079227658322
2019-04-01,Equal Weight,GLD,0.020081655335493692
2019-04-01,Equal Weight,TLT,0.022355286409966698
2019-04-01,Equal Weight,QQQ,0.18890949078329985
2019-04-01,Equal Weight,IEF,0.010763918402224966
2019-04-01,Equal Weight,LQD,0.03647787522036704
2019-04-01,Equal Weight,EFA,0.07692002636740584
2019-04-01,Equal Weight,VNQ,0.0675156413038454
2019-04-01,Equal Weight,EEM,0.11155270217512568
2019-04-01,Equal Weight,IWM,0.13503147581443312
2019-04-01,Equal Weight,SPY,0.13274726450103203
2019-04-01,Minimum Variance,GLD,0.020081655335493692
2019-04-01,Minimum Variance,TLT,0.022355286409966698
2019-04-01,Minimum Variance,QQQ,0.18890949078329985
2019-04-01,Minimum Variance,IEF,0.010763918402224966
2019-04-01,Minimum Variance,LQD,0.03647787522036704
2019-04-01,Minimum Variance,EFA,0.07692002636740584
2019-04-01,Minimum Variance,VNQ,0.0675156413038454
2019-04-01,Minimum Variance,EEM,0.11155270217512568
2019-04-01,Minimum Variance,IWM,0.13503147581443312
2019-04-01,Minimum Variance,SPY,0.13274726450103203
2019-04-01,Maximum Sharpe,GLD,0.020081655335493692
2019-04-01,Maximum Sharpe,TLT,0.022355286409966698
2019-04-01,Maximum Sharpe,QQQ,0.18890949078329985
2019-04-01,Maximum Sharpe,IEF,0.010763918402224966
2019-04-01,Maximum Sharpe,LQD,0.03647787522036704
2019-04-01,Maximum Sharpe,EFA,0.07692002636740584
2019-04-01,Maximum Sharpe,VNQ,0.0675156413038454
2019-04-01,Maximum Sharpe,EEM,0.11155270217512568
2019-04-01,Maximum Sharpe,IWM,0.13503147581443312
2019-04-01,Maximum Sharpe,SPY,0.13274726450103203
2019-05-01,Equal Weight,GLD,-0.0006133363767778053
2019-05-01,Equal Weight,TLT,0.01572541704299961
2019-05-01,Equal Weight,QQQ,0.21821427423698436
2019-05-01,Equal Weight,IEF,0.008345575286251673
2019-05-01,Equal Weight,LQD,0.03149634376035605
2019-05-01,Equal Weight,EFA,0.08228533436146337
2019-05-01,Equal Weight,VNQ,0.07302854030803992
2019-05-01,Equal Weight,EEM,0.11808289860554129
2019-05-01,Equal Weight,IWM,0.13980584345920916
2019-05-01,Equal Weight,SPY,0.14572585808087538
2019-05-01,Minimum Variance,GLD,-0.0006133363767778053
2019-05-01,Minimum Variance,TLT,0.01572541704299961
2019-05-01,Minimum Variance,QQQ,0.21821427423698436
2019-05-01,Minimum Variance,IEF,0.008345575286251673
2019-05-01,Minimum Variance,LQD,0.03149634376035605
2019-05-01,Minimum Variance,EFA,0.08228533436146337
2019-05-01,Minimum Variance,VNQ,0.07302854030803992
2019-05-01,Minimum Variance,EEM,0.11808289860554129
2019-05-01,Minimum Variance,IWM,0.13980584345920916
2019-05-01,Minimum Variance,SPY,0.14572585808087538
2019-05-01,Maximum Sharpe,GLD,-0.0006133363767778053
2019-05-01,Maximum Sharpe,TLT,0.01572541704299961
2019-05-01,Maximum Sharpe,QQQ,0.21821427423698436
2019-05-01,Maximum Sharpe,IEF,0.008345575286251673
2019-05-01,Maximum Sharpe,LQD,0.03149634376035605
2019-05-01,Maximum Sharpe,EFA,0.08228533436146337
2019-05-01,Maximum Sharpe,VNQ,0.07302854030803992
2019-05-01,Maximum Sharpe,EEM,0.11808289860554129
2019-05-01,Maximum Sharpe,IWM,0.13980584345920916
2019-05-01,Maximum Sharpe,SPY,0.14572585808087538
2019-07-01,Equal Weight,GLD,0.024448652246751815
2019-07-01,Equal Weight,TLT,0.016867328363775407
2019-07-01,Equal Weight,QQQ,0.2114065665593791
2019-07-01,Equal Weight,IEF,0.013285390432644961
2019-07-01,Equal Weight,LQD,0.04035526107847973
2019-07-01,Equal Weight,EFA,0.09577787376103214
2019-07-01,Equal Weight,VNQ,0.05220201105245757
2019-07-01,Equal Weight,EEM,0.11284616393102977
2019-07-01,Equal Weight,IWM,0.1336470929907659
2019-07-01,Equal Weight,SPY,0.14381391852433037
2019-07-01,Minimum Variance,GLD,0.024448652246751815
2019-07-01,Minimum Variance,TLT,0.016867328363775407
2019-07-01,Minimum Variance,QQQ,0.2114065665593791
2019-07-01,Minimum Variance,IEF,0.013285390432644961
2019-07-01,Minimum Variance,LQD,0.04035526107847973
2019-07-01,Minimum Variance,EFA,0.09577787376103214
2019-07-01,Minimum Variance,VNQ,0.05220201105245757
2019-07-01,Minimum Variance,EEM,0.11284616393102977
2019-07-01,Minimum Variance,IWM,0.1336470929907659
2019-07-01,Minimum Variance,SPY,0.14381391852433037
2019-07-01,Maximum Sharpe,GLD,0.024448652246751815
2019-07-01,Maximum Sharpe,TLT,0.016867328363775407
2019-07-01,Maximum Sharpe,QQQ,0.2114065665593791
2019-07-01,Maximum Sharpe,IEF,0.013285390432644961
2019-07-01,Maximum Sharpe,LQD,0.04035526107847973
2019-07-01,Maximum Sharpe,EFA,0.09577787376103214
2019-07-01,Maximum Sharpe,VNQ,0.05220201105245757
2019-07-01,Maximum Sharpe,EEM,0.11284616393102977
2019-07-01,Maximum Sharpe,IWM,0.1336470929907659
2019-07-01,Maximum Sharpe,SPY,0.14381391852433037
2019-08-01,Equal Weight,GLD,0.01631447200547532
2019-08-01,Equal Weight,TLT,0.009415625576614281
2019-08-01,Equal Weight,QQQ,0.19197947015120828
2019-08-01,Equal Weight,IEF,0.011824188698221792
2019-08-01,Equal Weight,LQD,0.03569736840246353
2019-08-01,Equal Weight,EFA,0.07094359545760168
2019-08-01,Equal Weight,VNQ,0.04040242429187175
2019-08-01,Equal Weight,EEM,0.0826536253839226
2019-08-01,Equal Weight,IWM,0.11045629135309463
2019-08-01,Equal Weight,SPY,0.1321425439835459
2019-08-01,Minimum Variance,GLD,0.01631447200547532
2019-08-01,Minimum Variance,TLT,0.009415625576614281
2019-08-01,Minimum Variance,QQQ,0.19197947015120828
2019-08-01,Minimum Variance,IEF,0.011824188698221792
2019-08-01,Minimum Variance,LQD,0.03569736840246353
2019-08-01,Minimum Variance,EFA,0.07094359545760168
2019-08-01,Minimum Variance,VNQ,0.04040242429187175
2019-08-01,Minimum Variance,EEM,0.0826536253839226
2019-08-01,Minimum Variance,IWM,0.11045629135309463
2019-08-01,Minimum Variance,SPY,0.1321425439835459
2019-08-01,Maximum Sharpe,GLD,0.01631447200547532
2019-08-01,Maximum Sharpe,TLT,0.009415625576614281
2019-08-01,Maximum Sharpe,QQQ,0.19197947015120828
2019-08-01,Maximum Sharpe,IEF,0.011824188698221792
2019-08-01,Maximum Sharpe,LQD,0.03569736840246353
2019-08-01,Maximum Sharpe,EFA,0.07094359545760168
2019-08-01,Maximum Sharpe,VNQ,0.04040242429187175
2019-08-01,Maximum Sharpe,EEM,0.0826536253839226
2019-08-01,Maximum Sharpe,IWM,0.11045629135309463
2019-08-01,Maximum Sharpe,SPY,0.1321425439835459
2019-10-01,Equal Weight,GLD,0.03826885985994217
2019-10-01,Equal Weight,TLT,0.04137293311559837
2019-10-01,Equal Weight,QQQ,0.18143818286489763
2019-10-01,Equal Weight,IEF,0.022666791896826997
2019-10-01,Equal Weight,LQD,0.045854939910884726
2019-10-01,Equal Weight,EFA,0.07139457261312372
2019-10-01,Equal Weight,VNQ,0.07549990248166506
2019-10-01,Equal Weight,EEM,0.0655602017736539
2019-10-01,Equal Weight,IWM,0.09524626033812625
2019-10-01,Equal Weight,SPY,0.135749341938541
2019-10-01,Minimum Variance,GLD,0.03826885985994217
2019-10-01,Minimum Variance,TLT,0.04137293311559837
2019-10-01,Minimum Variance,QQQ,0.18143818286489763
2019-10-01,Minimum Variance,IEF,0.022666791896826997
2019-10-01,Minimum Variance,LQD,0.045854939910884726
2019-10-01,Minimum Variance,EFA,0.07139457261312372
2019-10-01,Minimum Variance,VNQ,0.07549990248166506
2019-10-01,Minimum Variance,EEM,0.0655602017736539
2019-10-01,Minimum Variance,IWM,0.09524626033812625
2019-10-01,Minimum Variance,SPY,0.135749341938541
2019-10-01,Maximum Sharpe,GLD,0.03826885985994217
2019-10-01,Maximum Sharpe,TLT,0.04137293311559837
2019-10-01,Maximum Sharpe,QQQ,0.18143818286489763
2019-10-01,Maximum Sharpe,IEF,0.022666791896826997
2019-10-01,Maximum Sharpe,LQD,0.045854939910884726
2019-10-01,Maximum Sharpe,EFA,0.07139457261312372
2019-10-01,Maximum Sharpe,VNQ,0.07549990248166506
2019-10-01,Maximum Sharpe,EEM,0.0655602017736539
2019-10-01,Maximum Sharpe,IWM,0.09524626033812625
2019-10-01,Maximum Sharpe,SPY,0.135749341938541
2019-11-01,Equal Weight,GLD,0.05856376259635047
2019-11-01,Equal Weight,TLT,0.057603114298957626
2019-11-01,Equal Weight,QQQ,0.1975650898729837
2019-11-01,Equal Weight,IEF,0.029392128455716725
2019-11-01,Equal Weight,LQD,0.053256347223840324
2019-11-01,Equal Weight,EFA,0.08750088419032896
2019-11-01,Equal Weight,VNQ,0.10614285085882365
2019-11-01,Equal Weight,EEM,0.0822025597056365
2019-11-01,Equal Weight,IWM,0.11737410687193146
2019-11-01,Equal Weight,SPY,0.14619095764973972
2019-11-01,Minimum Variance,GLD,0.05856376259635047
2019-11-01,Minimum Variance,TLT,0.057603114298957626
2019-11-01,Minimum Variance,QQQ,0.1975650898729837
2019-11-01,Minimum Variance,IEF,0.029392128455716725
2019-11-01,Minimum Variance,LQD,0.053256347223840324
2019-11-01,Minimum Variance,EFA,0.08750088419032896
2019-11-01,Minimum Variance,VNQ,0.10614285085882365
2019-11-01,Minimum Variance,EEM,0.0822025597056365
2019-11-01,Minimum Variance,IWM,0.11737410687193146
2019-11-01,Minimum Variance,SPY,0.14619095764973972
2019-11-01,Maximum Sharpe,GLD,0.05856376259635047
2019-11-01,Maximum Sharpe,TLT,0.057603114298957626
2019-11-01,Maximum Sharpe,QQQ,0.1975650898729837
2019-11-01,Maximum Sharpe,IEF,0.029392128455716725
2019-11-01,Maximum Sharpe,LQD,0.053256347223840324
2019-11-01,Maximum Sharpe,EFA,0.08750088419032896
2019-11-01,Maximum Sharpe,VNQ,0.10614285085882365
2019-11-01,Maximum Sharpe,EEM,0.0822025597056365
2019-11-01,Maximum Sharpe,IWM,0.11737410687193146
2019-11-01,Maximum Sharpe,SPY,0.14619095764973972
2020-04-01,Equal Weight,GLD,0.08129134813890879
2020-04-01,Equal Weight,TLT,0.1395800526709021
2020-04-01,Equal Weight,QQQ,0.15739806365267872
2020-04-01,Equal Weight,IEF,0.06905607871131142
2020-04-01,Equal Weight,LQD,0.05401485586193504
2020-04-01,Equal Weight,EFA,-0.0044859845888887105
2020-04-01,Equal Weight,VNQ,0.011429150447961148
2020-04-01,Equal Weight,EEM,0.0015578444865441837
2020-04-01,Equal Weight,IWM,-0.022325633380798793
2020-04-01,Equal Weight,SPY,0.06984215883472905
2020-04-01,Minimum Variance,GLD,0.08129134813890879
2020-04-01,Minimum Variance,TLT,0.1395800526709021
2020-04-01,Minimum Variance,QQQ,0.15739806365267872
2020-04-01,Minimum Variance,IEF,0.06905607871131142
2020-04-01,Minimum Variance,LQD,0.05401485586193504
2020-04-01,Minimum Variance,EFA,-0.0044859845888887105
2020-04-01,Minimum Variance,VNQ,0.011429150447961148
2020-04-01,Minimum Variance,EEM,0.0015578444865441837
2020-04-01,Minimum Variance,IWM,-0.022325633380798793
2020-04-01,Minimum Variance,SPY,0.06984215883472905
2020-04-01,Maximum Sharpe,GLD,0.08129134813890879
2020-04-01,Maximum Sharpe,TLT,0.1395800526709021
2020-04-01,Maximum Sharpe,QQQ,0.15739806365267872
2020-04-01,Maximum Sharpe,IEF,0.06905607871131142
2020-04-01,Maximum Sharpe,LQD,0.05401485586193504
2020-04-01,Maximum Sharpe,EFA,-0.0044859845888887105
2020-04-01,Maximum Sharpe,VNQ,0.011429150447961148
2020-04-01,Maximum Sharpe,EEM,0.0015578444865441837
2020-04-01,Maximum Sharpe,IWM,-0.022325633380798793
2020-04-01,Maximum Sharpe,SPY,0.06984215883472905
2020-05-01,Equal Weight,GLD,0.09924272210620612
2020-05-01,Equal Weight,TLT,0.13834055429611936
2020-05-01,Equal Weight,QQQ,0.1968835237925155
2020-05-01,Equal Weight,IEF,0.06612503542616506
2020-05-01,Equal Weight,LQD,0.06626820913950357
2020-05-01,Equal Weight,EFA,0.008012924417569473
2020-05-01,Equal Weight,VNQ,0.04351564127817838
2020-05-01,Equal Weight,EEM,0.021353242210884353
2020-05-01,Equal Weight,IWM,0.021449938664121603
2020-05-01,Equal Weight,SPY,0.10840000111220334
2020-05-01,Minimum Variance,GLD,0.09924272210620612
2020-05-01,Minimum Variance,TLT,0.13834055429611936
2020-05-01,Minimum Variance,QQQ,0.1968835237925155
2020-05-01,Minimum Variance,IEF,0.06612503542616506
2020-05-01,Minimum Variance,LQD,0.06626820913950357
2020-05-01,Minimum Variance,EFA,0.008012924417569473
2020-05-01,Minimum Variance,VNQ,0.04351564127817838
2020-05-01,Minimum Variance,EEM,0.021353242210884353
2020-05-01,Minimum Variance,IWM,0.021449938664121603
2020-05-01,Minimum Variance,SPY,0.10840000111220334
2020-05-01,Maximum Sharpe,GLD,0.09924272210620612
2020-05-01,Maximum Sharpe,TLT,0.13834055429611936
2020-05-01,Maximum Sharpe,QQQ,0.1968835237925155
2020-05-01,Maximum Sharpe,IEF,0.06612503542616506
2020-05-01,Maximum Sharpe,LQD,0.06626820913950357
2020-05-01,Maximum Sharpe,EFA,0.008012924417569473
2020-05-01,Maximum Sharpe,VNQ,0.04351564127817838
2020-05-01,Maximum Sharpe,EEM,0.021353242210884353
2020-05-01,Maximum Sharpe,IWM,0.021449938664121603
2020-05-01,Maximum Sharpe,SPY,0.10840000111220334
2020-06-01,Equal Weight,GLD,0.10852188545874271
2020-06-01,Equal Weight,TLT,0.1267495094092011
2020-06-01,Equal Weight,QQQ,0.20638606808094137
2020-06-01,Equal Weight,IEF,0.06464458661699976
2020-06-01,Equal Weight,LQD,0.07022993435562744
2020-06-01,Equal Weight,EFA,0.014739273280549494
2020-06-01,Equal Weight,VNQ,0.05350339799595607
2020-06-01,Equal Weight,EEM,0.022424888067130617
2020-06-01,Equal Weight,IWM,0.05152314950615603
2020-06-01,Equal Weight,SPY,0.12012675771997486
2020-06-01,Minimum Variance,GLD,0.10852188545874271
2020-06-01,Minimum Variance,TLT,0.1267495094092011
2020-06-01,Minimum Variance,QQQ,0.20638606808094137
2020-06-01,Minimum Variance,IEF,0.06464458661699976
2020-06-01,Minimum Variance,LQD,0.07022993435562744
2020-06-01,Minimum Variance,EFA,0.014739273280549494
2020-06-01,Minimum Variance,VNQ,0.05350339799595607
2020-06-01,Minimum Variance,EEM,0.022424888067130617
2020-06-01,Minimum Variance,IWM,0.05152314950615603
2020-06-01,Minimum Variance,SPY,0.12012675771997486
2020-06-01,Maximum Sharpe,GLD,0.10852188545874271
2020-06-01,Maximum Sharpe,TLT,0.1267495094092011
2020-06-01,Maximum Sharpe,QQQ,0.20638606808094137
2020-06-01,Maximum Sharpe,IEF,0.06464458661699976
2020-06-01,Maximum Sharpe,LQD,0.07022993435562744
2020-06-01,Maximum Sharpe,EFA,0.014739273280549494
2020-06-01,Maximum Sharpe,VNQ,0.05350339799595607
2020-06-01,Maximum Sharpe,EEM,0.022424888067130617
2020-06-01,Maximum Sharpe,IWM,0.05152314950615603
2020-06-01,Maximum Sharpe,SPY,0.12012675771997486
2020-07-01,Equal Weight,GLD,0.12501273391690512
2020-07-01,Equal Weight,TLT,0.12543730355163762
2020-07-01,Equal Weight,QQQ,0.23516018357828303
2020-07-01,Equal Weight,IEF,0.06650537451105672
2020-07-01,Equal Weight,LQD,0.07573042502614515
2020-07-01,Equal Weight,EFA,0.026267336667718136
2020-07-01,Equal Weight,VNQ,0.05622460331855657
2020-07-01,Equal Weight,EEM,0.04165844919068947
2020-07-01,Equal Weight,IWM,0.054024158567574816
2020-07-01,Equal Weight,SPY,0.12497614611826359
2020-07-01,Minimum Variance,GLD,0.12501273391690512
2020-07-01,Minimum Variance,TLT,0.12543730355163762
2020-07-01,Minimum Variance,QQQ,0.23516018357828303
2020-07-01,Minimum Variance,IEF,0.06650537451105672
2020-07-01,Minimum Variance,LQD,0.07573042502614515
2020-07-01,Minimum Variance,EFA,0.026267336667718136
2020-07-01,Minimum Variance,VNQ,0.05622460331855657
2020-07-01,Minimum Variance,EEM,0.04165844919068947
2020-07-01,Minimum Variance,IWM,0.054024158567574816
2020-07-01,Minimum Variance,SPY,0.12497614611826359
2020-07-01,Maximum Sharpe,GLD,0.12501273391690512
2020-07-01,Maximum Sharpe,TLT,0.12543730355163762
2020-07-01,Maximum Sharpe,QQQ,0.23516018357828303
2020-07-01,Maximum Sharpe,IEF,0.06650537451105672
2020-07-01,Maximum Sharpe,LQD,0.07573042502614515
2020-07-01,Maximum Sharpe,EFA,0.026267336667718136
2020-07-01,Maximum Sharpe,VNQ,0.05622460331855657
2020-07-01,Maximum Sharpe,EEM,0.04165844919068947
2020-07-01,Maximum Sharpe,IWM,0.054024158567574816
2020-07-01,Maximum Sharpe,SPY,0.12497614611826359
2020-09-01,Equal Weight,GLD,0.13790054704032895
2020-09-01,Equal Weight,TLT,0.11379929068362435
2020-09-01,Equal Weight,QQQ,0.2741376769327249
2020-09-01,Equal Weight,IEF,0.059993677259265896
2020-09-01,Equal Weight,LQD,0.07518423607793519
2020-09-01,Equal Weight,EFA,0.04002903964185902
2020-09-01,Equal Weight,VNQ,0.06686411075545985
2020-09-01,Equal Weight,EEM,0.0517566171969422
2020-09-01,Equal Weight,IWM,0.08345626672445292
2020-09-01,Equal Weight,SPY,0.1590927229633013
2020-09-01,Minimum Variance,GLD,0.13790054704032895
2020-09-01,Minimum Variance,TLT,0.11379929068362435
2020-09-01,Minimum Variance,QQQ,0.2741376769327249
2020-09-01,Minimum Variance,IEF,0.059993677259265896
2020-09-01,Minimum Variance,LQD,0.07518423607793519
2020-09-01,Minimum Variance,EFA,0.04002903964185902
2020-09-01,Minimum Variance,VNQ,0.06686411075545985
2020-09-01,Minimum Variance,EEM,0.0517566171969422
2020-09-01,Minimum Variance,IWM,0.08345626672445292
2020-09-01,Minimum Variance,SPY,0.1590927229633013
2020-09-01,Maximum Sharpe,GLD,0.13790054704032895
2020-09-01,Maximum Sharpe,TLT,0.11379929068362435
2020-09-01,Maximum Sharpe,QQQ,0.2741376769327249
2020-09-01,Maximum Sharpe,IEF,0.059993677259265896
2020-09-01,Maximum Sharpe,LQD,0.07518423607793519
2020-09-01,Maximum Sharpe,EFA,0.04002903964185902
2020-09-01,Maximum Sharpe,VNQ,0.06686411075545985
2020-09-01,Maximum Sharpe,EEM,0.0517566171969422
2020-09-01,Maximum Sharpe,IWM,0.08345626672445292
2020-09-01,Maximum Sharpe,SPY,0.1590927229633013
2020-10-01,Equal Weight,GLD,0.1350120522090508
2020-10-01,Equal Weight,TLT,0.12404077666415442
2020-10-01,Equal Weight,QQQ,0.2565213823001438
2020-10-01,Equal Weight,IEF,0.06583314771584196
2020-10-01,Equal Weight,LQD,0.07380095709486405
2020-10-01,Equal Weight,EFA,0.025645495028869352
2020-10-01,Equal Weight,VNQ,0.05895156212449403
2020-10-01,Equal Weight,EEM,0.0487227704732432
2020-10-01,Equal Weight,IWM,0.05272494375205265
2020-10-01,Equal Weight,SPY,0.14025499306855016
2020-10-01,Minimum Variance,GLD,0.1350120522090508
2020-10-01,Minimum Variance,TLT,0.12404077666415442
2020-10-01,Minimum Variance,QQQ,0.2565213823001438
2020-10-01,Minimum Variance,IEF,0.06583314771584196
2020-10-01,Minimum Variance,LQD,0.07380095709486405
2020-10-01,Minimum Variance,EFA,0.025645495028869352
2020-10-01,Minimum Variance,VNQ,0.05895156212449403
2020-10-01,Minimum Variance,EEM,0.0487227704732432
2020-10-01,Minimum Variance,IWM,0.05272494375205265
2020-10-01,Minimum Variance,SPY,0.14025499306855016
2020-10-01,Maximum Sharpe,GLD,0.1350120522090508
2020-10-01,Maximum Sharpe,TLT,0.12404077666415442
2020-10-01,Maximum Sharpe,QQQ,0.2565213823001438
2020-10-01,Maximum Sharpe,IEF,0.06583314771584196
2020-10-01,Maximum Sharpe,LQD,0.07380095709486405
2020-10-01,Maximum Sharpe,EFA,0.025645495028869352
2020-10-01,Maximum Sharpe,VNQ,0.05895156212449403
2020-10-01,Maximum Sharpe,EEM,0.0487227704732432
2020-10-01,Maximum Sharpe,IWM,0.05272494375205265
2020-10-01,Maximum Sharpe,SPY,0.14025499306855016
2020-12-01,Equal Weight,GLD,0.11680422327921024
2020-12-01,Equal Weight,TLT,0.11616679513025378
2020-12-01,Equal Weight,QQQ,0.2620742718470944
2020-12-01,Equal Weight,IEF,0.06399741965808459
2020-12-01,Equal Weight,LQD,0.08440062156524943
2020-12-01,Equal Weight,EFA,0.051255445135299976
2020-12-01,Equal Weight,VNQ,0.07558131277379006
2020-12-01,Equal Weight,EEM,0.07314501219134087
2020-12-01,Equal Weight,IWM,0.10547401410707302
2020-12-01,Equal Weight,SPY,0.14956995514324975
2020-12-01,Minimum Variance,GLD,0.11680422327921024
2020-12-01,Minimum Variance,TLT,0.11616679513025378
2020-12-01,Minimum Variance,QQQ,0.2620742718470944
2020-12-01,Minimum Variance,IEF,0.06399741965808459
2020-12-01,Minimum Variance,LQD,0.08440062156524943
2020-12-01,Minimum Variance,EFA,0.051255445135299976
2020-12-01,Minimum Variance,VNQ,0.07558131277379006
2020-12-01,Minimum Variance,EEM,0.07314501219134087
2020-12-01,Minimum Variance,IWM,0.10547401410707302
2020-12-01,Minimum Variance,SPY,0.14956995514324975
2020-12-01,Maximum Sharpe,GLD,0.11680422327921024
2020-12-01,Maximum Sharpe,TLT,0.11616679513025378
2020-12-01,Maximum Sharpe,QQQ,0.2620742718470944
2020-12-01,Maximum Sharpe,IEF,0.06399741965808459
2020-12-01,Maximum Sharpe,LQD,0.08440062156524943
2020-12-01,Maximum Sharpe,EFA,0.051255445135299976
2020-12-01,Maximum Sharpe,VNQ,0.07558131277379006
2020-12-01,Maximum Sharpe,EEM,0.07314501219134087
2020-12-01,Maximum Sharpe,IWM,0.10547401410707302
2020-12-01,Maximum Sharpe,SPY,0.14956995514324975
2021-02-01,Equal Weight,GLD,0.11140625165657575
2021-02-01,Equal Weight,TLT,0.10478269070146459
2021-02-01,Equal Weight,QQQ,0.2493774932214178
2021-02-01,Equal Weight,IEF,0.06617974324725492
2021-02-01,Equal Weight,LQD,0.07880969502750028
2021-02-01,Equal Weight,EFA,0.044526341679249216
2021-02-01,Equal Weight,VNQ,0.10005364336299183
2021-02-01,Equal Weight,EEM,0.06819447749894865
2021-02-01,Equal Weight,IWM,0.14269777150106838
2021-02-01,Equal Weight,SPY,0.1362380626260628
2021-02-01,Minimum Variance,GLD,0.11140625165657575
2021-02-01,Minimum Variance,TLT,0.10478269070146459
2021-02-01,Minimum Variance,QQQ,0.2493774932214178
2021-02-01,Minimum Variance,IEF,0.06617974324725492
2021-02-01,Minimum Variance,LQD,0.07880969502750028
2021-02-01,Minimum Variance,EFA,0.044526341679249216
2021-02-01,Minimum Variance,VNQ,0.10005364336299183
2021-02-01,Minimum Variance,EEM,0.06819447749894865
2021-02-01,Minimum Variance,IWM,0.14269777150106838
2021-02-01,Minimum Variance,SPY,0.1362380626260628
2021-02-01,Maximum Sharpe,GLD,0.11140625165657575
2021-02-01,Maximum Sharpe,TLT,0.10478269070146459
2021-02-01,Maximum Sharpe,QQQ,0.2493774932214178
2021-02-01,Maximum Sharpe,IEF,0.06617974324725492
2021-02-01,Maximum Sharpe,LQD,0.07880969502750028
2021-02-01,Maximum Sharpe,EFA,0.044526341679249216
2021-02-01,Maximum Sharpe,VNQ,0.10005364336299183
2021-02-01,Maximum Sharpe,EEM,0.06819447749894865
2021-02-01,Maximum Sharpe,IWM,0.14269777150106838
2021-02-01,Maximum Sharpe,SPY,0.1362380626260628
2021-03-01,Equal Weight,GLD,0.097077219930257
2021-03-01,Equal Weight,TLT,0.09559176532818438
2021-03-01,Equal Weight,QQQ,0.25266960585279397
2021-03-01,Equal Weight,IEF,0.061342511069852126
2021-03-01,Equal Weight,LQD,0.07879461056210524
2021-03-01,Equal Weight,EFA,0.0678896107577276
2021-03-01,Equal Weight,VNQ,0.13749602731575153
2021-03-01,Equal Weight,EEM,0.0902111515766489
2021-03-01,Equal Weight,IWM,0.17602243238614038
2021-03-01,Equal Weight,SPY,0.15709459444923954
2021-03-01,Minimum Variance,GLD,0.097077219930257
2021-03-01,Minimum Variance,TLT,0.09559176532818438
2021-03-01,Minimum Variance,QQQ,0.25266960585279397
2021-03-01,Minimum Variance,IEF,0.061342511069852126
2021-03-01,Minimum Variance,LQD,0.07879461056210524
2021-03-01,Minimum Variance,EFA,0.0678896107577276
2021-03-01,Minimum Variance,VNQ,0.13749602731575153
2021-03-01,Minimum Variance,EEM,0.0902111515766489
2021-03-01,Minimum Variance,IWM,0.17602243238614038
2021-03-01,Minimum Variance,SPY,0.15709459444923954
2021-03-01,Maximum Sharpe,GLD,0.097077219930257
2021-03-01,Maximum Sharpe,TLT,0.09559176532818438
2021-03-01,Maximum Sharpe,QQQ,0.25266960585279397
2021-03-01,Maximum Sharpe,IEF,0.061342511069852126
2021-03-01,Maximum Sharpe,LQD,0.07879461056210524
2021-03-01,Maximum Sharpe,EFA,0.0678896107577276
2021-03-01,Maximum Sharpe,VNQ,0.13749602731575153
2021-03-01,Maximum Sharpe,EEM,0.0902111515766489
2021-03-01,Maximum Sharpe,IWM,0.17602243238614038
2021-03-01,Maximum Sharpe,SPY,0.15709459444923954
2021-04-01,Equal Weight,GLD,0.09100317019258368
2021-04-01,Equal Weight,TLT,0.0681746750630696
2021-04-01,Equal Weight,QQQ,0.2718683105912419
2021-04-01,Equal Weight,IEF,0.049324219071467924
2021-04-01,Equal Weight,LQD,0.07183897988090596
2021-04-01,Equal Weight,EFA,0.07877258504101871
2021-04-01,Equal Weight,VNQ,0.14127434099560915
2021-04-01,Equal Weight,EEM,0.08605895020357925
2021-04-01,Equal Weight,IWM,0.17726748900644712
2021-04-01,Equal Weight,SPY,0.18060056367240387
2021-04-01,Minimum Variance,GLD,0.09100317019258368
2021-04-01,Minimum Variance,TLT,0.0681746750630696
2021-04-01,Minimum Variance,QQQ,0.2718683105912419
2021-04-01,Minimum Variance,IEF,0.049324219071467924
2021-04-01,Minimum Variance,LQD,0.07183897988090596
2021-04-01,Minimum Variance,EFA,0.07877258504101871
2021-04-01,Minimum Variance,VNQ,0.14127434099560915
2021-04-01,Minimum Variance,EEM,0.08605895020357925
2021-04-01,Minimum Variance,IWM,0.17726748900644712
2021-04-01,Minimum Variance,SPY,0.18060056367240387
2021-04-01,Maximum Sharpe,GLD,0.09100317019258368
2021-04-01,Maximum Sharpe,TLT,0.0681746750630696
2021-04-01,Maximum Sharpe,QQQ,0.2718683105912419
2021-04-01,Maximum Sharpe,IEF,0.049324219071467924
2021-04-01,Maximum Sharpe,LQD,0.07183897988090596
2021-04-01,Maximum Sharpe,EFA,0.07877258504101871
2021-04-01,Maximum Sharpe,VNQ,0.14127434099560915
2021-04-01,Maximum Sharpe,EEM,0.08605895020357925
2021-04-01,Maximum Sharpe,IWM,0.17726748900644712
2021-04-01,Maximum Sharpe,SPY,0.18060056367240387
2021-06-01,Equal Weight,GLD,0.13503117786424693
2021-06-01,Equal Weight,TLT,0.07699673807587475
2021-06-01,Equal Weight,QQQ,0.2675316206205129
2021-06-01,Equal Weight,IEF,0.05520037461542212
2021-06-01,Equal Weight,LQD,0.08114100739421512
2021-06-01,Equal Weight,EFA,0.10174668256545179
2021-06-01,Equal Weight,VNQ,0.15484893075221584
2021-06-01,Equal Weight,EEM,0.11408028717085804
2021-06-01,Equal Weight,IWM,0.16182413476241145
2021-06-01,Equal Weight,SPY,0.1906213065894224
2021-06-01,Minimum Variance,GLD,0.13503117786424693
2021-06-01,Minimum Variance,TLT,0.07699673807587475
2021-06-01,Minimum Variance,QQQ,0.2675316206205129
2021-06-01,Minimum Variance,IEF,0.05520037461542212
2021-06-01,Minimum Variance,LQD,0.08114100739421512
2021-06-01,Minimum Variance,EFA,0.10174668256545179
2021-06-01,Minimum Variance,VNQ,0.15484893075221584
2021-06-01,Minimum Variance,EEM,0.11408028717085804
2021-06-01,Minimum Variance,IWM,0.16182413476241145
2021-06-01,Minimum Variance,SPY,0.1906213065894224
2021-06-01,Maximum Sharpe,GLD,0.13503117786424693
2021-06-01,Maximum Sharpe,TLT,0.07699673807587475
2021-06-01,Maximum Sharpe,QQQ,0.2675316206205129
2021-06-01,Maximum Sharpe,IEF,0.05520037461542212
2021-06-01,Maximum Sharpe,LQD,0.08114100739421512
2021-06-01,Maximum Sharpe,EFA,0.10174668256545179
2021-06-01,Maximum Sharpe,VNQ,0.15484893075221584
2021-06-01,Maximum Sharpe,EEM,0.11408028717085804
2021-06-01,Maximum Sharpe,IWM,0.16182413476241145
2021-06-01,Maximum Sharpe,SPY,0.1906213065894224
2021-07-01,Equal Weight,GLD,0.12270185864362253
2021-07-01,Equal Weight,TLT,0.08934179989485896
2021-07-01,Equal Weight,QQQ,0.2836010768532545
2021-07-01,Equal Weight,IEF,0.05787848079638698
2021-07-01,Equal Weight,LQD,0.08998917237422725
2021-07-01,Equal Weight,EFA,0.10334758879345853
2021-07-01,Equal Weight,VNQ,0.14972710940564726
2021-07-01,Equal Weight,EEM,0.13243070949834737
2021-07-01,Equal Weight,IWM,0.16593516565821612
2021-07-01,Equal Weight,SPY,0.1958672561667128
2021-07-01,Minimum Variance,GLD,0.12270185864362253
2021-07-01,Minimum Variance,TLT,0.08934179989485896
2021-07-01,Minimum Variance,QQQ,0.2836010768532545
2021-07-01,Minimum Variance,IEF,0.05787848079638698
2021-07-01,Minimum Variance,LQD,0.08998917237422725
2021-07-01,Minimum Variance,EFA,0.10334758879345853
2021-07-01,Minimum Variance,VNQ,0.14972710940564726
2021-07-01,Minimum Variance,EEM,0.13243070949834737
2021-07-01,Minimum Variance,IWM,0.16593516565821612
2021-07-01,Minimum Variance,SPY,0.1958672561667128
2021-07-01,Maximum Sharpe,GLD,0.12270185864362253
2021-07-01,Maximum Sharpe,TLT,0.08934179989485896
2021-07-01,Maximum Sharpe,QQQ,0.2836010768532545
2021-07-01,Maximum Sharpe,IEF,0.05787848079638698
2021-07-01,Maximum Sharpe,LQD,0.08998917237422725
2021-07-01,Maximum Sharpe,EFA,0.10334758879345853
2021-07-01,Maximum Sharpe,VNQ,0.14972710940564726
2021-07-01,Maximum Sharpe,EEM,0.13243070949834737
2021-07-01,Maximum Sharpe,IWM,0.16593516565821612
2021-07-01,Maximum Sharpe,SPY,0.1958672561667128
2021-09-01,Equal Weight,GLD,0.14583380338082774
2021-09-01,Equal Weight,TLT,0.10129896732610792
2021-09-01,Equal Weight,QQQ,0.2790650559163208
2021-09-01,Equal Weight,IEF,0.06166477965188695
2021-09-01,Equal Weight,LQD,0.08918163959461453
2021-09-01,Equal Weight,EFA,0.10901284498905021
2021-09-01,Equal Weight,VNQ,0.16107876111558095
2021-09-01,Equal Weight,EEM,0.11666479589204218
2021-09-01,Equal Weight,IWM,0.14233607565504336
2021-09-01,Equal Weight,SPY,0.19142568283741976
2021-09-01,Minimum Variance,GLD,0.14583380338082774
2021-09-01,Minimum Variance,TLT,0.10129896732610792
2021-09-01,Minimum Variance,QQQ,0.2790650559163208
2021-09-01,Minimum Variance,IEF,0.06166477965188695
2021-09-01,Minimum Variance,LQD,0.08918163959461453
2021-09-01,Minimum Variance,EFA,0.10901284498905021
2021-09-01,Minimum Variance,VNQ,0.16107876111558095
2021-09-01,Minimum Variance,EEM,0.11666479589204218
2021-09-01,Minimum Variance,IWM,0.14233607565504336
2021-09-01,Minimum Variance,SPY,0.19142568283741976
2021-09-01,Maximum Sharpe,GLD,0.14583380338082774
2021-09-01,Maximum Sharpe,TLT,0.10129896732610792
2021-09-01,Maximum Sharpe,QQQ,0.2790650559163208
2021-09-01,Maximum Sharpe,IEF,0.06166477965188695
2021-09-01,Maximum Sharpe,LQD,0.08918163959461453
2021-09-01,Maximum Sharpe,EFA,0.10901284498905021
2021-09-01,Maximum Sharpe,VNQ,0.16107876111558095
2021-09-01,Maximum Sharpe,EEM,0.11666479589204218
2021-09-01,Maximum Sharpe,IWM,0.14233607565504336
2021-09-01,Maximum Sharpe,SPY,0.19142568283741976
2021-10-01,Equal Weight,GLD,0.13697351448739714
2021-10-01,Equal Weight,TLT,0.10109928442966484
2021-10-01,Equal Weight,QQQ,0.25989850194950304
2021-10-01,Equal Weight,IEF,0.060200901988314764
2021-10-01,Equal Weight,LQD,0.0843882467863063
2021-10-01,Equal Weight,EFA,0.09461938743072536
2021-10-01,Equal Weight,VNQ,0.15027323334499484
2021-10-01,Equal Weight,EEM,0.10521503131253818
2021-10-01,Equal Weight,IWM,0.1404240311893238
2021-10-01,Equal Weight,SPY,0.17323137716026232
2021-10-01,Minimum Variance,GLD,0.13697351448739714
2021-10-01,Minimum Variance,TLT,0.10109928442966484
2021-10-01,Minimum Variance,QQQ,0.25989850194950304
2021-10-01,Minimum Variance,IEF,0.060200901988314764
2021-10-01,Minimum Variance,LQD,0.0843882467863063
2021-10-01,Minimum Variance,EFA,0.09461938743072536
2021-10-01,Minimum Variance,VNQ,0.15027323334499484
2021-10-01,Minimum Variance,EEM,0.10521503131253818
2021-10-01,Minimum Variance,IWM,0.1404240311893238
2021-10-01,Minimum Variance,SPY,0.17323137716026232
2021-10-01,Maximum Sharpe,GLD,0.13697351448739714
2021-10-01,Maximum Sharpe,TLT,0.10109928442966484
2021-10-01,Maximum Sharpe,QQQ,0.25989850194950304
2021-10-01,Maximum Sharpe,IEF,0.060200901988314764
2021-10-01,Maximum Sharpe,LQD,0.0843882467863063
2021-10-01,Maximum Sharpe,EFA,0.09461938743072536
2021-10-01,Maximum Sharpe,VNQ,0.15027323334499484
2021-10-01,Maximum Sharpe,EEM,0.10521503131253818
2021-10-01,Maximum Sharpe,IWM,0.1404240311893238
2021-10-01,Maximum Sharpe,SPY,0.17323137716026232
2021-11-01,Equal Weight,GLD,0.13521236752771995
2021-11-01,Equal Weight,TLT,0.11954306287638493
2021-11-01,Equal Weight,QQQ,0.3145164216188221
2021-11-01,Equal Weight,IEF,0.05988959767215467
2021-11-01,Equal Weight,LQD,0.09333050513851342
2021-11-01,Equal Weight,EFA,0.1333415308639672
2021-11-01,Equal Weight,VNQ,0.18326311293703668
2021-11-01,Equal Weight,EEM,0.13879914353768738
2021-11-01,Equal Weight,IWM,0.19296954470558803
2021-11-01,Equal Weight,SPY,0.21972790286384694
2021-11-01,Minimum Variance,GLD,0.13521236752771995
2021-11-01,Minimum Variance,TLT,0.11954306287638493
2021-11-01,Minimum Variance,QQQ,0.3145164216188221
2021-11-01,Minimum Variance,IEF,0.05988959767215467
2021-11-01,Minimum Variance,LQD,0.09333050513851342
2021-11-01,Minimum Variance,EFA,0.1333415308639672
2021-11-01,Minimum Variance,VNQ,0.18326311293703668
2021-11-01,Minimum Variance,EEM,0.13879914353768738
2021-11-01,Minimum Variance,IWM,0.19296954470558803
2021-11-01,Minimum Variance,SPY,0.21972790286384694
2021-11-01,Maximum Sharpe,GLD,0.13521236752771995
2021-11-01,Maximum Sharpe,TLT,0.11954306287638493
2021-11-01,Maximum Sharpe,QQQ,0.3145164216188221
2021-11-01,Maximum Sharpe,IEF,0.05988959767215467
2021-11-01,Maximum Sharpe,LQD,0.09333050513851342
2021-11-01,Maximum Sharpe,EFA,0.1333415308639672
2021-11-01,Maximum Sharpe,VNQ,0.18326311293703668
2021-11-01,Maximum Sharpe,EEM,0.13879914353768738
2021-11-01,Maximum Sharpe,IWM,0.19296954470558803
2021-11-01,Maximum Sharpe,SPY,0.21972790286384694
2021-12-01,Equal Weight,GLD,0.13191483604293494
2021-12-01,Equal Weight,TLT,0.12318453532222669
2021-12-01,Equal Weight,QQQ,0.32132321551057524
2021-12-01,Equal Weight,IEF,0.05917680051297347
2021-12-01,Equal Weight,LQD,0.0942106118811752
2021-12-01,Equal Weight,EFA,0.11608639877088837
2021-12-01,Equal Weight,VNQ,0.16101213228889905
2021-12-01,Equal Weight,EEM,0.10827880566856432
2021-12-01,Equal Weight,IWM,0.17244042843342722
2021-12-01,Equal Weight,SPY,0.21063846453419774
2021-12-01,Minimum Variance,GLD,0.13191483604293494
2021-12-01,Minimum Variance,TLT,0.12318453532222669
2021-12-01,Minimum Variance,QQQ,0.32132321551057524
2021-12-01,Minimum Variance,IEF,0.05917680051297347
2021-12-01,Minimum Variance,LQD,0.0942106118811752
2021-12-01,Minimum Variance,EFA,0.11608639877088837
2021-12-01,Minimum Variance,VNQ,0.16101213228889905
2021-12-01,Minimum Variance,EEM,0.10827880566856432
2021-12-01,Minimum Variance,IWM,0.17244042843342722
2021-12-01,Minimum Variance,SPY,0.21063846453419774
2021-12-01,Maximum Sharpe,GLD,0.13191483604293494
2021-12-01,Maximum Sharpe,TLT,0.12318453532222669
2021-12-01,Maximum Sharpe,QQQ,0.32132321551057524
2021-12-01,Maximum Sharpe,IEF,0.05917680051297347
2021-12-01,Maximum Sharpe,LQD,0.0942106118811752
2021-12-01,Maximum Sharpe,EFA,0.11608639877088837
2021-12-01,Maximum Sharpe,VNQ,0.16101213228889905
2021-12-01,Maximum Sharpe,EEM,0.10827880566856432
2021-12-01,Maximum Sharpe,IWM,0.17244042843342722
2021-12-01,Maximum Sharpe,SPY,0.21063846453419774
2022-02-01,Equal Weight,GLD,0.11129824715935356
2022-02-01,Equal Weight,TLT,0.0829271905721095
2022-02-01,Equal Weight,QQQ,0.29440465558207085
2022-02-01,Equal Weight,IEF,0.03879020148890464
2022-02-01,Equal Weight,LQD,0.06455383581988491
2022-02-01,Equal Weight,EFA,0.11439038386503333
2022-02-01,Equal Weight,VNQ,0.152144240799204
2022-02-01,Equal Weight,EEM,0.09175843204047504
2022-02-01,Equal Weight,IWM,0.15297377203666562
2022-02-01,Equal Weight,SPY,0.21139468973253966
2022-02-01,Minimum Variance,GLD,0.11129824715935356
2022-02-01,Minimum Variance,TLT,0.0829271905721095
2022-02-01,Minimum Variance,QQQ,0.29440465558207085
2022-02-01,Minimum Variance,IEF,0.03879020148890464
2022-02-01,Minimum Variance,LQD,0.06455383581988491
2022-02-01,Minimum Variance,EFA,0.11439038386503333
2022-02-01,Minimum Variance,VNQ,0.152144240799204
2022-02-01,Minimum Variance,EEM,0.09175843204047504
2022-02-01,Minimum Variance,IWM,0.15297377203666562
2022-02-01,Minimum Variance,SPY,0.21139468973253966
2022-02-01,Maximum Sharpe,GLD,0.11129824715935356
2022-02-01,Maximum Sharpe,TLT,0.0829271905721095
2022-02-01,Maximum Sharpe,QQQ,0.29440465558207085
2022-02-01,Maximum Sharpe,IEF,0.03879020148890464
2022-02-01,Maximum Sharpe,LQD,0.06455383581988491
2022-02-01,Maximum Sharpe,EFA,0.11439038386503333
2022-02-01,Maximum Sharpe,VNQ,0.152144240799204
2022-02-01,Maximum Sharpe,EEM,0.09175843204047504
2022-02-01,Maximum Sharpe,IWM,0.15297377203666562
2022-02-01,Maximum Sharpe,SPY,0.21139468973253966
2022-03-01,Equal Weight,GLD,0.13320640521510302
2022-03-01,Equal Weight,TLT,0.0823034217989391
2022-03-01,Equal Weight,QQQ,0.27050486923429073
2022-03-01,Equal Weight,IEF,0.03960036349579235
2022-03-01,Equal Weight,LQD,0.058168509633057905
2022-03-01,Equal Weight,EFA,0.09480957138673413
2022-03-01,Equal Weight,VNQ,0.13847135198109747
2022-03-01,Equal Weight,EEM,0.08244042736829992
2022-03-01,Equal Weight,IWM,0.1402246080724289
2022-03-01,Equal Weight,SPY,0.19129512659054096
2022-03-01,Minimum Variance,GLD,0.13320640521510302
2022-03-01,Minimum Variance,TLT,0.0823034217989391
2022-03-01,Minimum Variance,QQQ,0.27050486923429073
2022-03-01,Minimum Variance,IEF,0.03960036349579235
2022-03-01,Minimum Variance,LQD,0.058168509633057905
2022-03-01,Minimum Variance,EFA,0.09480957138673413
2022-03-01,Minimum Variance,VNQ,0.13847135198109747
2022-03-01,Minimum Variance,EEM,0.08244042736829992
2022-03-01,Minimum Variance,IWM,0.1402246080724289
2022-03-01,Minimum Variance,SPY,0.19129512659054096
2022-03-01,Maximum Sharpe,GLD,0.13320640521510302
2022-03-01,Maximum Sharpe,TLT,0.0823034217989391
2022-03-01,Maximum Sharpe,QQQ,0.27050486923429073
2022-03-01,Maximum Sharpe,IEF,0.03960036349579235
2022-03-01,Maximum Sharpe,LQD,0.058168509633057905
2022-03-01,Maximum Sharpe,EFA,0.09480957138673413
2022-03-01,Maximum Sharpe,VNQ,0.13847135198109747
2022-03-01,Maximum Sharpe,EEM,0.08244042736829992
2022-03-01,Maximum Sharpe,IWM,0.1402246080724289
2022-03-01,Maximum Sharpe,SPY,0.19129512659054096
2022-04-01,Equal Weight,GLD,0.14291826109276076
2022-04-01,Equal Weight,TLT,0.04609016321335384
2022-04-01,Equal Weight,QQQ,0.27342006573087313
2022-04-01,Equal Weight,IEF,0.01716465337285169
2022-04-01,Equal Weight,LQD,0.03886477232247343
2022-04-01,Equal Weight,EFA,0.09437370441937862
2022-04-01,Equal Weight,VNQ,0.14495303042289565
2022-04-01,Equal Weight,EEM,0.06864743788923894
2022-04-01,Equal Weight,IWM,0.15137061462012508
2022-04-01,Equal Weight,SPY,0.19770916188278204
2022-04-01,Minimum Variance,GLD,0.14291826109276076
2022-04-01,Minimum Variance,TLT,0.04609016321335384
2022-04-01,Minimum Variance,QQQ,0.27342006573087313
2022-04-01,Minimum Variance,IEF,0.01716465337285169
2022-04-01,Minimum Variance,LQD,0.03886477232247343
2022-04-01,Minimum Variance,EFA,0.09437370441937862
2022-04-01,Minimum Variance,VNQ,0.14495303042289565
2022-04-01,Minimum Variance,EEM,0.06864743788923894
2022-04-01,Minimum Variance,IWM,0.15137061462012508
2022-04-01,Minimum Variance,SPY,0.19770916188278204
2022-04-01,Maximum Sharpe,GLD,0.14291826109276076
2022-04-01,Maximum Sharpe,TLT,0.04609016321335384
2022-04-01,Maximum Sharpe,QQQ,0.27342006573087313
2022-04-01,Maximum Sharpe,IEF,0.01716465337285169
2022-04-01,Maximum Sharpe,LQD,0.03886477232247343
2022-04-01,Maximum Sharpe,EFA,0.09437370441937862
2022-04-01,Maximum Sharpe,VNQ,0.14495303042289565
2022-04-01,Maximum Sharpe,EEM,0.06864743788923894
2022-04-01,Maximum Sharpe,IWM,0.15137061462012508
2022-04-01,Maximum Sharpe,SPY,0.19770916188278204
2022-06-01,Equal Weight,GLD,0.12196224424779871
2022-06-01,Equal Weight,TLT,-0.008856592885686382
2022-06-01,Equal Weight,QQQ,0.23419831457224868
2022-06-01,Equal Weight,IEF,-0.0032372530120381576
2022-06-01,Equal Weight,LQD,0.015462934684079454
2022-06-01,Equal Weight,EFA,0.08637276135420162
2022-06-01,Equal Weight,VNQ,0.11702154079517224
2022-06-01,Equal Weight,EEM,0.06814073403853001
2022-06-01,Equal Weight,IWM,0.1356954603908846
2022-06-01,Equal Weight,SPY,0.17874632717298458
2022-06-01,Minimum Variance,GLD,0.12196224424779871
2022-06-01,Minimum Variance,TLT,-0.008856592885686382
2022-06-01,Minimum Variance,QQQ,0.23419831457224868
2022-06-01,Minimum Variance,IEF,-0.0032372530120381576
2022-06-01,Minimum Variance,LQD,0.015462934684079454
2022-06-01,Minimum Variance,EFA,0.08637276135420162
2022-06-01,Minimum Variance,VNQ,0.11702154079517224
2022-06-01,Minimum Variance,EEM,0.06814073403853001
2022-06-01,Minimum Variance,IWM,0.1356954603908846
2022-06-01,Minimum Variance,SPY,0.17874632717298458
2022-06-01,Maximum Sharpe,GLD,0.12196224424779871
2022-06-01,Maximum Sharpe,TLT,-0.008856592885686382
2022-06-01,Maximum Sharpe,QQQ,0.23419831457224868
2022-06-01,Maximum Sharpe,IEF,-0.0032372530120381576
2022-06-01,Maximum Sharpe,LQD,0.015462934684079454
2022-06-01,Maximum Sharpe,EFA,0.08637276135420162
2022-06-01,Maximum Sharpe,VNQ,0.11702154079517224
2022-06-01,Maximum Sharpe,EEM,0.06814073403853001
2022-06-01,Maximum Sharpe,IWM,0.1356954603908846
2022-06-01,Maximum Sharpe,SPY,0.17874632717298458
2022-07-01,Equal Weight,GLD,0.09097256133131525
2022-07-01,Equal Weight,TLT,-0.01573550764483109
2022-07-01,Equal Weight,QQQ,0.17993795940801705
2022-07-01,Equal Weight,IEF,-0.009969572075538915
2022-07-01,Equal Weight,LQD,-0.007276606964833884
2022-07-01,Equal Weight,EFA,0.0373377093935939
2022-07-01,Equal Weight,VNQ,0.08693648862372333
2022-07-01,Equal Weight,EEM,0.030932628642523902
2022-07-01,Equal Weight,IWM,0.08515196411120578
2022-07-01,Equal Weight,SPY,0.128516630471006
2022-07-01,Minimum Variance,GLD,0.09097256133131525
2022-07-01,Minimum Variance,TLT,-0.01573550764483109
2022-07-01,Minimum Variance,QQQ,0.17993795940801705
2022-07-01,Minimum Variance,IEF,-0.009969572075538915
2022-07-01,Minimum Variance,LQD,-0.007276606964833884
2022-07-01,Minimum Variance,EFA,0.0373377093935939
2022-07-01,Minimum Variance,VNQ,0.08693648862372333
2022-07-01,Minimum Variance,EEM,0.030932628642523902
2022-07-01,Minimum Variance,IWM,0.08515196411120578
2022-07-01,Minimum Variance,SPY,0.128516630471006
2022-07-01,Maximum Sharpe,GLD,0.09097256133131525
2022-07-01,Maximum Sharpe,TLT,-0.01573550764483109
2022-07-01,Maximum Sharpe,QQQ,0.17993795940801705
2022-07-01,Maximum Sharpe,IEF,-0.009969572075538915
2022-07-01,Maximum Sharpe,LQD,-0.007276606964833884
2022-07-01,Maximum Sharpe,EFA,0.0373377093935939
2022-07-01,Maximum Sharpe,VNQ,0.08693648862372333
2022-07-01,Maximum Sharpe,EEM,0.030932628642523902
2022-07-01,Maximum Sharpe,IWM,0.08515196411120578
2022-07-01,Maximum Sharpe,SPY,0.128516630471006
2022-08-01,Equal Weight,GLD,0.08228269527831124
2022-08-01,Equal Weight,TLT,-0.00839680446241495
2022-08-01,Equal Weight,QQQ,0.21299879077661243
2022-08-01,Equal Weight,IEF,-0.00027136467205260016
2022-08-01,Equal Weight,LQD,0.0064769445067114845
2022-08-01,Equal Weight,EFA,0.06128390831396935
2022-08-01,Equal Weight,VNQ,0.1093504893162112
2022-08-01,Equal Weight,EEM,0.039118504273105155
2022-08-01,Equal Weight,IWM,0.11714322490577633
2022-08-01,Equal Weight,SPY,0.15367296836373318
2022-08-01,Minimum Variance,GLD,0.08228269527831124
2022-08-01,Minimum Variance,TLT,-0.00839680446241495
2022-08-01,Minimum Variance,QQQ,0.21299879077661243
2022-08-01,Minimum Variance,IEF,-0.00027136467205260016
2022-08-01,Minimum Variance,LQD,0.0064769445067114845
2022-08-01,Minimum Variance,EFA,0.06128390831396935
2022-08-01,Minimum Variance,VNQ,0.1093504893162112
2022-08-01,Minimum Variance,EEM,0.039118504273105155
2022-08-01,Minimum Variance,IWM,0.11714322490577633
2022-08-01,Minimum Variance,SPY,0.15367296836373318
2022-08-01,Maximum Sharpe,GLD,0.08228269527831124
2022-08-01,Maximum Sharpe,TLT,-0.00839680446241495
2022-08-01,Maximum Sharpe,QQQ,0.21299879077661243
2022-08-01,Maximum Sharpe,IEF,-0.00027136467205260016
2022-08-01,Maximum Sharpe,LQD,0.0064769445067114845
2022-08-01,Maximum Sharpe,EFA,0.06128390831396935
2022-08-01,Maximum Sharpe,VNQ,0.1093504893162112
2022-08-01,Maximum Sharpe,EEM,0.039118504273105155
2022-08-01,Maximum Sharpe,IWM,0.11714322490577633
2022-08-01,Maximum Sharpe,SPY,0.15367296836373318
2022-09-01,Equal Weight,GLD,0.046698199025135584
2022-09-01,Equal Weight,TLT,-0.058717575832487545
2022-09-01,Equal Weight,QQQ,0.2015078379394773
2022-09-01,Equal Weight,IEF,-0.026227895018391414
2022-09-01,Equal Weight,LQD,-0.02115337379314064
2022-09-01,Equal Weight,EFA,0.0466501156493406
2022-09-01,Equal Weight,VNQ,0.07645757560579597
2022-09-01,Equal Weight,EEM,0.04701266670719684
2022-09-01,Equal Weight,IWM,0.12698281512153814
2022-09-01,Equal Weight,SPY,0.14502473702954652
2022-09-01,Minimum Variance,GLD,0.046698199025135584
2022-09-01,Minimum Variance,TLT,-0.058717575832487545
2022-09-01,Minimum Variance,QQQ,0.2015078379394773
2022-09-01,Minimum Variance,IEF,-0.026227895018391414
2022-09-01,Minimum Variance,LQD,-0.02115337379314064
2022-09-01,Minimum Variance,EFA,0.0466501156493406
2022-09-01,Minimum Variance,VNQ,0.07645757560579597
2022-09-01,Minimum Variance,EEM,0.04701266670719684
2022-09-01,Minimum Variance,IWM,0.12698281512153814
2022-09-01,Minimum Variance,SPY,0.14502473702954652
2022-09-01,Maximum Sharpe,GLD,0.046698199025135584
2022-09-01,Maximum Sharpe,TLT,-0.058717575832487545
2022-09-01,Maximum Sharpe,QQQ,0.2015078379394773
2022-09-01,Maximum Sharpe,IEF,-0.026227895018391414
2022-09-01,Maximum Sharpe,LQD,-0.02115337379314064
2022-09-01,Maximum Sharpe,EFA,0.0466501156493406
2022-09-01,Maximum Sharpe,VNQ,0.07645757560579597
2022-09-01,Maximum Sharpe,EEM,0.04701266670719684
2022-09-01,Maximum Sharpe,IWM,0.12698281512153814
2022-09-01,Maximum Sharpe,SPY,0.14502473702954652
2022-11-01,Equal Weight,GLD,0.034238475977935064
2022-11-01,Equal Weight,TLT,-0.09446962896054188
2022-11-01,Equal Weight,QQQ,0.16246387367777687
2022-11-01,Equal Weight,IEF,-0.04371321685731773
2022-11-01,Equal Weight,LQD,-0.04279150924748108
2022-11-01,Equal Weight,EFA,0.01342355390002998
2022-11-01,Equal Weight,VNQ,0.034121768983725584
2022-11-01,Equal Weight,EEM,-0.018595590499301963
2022-11-01,Equal Weight,IWM,0.11467851393724604
2022-11-01,Equal Weight,SPY,0.12676291193836942
2022-11-01,Minimum Variance,GLD,0.034238475977935064
2022-11-01,Minimum Variance,TLT,-0.09446962896054188
2022-11-01,Minimum Variance,QQQ,0.16246387367777687
2022-11-01,Minimum Variance,IEF,-0.04371321685731773
2022-11-01,Minimum Variance,LQD,-0.04279150924748108
2022-11-01,Minimum Variance,EFA,0.01342355390002998
2022-11-01,Minimum Variance,VNQ,0.034121768983725584
2022-11-01,Minimum Variance,EEM,-0.018595590499301963
2022-11-01,Minimum Variance,IWM,0.11467851393724604
2022-11-01,Minimum Variance,SPY,0.12676291193836942
2022-11-01,Maximum Sharpe,GLD,0.034238475977935064
2022-11-01,Maximum Sharpe,TLT,-0.09446962896054188
2022-11-01,Maximum Sharpe,QQQ,0.16246387367777687
2022-11-01,Maximum Sharpe,IEF,-0.04371321685731773
2022-11-01,Maximum Sharpe,LQD,-0.04279150924748108
2022-11-01,Maximum Sharpe,EFA,0.01342355390002998
2022-11-01,Maximum Sharpe,VNQ,0.034121768983725584
2022-11-01,Maximum Sharpe,EEM,-0.018595590499301963
2022-11-01,Maximum Sharpe,IWM,0.11467851393724604
2022-11-01,Maximum Sharpe,SPY,0.12676291193836942
2022-12-01,Equal Weight,GLD,0.07261019671152077
2022-12-01,Equal Weight,TLT,-0.06953023129185733
2022-12-01,Equal Weight,QQQ,0.1687601114419685
2022-12-01,Equal Weight,IEF,-0.02940786479704205
2022-12-01,Equal Weight,LQD,-0.0225723708963457
2022-12-01,Equal Weight,EFA,0.051965449850783184
2022-12-01,Equal Weight,VNQ,0.059608924421955874
2022-12-01,Equal Weight,EEM,0.031006971271568907
2022-12-01,Equal Weight,IWM,0.10966272139019535
2022-12-01,Equal Weight,SPY,0.133763174813326
2022-12-01,Minimum Variance,GLD,0.07261019671152077
2022-12-01,Minimum Variance,TLT,-0.06953023129185733
2022-12-01,Minimum Variance,QQQ,0.1687601114419685
2022-12-01,Minimum Variance,IEF,-0.02940786479704205
2022-12-01,Minimum Variance,LQD,-0.0225723708963457
2022-12-01,Minimum Variance,EFA,0.051965449850783184
2022-12-01,Minimum Variance,VNQ,0.059608924421955874
2022-12-01,Minimum Variance,EEM,0.031006971271568907
2022-12-01,Minimum Variance,IWM,0.10966272139019535
2022-12-01,Minimum Variance,SPY,0.133763174813326
2022-12-01,Maximum Sharpe,GLD,0.07261019671152077
2022-12-01,Maximum Sharpe,TLT,-0.06953023129185733
2022-12-01,Maximum Sharpe,QQQ,0.1687601114419685
2022-12-01,Maximum Sharpe,IEF,-0.02940786479704205
2022-12-01,Maximum Sharpe,LQD,-0.0225723708963457
2022-12-01,Maximum Sharpe,EFA,0.051965449850783184
2022-12-01,Maximum Sharpe,VNQ,0.059608924421955874
2022-12-01,Maximum Sharpe,EEM,0.031006971271568907
2022-12-01,Maximum Sharpe,IWM,0.10966272139019535
2022-12-01,Maximum Sharpe,SPY,0.133763174813326
2023-02-01,Equal Weight,GLD,0.07472703143202802
2023-02-01,Equal Weight,TLT,-0.06698673690832362
2023-02-01,Equal Weight,QQQ,0.14951625982479097
2023-02-01,Equal Weight,IEF,-0.030787146425247332
2023-02-01,Equal Weight,LQD,-0.020565753013904026
2023-02-01,Equal Weight,EFA,0.07468093458783298
2023-02-01,Equal Weight,VNQ,0.06974788299864239
2023-02-01,Equal Weight,EEM,0.04753652866676489
2023-02-01,Equal Weight,IWM,0.12080660083370608
2023-02-01,Equal Weight,SPY,0.12561726470431575
2023-02-01,Minimum Variance,GLD,0.07472703143202802
2023-02-01,Minimum Variance,TLT,-0.06698673690832362
2023-02-01,Minimum Variance,QQQ,0.14951625982479097
2023-02-01,Minimum Variance,IEF,-0.030787146425247332
2023-02-01,Minimum Variance,LQD,-0.020565753013904026
2023-02-01,Minimum Variance,EFA,0.07468093458783298
2023-02-01,Minimum Variance,VNQ,0.06974788299864239
2023-02-01,Minimum Variance,EEM,0.04753652866676489
2023-02-01,Minimum Variance,IWM,0.12080660083370608
2023-02-01,Minimum Variance,SPY,0.12561726470431575
2023-02-01,Maximum Sharpe,GLD,0.07472703143202802
2023-02-01,Maximum Sharpe,TLT,-0.06698673690832362
2023-02-01,Maximum Sharpe,QQQ,0.14951625982479097
2023-02-01,Maximum Sharpe,IEF,-0.030787146425247332
2023-02-01,Maximum Sharpe,LQD,-0.020565753013904026
2023-02-01,Maximum Sharpe,EFA,0.07468093458783298
2023-02-01,Maximum Sharpe,VNQ,0.06974788299864239
2023-02-01,Maximum Sharpe,EEM,0.04753652866676489
2023-02-01,Maximum Sharpe,IWM,0.12080660083370608
2023-02-01,Maximum Sharpe,SPY,0.12561726470431575
2023-03-01,Equal Weight,GLD,0.05828109595531384
2023-03-01,Equal Weight,TLT,-0.10495583875495554
2023-03-01,Equal Weight,QQQ,0.16886478698853807
2023-03-01,Equal Weight,IEF,-0.05159493973306014
2023-03-01,Equal Weight,LQD,-0.0382952148272934
2023-03-01,Equal Weight,EFA,0.09084805927565331
2023-03-01,Equal Weight,VNQ,0.07336771139963622
2023-03-01,Equal Weight,EEM,0.033752353835082544
2023-03-01,Equal Weight,IWM,0.14554487673674146
2023-03-01,Equal Weight,SPY,0.14412557608860305
2023-03-01,Minimum Variance,GLD,0.05828109595531384
2023-03-01,Minimum Variance,TLT,-0.10495583875495554
2023-03-01,Minimum Variance,QQQ,0.16886478698853807
2023-03-01,Minimum Variance,IEF,-0.05159493973306014
2023-03-01,Minimum Variance,LQD,-0.0382952148272934
2023-03-01,Minimum Variance,EFA,0.09084805927565331
2023-03-01,Minimum Variance,VNQ,0.07336771139963622
2023-03-01,Minimum Variance,EEM,0.033752353835082544
2023-03-01,Minimum Variance,IWM,0.14554487673674146
2023-03-01,Minimum Variance,SPY,0.14412557608860305
2023-03-01,Maximum Sharpe,GLD,0.05828109595531384
2023-03-01,Maximum Sharpe,TLT,-0.10495583875495554
2023-03-01,Maximum Sharpe,QQQ,0.16886478698853807
2023-03-01,Maximum Sharpe,IEF,-0.05159493973306014
2023-03-01,Maximum Sharpe,LQD,-0.0382952148272934
2023-03-01,Maximum Sharpe,EFA,0.09084805927565331
2023-03-01,Maximum Sharpe,VNQ,0.07336771139963622
2023-03-01,Maximum Sharpe,EEM,0.033752353835082544
2023-03-01,Maximum Sharpe,IWM,0.14554487673674146
2023-03-01,Maximum Sharpe,SPY,0.14412557608860305
2023-05-01,Equal Weight,GLD,0.05618414947245828
2023-05-01,Equal Weight,TLT,-0.1210925449654304
2023-05-01,Equal Weight,QQQ,0.16673483609009287
2023-05-01,Equal Weight,IEF,-0.05082444491223307
2023-05-01,Equal Weight,LQD,-0.02401811956144161
2023-05-01,Equal Weight,EFA,0.12498900024525846
2023-05-01,Equal Weight,VNQ,0.08636707733885095
2023-05-01,Equal Weight,EEM,0.05530022939669671
2023-05-01,Equal Weight,IWM,0.13108943285129548
2023-05-01,Equal Weight,SPY,0.1500780029210543
2023-05-01,Minimum Variance,GLD,0.05618414947245828
2023-05-01,Minimum Variance,TLT,-0.1210925449654304
2023-05-01,Minimum Variance,QQQ,0.16673483609009287
2023-05-01,Minimum Variance,IEF,-0.05082444491223307
2023-05-01,Minimum Variance,LQD,-0.02401811956144161
2023-05-01,Minimum Variance,EFA,0.12498900024525846
2023-05-01,Minimum Variance,VNQ,0.08636707733885095
2023-05-01,Minimum Variance,EEM,0.05530022939669671
2023-05-01,Minimum Variance,IWM,0.13108943285129548
2023-05-01,Minimum Variance,SPY,0.1500780029210543
2023-05-01,Maximum Sharpe,GLD,0.05618414947245828
2023-05-01,Maximum Sharpe,TLT,-0.1210925449654304
2023-05-01,Maximum Sharpe,QQQ,0.16673483609009287
2023-05-01,Maximum Sharpe,IEF,-0.05082444491223307
2023-05-01,Maximum Sharpe,LQD,-0.02401811956144161
2023-05-01,Maximum Sharpe,EFA,0.12498900024525846
2023-05-01,Maximum Sharpe,VNQ,0.08636707733885095
2023-05-01,Maximum Sharpe,EEM,0.05530022939669671
2023-05-01,Maximum Sharpe,IWM,0.13108943285129548
2023-05-01,Maximum Sharpe,SPY,0.1500780029210543
2023-06-01,Equal Weight,GLD,0.049146368182345156
2023-06-01,Equal Weight,TLT,-0.12121309183253581
2023-06-01,Equal Weight,QQQ,0.17052681823600632
2023-06-01,Equal Weight,IEF,-0.05578792432400967
2023-06-01,Equal Weight,LQD,-0.035757668328225425
2023-06-01,Equal Weight,EFA,0.09992520401604366
2023-06-01,Equal Weight,VNQ,0.0695040505535276
2023-06-01,Equal Weight,EEM,0.043803018321945816
2023-06-01,Equal Weight,IWM,0.11780469988833894
2023-06-01,Equal Weight,SPY,0.13858055372492362
2023-06-01,Minimum Variance,GLD,0.049146368182345156
2023-06-01,Minimum Variance,TLT,-0.12121309183253581
2023-06-01,Minimum Variance,QQQ,0.17052681823600632
2023-06-01,Minimum Variance,IEF,-0.05578792432400967
2023-06-01,Minimum Variance,LQD,-0.035757668328225425
2023-06-01,Minimum Variance,EFA,0.09992520401604366
2023-06-01,Minimum Variance,VNQ,0.0695040505535276
2023-06-01,Minimum Variance,EEM,0.043803018321945816
2023-06-01,Minimum Variance,IWM,0.11780469988833894
2023-06-01,Minimum Variance,SPY,0.13858055372492362
2023-06-01,Maximum Sharpe,GLD,0.049146368182345156
2023-06-01,Maximum Sharpe,TLT,-0.12121309183253581
2023-06-01,Maximum Sharpe,QQQ,0.17052681823600632
2023-06-01,Maximum Sharpe,IEF,-0.05578792432400967
2023-06-01,Maximum Sharpe,LQD,-0.035757668328225425
2023-06-01,Maximum Sharpe,EFA,0.09992520401604366
2023-06-01,Maximum Sharpe,VNQ,0.0695040505535276
2023-06-01,Maximum Sharpe,EEM,0.043803018321945816
2023-06-01,Maximum Sharpe,IWM,0.11780469988833894
2023-06-01,Maximum Sharpe,SPY,0.13858055372492362
2023-08-01,Equal Weight,GLD,0.008871261101931874
2023-08-01,Equal Weight,TLT,-0.14523658090515307
2023-08-01,Equal Weight,QQQ,0.16497430363267843
2023-08-01,Equal Weight,IEF,-0.06510607407952278
2023-08-01,Equal Weight,LQD,-0.049682136955180506
2023-08-01,Equal Weight,EFA,0.09762410113594042
2023-08-01,Equal Weight,VNQ,0.07210840212453454
2023-08-01,Equal Weight,EEM,0.026563248623239482
2023-08-01,Equal Weight,IWM,0.13755728660039546
2023-08-01,Equal Weight,SPY,0.1471672355620919
2023-08-01,Minimum Variance,GLD,0.008871261101931874
2023-08-01,Minimum Variance,TLT,-0.14523658090515307
2023-08-01,Minimum Variance,QQQ,0.16497430363267843
2023-08-01,Minimum Variance,IEF,-0.06510607407952278
2023-08-01,Minimum Variance,LQD,-0.049682136955180506
2023-08-01,Minimum Variance,EFA,0.09762410113594042
2023-08-01,Minimum Variance,VNQ,0.07210840212453454
2023-08-01,Minimum Variance,EEM,0.026563248623239482
2023-08-01,Minimum Variance,IWM,0.13755728660039546
2023-08-01,Minimum Variance,SPY,0.1471672355620919
2023-08-01,Maximum Sharpe,GLD,0.008871261101931874
2023-08-01,Maximum Sharpe,TLT,-0.14523658090515307
2023-08-01,Maximum Sharpe,QQQ,0.16497430363267843
2023-08-01,Maximum Sharpe,IEF,-0.06510607407952278
2023-08-01,Maximum Sharpe,LQD,-0.049682136955180506
2023-08-01,Maximum Sharpe,EFA,0.09762410113594042
2023-08-01,Maximum Sharpe,VNQ,0.07210840212453454
2023-08-01,Maximum Sharpe,EEM,0.026563248623239482
2023-08-01,Maximum Sharpe,IWM,0.13755728660039546
2023-08-01,Maximum Sharpe,SPY,0.1471672355620919
2023-09-01,Equal Weight,GLD,0.002349464885628594
2023-09-01,Equal Weight,TLT,-0.13552767764191667
2023-09-01,Equal Weight,QQQ,0.12170250649640686
2023-09-01,Equal Weight,IEF,-0.06377287806422217
2023-09-01,Equal Weight,LQD,-0.04659128808850767
2023-09-01,Equal Weight,EFA,0.0731742048362382
2023-09-01,Equal Weight,VNQ,0.05611635652169202
2023-09-01,Equal Weight,EEM,-0.010978993087608118
2023-09-01,Equal Weight,IWM,0.10155451164087416
2023-09-01,Equal Weight,SPY,0.11508272340346615
2023-09-01,Minimum Variance,GLD,0.002349464885628594
2023-09-01,Minimum Variance,TLT,-0.13552767764191667
2023-09-01,Minimum Variance,QQQ,0.12170250649640686
2023-09-01,Minimum Variance,IEF,-0.06377287806422217
2023-09-01,Minimum Variance,LQD,-0.04659128808850767
2023-09-01,Minimum Variance,EFA,0.0731742048362382
2023-09-01,Minimum Variance,VNQ,0.05611635652169202
2023-09-01,Minimum Variance,EEM,-0.010978993087608118
2023-09-01,Minimum Variance,IWM,0.10155451164087416
2023-09-01,Minimum Variance,SPY,0.11508272340346615
2023-09-01,Maximum Sharpe,GLD,0.002349464885628594
2023-09-01,Maximum Sharpe,TLT,-0.13552767764191667
2023-09-01,Maximum Sharpe,QQQ,0.12170250649640686
2023-09-01,Maximum Sharpe,IEF,-0.06377287806422217
2023-09-01,Maximum Sharpe,LQD,-0.04659128808850767
2023-09-01,Maximum Sharpe,EFA,0.0731742048362382
2023-09-01,Maximum Sharpe,VNQ,0.05611635652169202
2023-09-01,Maximum Sharpe,EEM,-0.010978993087608118
2023-09-01,Maximum Sharpe,IWM,0.10155451164087416
2023-09-01,Maximum Sharpe,SPY,0.11508272340346615
2023-11-01,Equal Weight,GLD,0.02498829548144583
2023-11-01,Equal Weight,TLT,-0.17475058495480492
2023-11-01,Equal Weight,QQQ,0.12311404830092526
2023-11-01,Equal Weight,IEF,-0.0777412249356746
2023-11-01,Equal Weight,LQD,-0.06509711126775741
2023-11-01,Equal Weight,EFA,0.07229093168846264
2023-11-01,Equal Weight,VNQ,0.041045275443439486
2023-11-01,Equal Weight,EEM,-0.026922531898996547
2023-11-01,Equal Weight,IWM,0.06425898405739958
2023-11-01,Equal Weight,SPY,0.11326602289434905
2023-11-01,Minimum Variance,GLD,0.02498829548144583
2023-11-01,Minimum Variance,TLT,-0.17475058495480492
2023-11-01,Minimum Variance,QQQ,0.12311404830092526
2023-11-01,Minimum Variance,IEF,-0.0777412249356746
2023-11-01,Minimum Variance,LQD,-0.06509711126775741
2023-11-01,Minimum Variance,EFA,0.07229093168846264
2023-11-01,Minimum Variance,VNQ,0.041045275443439486
2023-11-01,Minimum Variance,EEM,-0.026922531898996547
2023-11-01,Minimum Variance,IWM,0.06425898405739958
2023-11-01,Minimum Variance,SPY,0.11326602289434905
2023-11-01,Maximum Sharpe,GLD,0.02498829548144583
2023-11-01,Maximum Sharpe,TLT,-0.17475058495480492
2023-11-01,Maximum Sharpe,QQQ,0.12311404830092526
2023-11-01,Maximum Sharpe,IEF,-0.0777412249356746
2023-11-01,Maximum Sharpe,LQD,-0.06509711126775741
2023-11-01,Maximum Sharpe,EFA,0.07229093168846264
2023-11-01,Maximum Sharpe,VNQ,0.041045275443439486
2023-11-01,Maximum Sharpe,EEM,-0.026922531898996547
2023-11-01,Maximum Sharpe,IWM,0.06425898405739958
2023-11-01,Maximum Sharpe,SPY,0.11326602289434905
2023-12-01,Equal Weight,GLD,0.049127608270971845
2023-12-01,Equal Weight,TLT,-0.14833923465212717
2023-12-01,Equal Weight,QQQ,0.12179740538561254
2023-12-01,Equal Weight,IEF,-0.0639212497316042
2023-12-01,Equal Weight,LQD,-0.05164260182439127
2023-12-01,Equal Weight,EFA,0.04633419874098585
2023-12-01,Equal Weight,VNQ,0.04494289379062371
2023-12-01,Equal Weight,EEM,-0.03941303024178454
2023-12-01,Equal Weight,IWM,0.03146775397270679
2023-12-01,Equal Weight,SPY,0.10601437382407401
2023-12-01,Minimum Variance,GLD,0.049127608270971845
2023-12-01,Minimum Variance,TLT,-0.14833923465212717
2023-12-01,Minimum Variance,QQQ,0.12179740538561254
2023-12-01,Minimum Variance,IEF,-0.0639212497316042
2023-12-01,Minimum Variance,LQD,-0.05164260182439127
2023-12-01,Minimum Variance,EFA,0.04633419874098585
2023-12-01,Minimum Variance,VNQ,0.04494289379062371
2023-12-01,Minimum Variance,EEM,-0.03941303024178454
2023-12-01,Minimum Variance,IWM,0.03146775397270679
2023-12-01,Minimum Variance,SPY,0.10601437382407401
2023-12-01,Maximum Sharpe,GLD,0.049127608270971845
2023-12-01,Maximum Sharpe,TLT,-0.14833923465212717
2023-12-01,Maximum Sharpe,QQQ,0.12179740538561254
2023-12-01,Maximum Sharpe,IEF,-0.0639212497316042
2023-12-01,Maximum Sharpe,LQD,-0.05164260182439127
2023-12-01,Maximum Sharpe,EFA,0.04633419874098585
2023-12-01,Maximum Sharpe,VNQ,0.04494289379062371
2023-12-01,Maximum Sharpe,EEM,-0.03941303024178454
2023-12-01,Maximum Sharpe,IWM,0.03146775397270679
2023-12-01,Maximum Sharpe,SPY,0.10601437382407401
2024-02-01,Equal Weight,GLD,0.03892966787947366
2024-02-01,Equal Weight,TLT,-0.11101891274063139
2024-02-01,Equal Weight,QQQ,0.1283298267224846
2024-02-01,Equal Weight,IEF,-0.04659216884083989
2024-02-01,Equal Weight,LQD,-0.03265361063564706
2024-02-01,Equal Weight,EFA,0.055630226008093385
2024-02-01,Equal Weight,VNQ,0.05240003789398259
2024-02-01,Equal Weight,EEM,-0.06838629724442134
2024-02-01,Equal Weight,IWM,0.019204152531828996
2024-02-01,Equal Weight,SPY,0.1189323265534794
2024-02-01,Minimum Variance,GLD,0.03892966787947366
2024-02-01,Minimum Variance,TLT,-0.11101891274063139
2024-02-01,Minimum Variance,QQQ,0.1283298267224846
2024-02-01,Minimum Variance,IEF,-0.04659216884083989
2024-02-01,Minimum Variance,LQD,-0.03265361063564706
2024-02-01,Minimum Variance,EFA,0.055630226008093385
2024-02-01,Minimum Variance,VNQ,0.05240003789398259
2024-02-01,Minimum Variance,EEM,-0.06838629724442134
2024-02-01,Minimum Variance,IWM,0.019204152531828996
2024-02-01,Minimum Variance,SPY,0.1189323265534794
2024-02-01,Maximum Sharpe,GLD,0.03892966787947366
2024-02-01,Maximum Sharpe,TLT,-0.11101891274063139
2024-02-01,Maximum Sharpe,QQQ,0.1283298267224846
2024-02-01,Maximum Sharpe,IEF,-0.04659216884083989
2024-02-01,Maximum Sharpe,LQD,-0.03265361063564706
2024-02-01,Maximum Sharpe,EFA,0.055630226008093385
2024-02-01,Maximum Sharpe,VNQ,0.05240003789398259
2024-02-01,Maximum Sharpe,EEM,-0.06838629724442134
2024-02-01,Maximum Sharpe,IWM,0.019204152531828996
2024-02-01,Maximum Sharpe,SPY,0.1189323265534794
2024-03-01,Equal Weight,GLD,0.061613393763314685
2024-03-01,Equal Weight,TLT,-0.09880850890024356
2024-03-01,Equal Weight,QQQ,0.14558143500854157
2024-03-01,Equal Weight,IEF,-0.04554023379608073
2024-03-01,Equal Weight,LQD,-0.031508535652060035
2024-03-01,Equal Weight,EFA,0.057962430564303676
2024-03-01,Equal Weight,VNQ,0.0478178086428561
2024-03-01,Equal Weight,EEM,-0.05754754066995358
2024-03-01,Equal Weight,IWM,0.01737667381113184
2024-03-01,Equal Weight,SPY,0.12654330923245385
2024-03-01,Minimum Variance,GLD,0.061613393763314685
2024-03-01,Minimum Variance,TLT,-0.09880850890024356
2024-03-01,Minimum Variance,QQQ,0.14558143500854157
2024-03-01,Minimum Variance,IEF,-0.04554023379608073
2024-03-01,Minimum Variance,LQD,-0.031508535652060035
2024-03-01,Minimum Variance,EFA,0.057962430564303676
2024-03-01,Minimum Variance,VNQ,0.0478178086428561
2024-03-01,Minimum Variance,EEM,-0.05754754066995358
2024-03-01,Minimum Variance,IWM,0.01737667381113184
2024-03-01,Minimum Variance,SPY,0.12654330923245385
2024-03-01,Maximum Sharpe,GLD,0.061613393763314685
2024-03-01,Maximum Sharpe,TLT,-0.09880850890024356
2024-03-01,Maximum Sharpe,QQQ,0.14558143500854157
2024-03-01,Maximum Sharpe,IEF,-0.04554023379608073
2024-03-01,Maximum Sharpe,LQD,-0.031508535652060035
2024-03-01,Maximum Sharpe,EFA,0.057962430564303676
2024-03-01,Maximum Sharpe,VNQ,0.0478178086428561
2024-03-01,Maximum Sharpe,EEM,-0.05754754066995358
2024-03-01,Maximum Sharpe,IWM,0.01737667381113184
2024-03-01,Maximum Sharpe,SPY,0.12654330923245385
2024-04-01,Equal Weight,GLD,0.09348678233743433
2024-04-01,Equal Weight,TLT,-0.07871594689235097
2024-04-01,Equal Weight,QQQ,0.14371175462477104
2024-04-01,Equal Weight,IEF,-0.03520367944737346
2024-04-01,Equal Weight,LQD,-0.021581449008395273
2024-04-01,Equal Weight,EFA,0.06089653443428819
2024-04-01,Equal Weight,VNQ,0.037589305179391984
2024-04-01,Equal Weight,EEM,-0.047226312918680784
2024-04-01,Equal Weight,IWM,0.022990532167123538
2024-04-01,Equal Weight,SPY,0.12268348482304384
2024-04-01,Minimum Variance,GLD,0.09348678233743433
2024-04-01,Minimum Variance,TLT,-0.07871594689235097
2024-04-01,Minimum Variance,QQQ,0.14371175462477104
2024-04-01,Minimum Variance,IEF,-0.03520367944737346
2024-04-01,Minimum Variance,LQD,-0.021581449008395273
2024-04-01,Minimum Variance,EFA,0.06089653443428819
2024-04-01,Minimum Variance,VNQ,0.037589305179391984
2024-04-01,Minimum Variance,EEM,-0.047226312918680784
2024-04-01,Minimum Variance,IWM,0.022990532167123538
2024-04-01,Minimum Variance,SPY,0.12268348482304384
2024-04-01,Maximum Sharpe,GLD,0.09348678233743433
2024-04-01,Maximum Sharpe,TLT,-0.07871594689235097
2024-04-01,Maximum Sharpe,QQQ,0.14371175462477104
2024-04-01,Maximum Sharpe,IEF,-0.03520367944737346
2024-04-01,Maximum Sharpe,LQD,-0.021581449008395273
2024-04-01,Maximum Sharpe,EFA,0.06089653443428819
2024-04-01,Maximum Sharpe,VNQ,0.037589305179391984
2024-04-01,Maximum Sharpe,EEM,-0.047226312918680784
2024-04-01,Maximum Sharpe,IWM,0.022990532167123538
2024-04-01,Maximum Sharpe,SPY,0.12268348482304384
2024-05-01,Equal Weight,GLD,0.09182401283262187
2024-05-01,Equal Weight,TLT,-0.10899354214101552
2024-05-01,Equal Weight,QQQ,0.10953944653369656
2024-05-01,Equal Weight,IEF,-0.04905184285678566
2024-05-01,Equal Weight,LQD,-0.03598399664392396
2024-05-01,Equal Weight,EFA,0.040045438515224366
2024-05-01,Equal Weight,VNQ,-0.014937480739312966
2024-05-01,Equal Weight,EEM,-0.05182191986916032
2024-05-01,Equal Weight,IWM,-0.006577226687950142
2024-05-01,Equal Weight,SPY,0.09162257725489276
2024-05-01,Minimum Variance,GLD,0.09182401283262187
2024-05-01,Minimum Variance,TLT,-0.10899354214101552
2024-05-01,Minimum Variance,QQQ,0.10953944653369656
2024-05-01,Minimum Variance,IEF,-0.04905184285678566
2024-05-01,Minimum Variance,LQD,-0.03598399664392396
2024-05-01,Minimum Variance,EFA,0.040045438515224366
2024-05-01,Minimum Variance,VNQ,-0.014937480739312966
2024-05-01,Minimum Variance,EEM,-0.05182191986916032
2024-05-01,Minimum Variance,IWM,-0.006577226687950142
2024-05-01,Minimum Variance,SPY,0.09162257725489276
2024-05-01,Maximum Sharpe,GLD,0.09182401283262187
2024-05-01,Maximum Sharpe,TLT,-0.10899354214101552
2024-05-01,Maximum Sharpe,QQQ,0.10953944653369656
2024-05-01,Maximum Sharpe,IEF,-0.04905184285678566
2024-05-01,Maximum Sharpe,LQD,-0.03598399664392396
2024-05-01,Maximum Sharpe,EFA,0.040045438515224366
2024-05-01,Maximum Sharpe,VNQ,-0.014937480739312966
2024-05-01,Maximum Sharpe,EEM,-0.05182191986916032
2024-05-01,Maximum Sharpe,IWM,-0.006577226687950142
2024-05-01,Maximum Sharpe,SPY,0.09162257725489276
2024-07-01,Equal Weight,GLD,0.09717300239600991
2024-07-01,Equal Weight,TLT,-0.10788203652287484
2024-07-01,Equal Weight,QQQ,0.13406665191551578
2024-07-01,Equal Weight,IEF,-0.043849240100437656
2024-07-01,Equal Weight,LQD,-0.03606818769844105
2024-07-01,Equal Weight,EFA,0.04250243997151308
2024-07-01,Equal Weight,VNQ,-0.005334958926915106
2024-07-01,Equal Weight,EEM,-0.04562213963527649
2024-07-01,Equal Weight,IWM,-0.001439669048863088
2024-07-01,Equal Weight,SPY,0.11009486544955514
2024-07-01,Minimum Variance,GLD,0.09717300239600991
2024-07-01,Minimum Variance,TLT,-0.10788203652287484
2024-07-01,Minimum Variance,QQQ,0.13406665191551578
2024-07-01,Minimum Variance,IEF,-0.043849240100437656
2024-07-01,Minimum Variance,LQD,-0.03606818769844105
2024-07-01,Minimum Variance,EFA,0.04250243997151308
2024-07-01,Minimum Variance,VNQ,-0.005334958926915106
2024-07-01,Minimum Variance,EEM,-0.04562213963527649
2024-07-01,Minimum Variance,IWM,-0.001439669048863088
2024-07-01,Minimum Variance,SPY,0.11009486544955514
2024-07-01,Maximum Sharpe,GLD,0.09717300239600991
2024-07-01,Maximum Sharpe,TLT,-0.10788203652287484
2024-07-01,Maximum Sharpe,QQQ,0.13406665191551578
2024-07-01,Maximum Sharpe,IEF,-0.043849240100437656
2024-07-01,Maximum Sharpe,LQD,-0.03606818769844105
2024-07-01,Maximum Sharpe,EFA,0.04250243997151308
2024-07-01,Maximum Sharpe,VNQ,-0.005334958926915106
2024-07-01,Maximum Sharpe,EEM,-0.04562213963527649
2024-07-01,Maximum Sharpe,IWM,-0.001439669048863088
2024-07-01,Maximum Sharpe,SPY,0.11009486544955514
2024-08-01,Equal Weight,GLD,0.10647294033035196
2024-08-01,Equal Weight,TLT,-0.10805902245237718
2024-08-01,Equal Weight,QQQ,0.11944121464848781
2024-08-01,Equal Weight,IEF,-0.040822740373330786
2024-08-01,Equal Weight,LQD,-0.03199071325422657
2024-08-01,Equal Weight,EFA,0.04842601257866654
2024-08-01,Equal Weight,VNQ,0.005807863128795453
2024-08-01,Equal Weight,EEM,-0.020749047320879576
2024-08-01,Equal Weight,IWM,0.043970753416515185
2024-08-01,Equal Weight,SPY,0.10602388622725867
2024-08-01,Minimum Variance,GLD,0.10647294033035196
2024-08-01,Minimum Variance,TLT,-0.10805902245237718
2024-08-01,Minimum Variance,QQQ,0.11944121464848781
2024-08-01,Minimum Variance,IEF,-0.040822740373330786
2024-08-01,Minimum Variance,LQD,-0.03199071325422657
2024-08-01,Minimum Variance,EFA,0.04842601257866654
2024-08-01,Minimum Variance,VNQ,0.005807863128795453
2024-08-01,Minimum Variance,EEM,-0.020749047320879576
2024-08-01,Minimum Variance,IWM,0.043970753416515185
2024-08-01,Minimum Variance,SPY,0.10602388622725867
2024-08-01,Maximum Sharpe,GLD,0.10647294033035196
2024-08-01,Maximum Sharpe,TLT,-0.10805902245237718
2024-08-01,Maximum Sharpe,QQQ,0.11944121464848781
2024-08-01,Maximum Sharpe,IEF,-0.040822740373330786
2024-08-01,Maximum Sharpe,LQD,-0.03199071325422657
2024-08-01,Maximum Sharpe,EFA,0.04842601257866654
2024-08-01,Maximum Sharpe,VNQ,0.005807863128795453
2024-08-01,Maximum Sharpe,EEM,-0.020749047320879576
2024-08-01,Maximum Sharpe,IWM,0.043970753416515185
2024-08-01,Maximum Sharpe,SPY,0.10602388622725867
2024-10-01,Equal Weight,GLD,0.14129694294112516
2024-10-01,Equal Weight,TLT,-0.08348427662970227
2024-10-01,Equal Weight,QQQ,0.13868480878562733
2024-10-01,Equal Weight,IEF,-0.025043773821385742
2024-10-01,Equal Weight,LQD,-0.01308473276841576
2024-10-01,Equal Weight,EFA,0.06857980972747496
2024-10-01,Equal Weight,VNQ,0.046125475750156505
2024-10-01,Equal Weight,EEM,0.009678801496203334
2024-10-01,Equal Weight,IWM,0.04394968955226667
2024-10-01,Equal Weight,SPY,0.12742490353047342
2024-10-01,Minimum Variance,GLD,0.14129694294112516
2024-10-01,Minimum Variance,TLT,-0.08348427662970227
2024-10-01,Minimum Variance,QQQ,0.13868480878562733
2024-10-01,Minimum Variance,IEF,-0.025043773821385742
2024-10-01,Minimum Variance,LQD,-0.01308473276841576
2024-10-01,Minimum Variance,EFA,0.06857980972747496
2024-10-01,Minimum Variance,VNQ,0.046125475750156505
2024-10-01,Minimum Variance,EEM,0.009678801496203334
2024-10-01,Minimum Variance,IWM,0.04394968955226667
2024-10-01,Minimum Variance,SPY,0.12742490353047342
2024-10-01,Maximum Sharpe,GLD,0.14129694294112516
2024-10-01,Maximum Sharpe,TLT,-0.08348427662970227
2024-10-01,Maximum Sharpe,QQQ,0.13868480878562733
2024-10-01,Maximum Sharpe,IEF,-0.025043773821385742
2024-10-01,Maximum Sharpe,LQD,-0.01308473276841576
2024-10-01,Maximum Sharpe,EFA,0.06857980972747496
2024-10-01,Maximum Sharpe,VNQ,0.046125475750156505
2024-10-01,Maximum Sharpe,EEM,0.009678801496203334
2024-10-01,Maximum Sharpe,IWM,0.04394968955226667
2024-10-01,Maximum Sharpe,SPY,0.12742490353047342
2024-11-01,Equal Weight,GLD,0.1501184373476871
2024-11-01,Equal Weight,TLT,-0.11016020913311558
2024-11-01,Equal Weight,QQQ,0.1102048280661001
2024-11-01,Equal Weight,IEF,-0.03497542075168072
2024-11-01,Equal Weight,LQD,-0.02559688343167522
2024-11-01,Equal Weight,EFA,0.0399103195245908
2024-11-01,Equal Weight,VNQ,0.01165677681015664
2024-11-01,Equal Weight,EEM,-0.004211808284885065
2024-11-01,Equal Weight,IWM,0.025215181669700177
2024-11-01,Equal Weight,SPY,0.1014500943952511
2024-11-01,Minimum Variance,GLD,0.1501184373476871
2024-11-01,Minimum Variance,TLT,-0.11016020913311558
2024-11-01,Minimum Variance,QQQ,0.1102048280661001
2024-11-01,Minimum Variance,IEF,-0.03497542075168072
2024-11-01,Minimum Variance,LQD,-0.02559688343167522
2024-11-01,Minimum Variance,EFA,0.0399103195245908
2024-11-01,Minimum Variance,VNQ,0.01165677681015664
2024-11-01,Minimum Variance,EEM,-0.004211808284885065
2024-11-01,Minimum Variance,IWM,0.025215181669700177
2024-11-01,Minimum Variance,SPY,0.1014500943952511
2024-11-01,Maximum Sharpe,GLD,0.1501184373476871
2024-11-01,Maximum Sharpe,TLT,-0.11016020913311558
2024-11-01,Maximum Sharpe,QQQ,0.1102048280661001
2024-11-01,Maximum Sharpe,IEF,-0.03497542075168072
2024-11-01,Maximum Sharpe,LQD,-0.02559688343167522
2024-11-01,Maximum Sharpe,EFA,0.0399103195245908
2024-11-01,Maximum Sharpe,VNQ,0.01165677681015664
2024-11-01,Maximum Sharpe,EEM,-0.004211808284885065
2024-11-01,Maximum Sharpe,IWM,0.025215181669700177
2024-11-01,Maximum Sharpe,SPY,0.1014500943952511
2025-04-01,Equal Weight,GLD,0.1669778168290657
2025-04-01,Equal Weight,TLT,-0.075654588032527
2025-04-01,Equal Weight,QQQ,0.11938618160322381
2025-04-01,Equal Weight,IEF,-0.006925270337858141
2025-04-01,Equal Weight,LQD,0.008989616022972349
2025-04-01,Equal Weight,EFA,0.0773843135253123
2025-04-01,Equal Weight,VNQ,0.0019428670580280544
2025-04-01,Equal Weight,EEM,0.029055234843892653
2025-04-01,Equal Weight,IWM,0.02971270342942692
2025-04-01,Equal Weight,SPY,0.10103544901697112
2025-04-01,Minimum Variance,GLD,0.1669778168290657
2025-04-01,Minimum Variance,TLT,-0.075654588032527
2025-04-01,Minimum Variance,QQQ,0.11938618160322381
2025-04-01,Minimum Variance,IEF,-0.006925270337858141
2025-04-01,Minimum Variance,LQD,0.008989616022972349
2025-04-01,Minimum Variance,EFA,0.0773843135253123
2025-04-01,Minimum Variance,VNQ,0.0019428670580280544
2025-04-01,Minimum Variance,EEM,0.029055234843892653
2025-04-01,Minimum Variance,IWM,0.02971270342942692
2025-04-01,Minimum Variance,SPY,0.10103544901697112
2025-04-01,Maximum Sharpe,GLD,0.1669778168290657
2025-04-01,Maximum Sharpe,TLT,-0.075654588032527
2025-04-01,Maximum Sharpe,QQQ,0.11938618160322381
2025-04-01,Maximum Sharpe,IEF,-0.006925270337858141
2025-04-01,Maximum Sharpe,LQD,0.008989616022972349
2025-04-01,Maximum Sharpe,EFA,0.0773843135253123
2025-04-01,Maximum Sharpe,VNQ,0.0019428670580280544
2025-04-01,Maximum Sharpe,EEM,0.029055234843892653
2025-04-01,Maximum Sharpe,IWM,0.02971270342942692
2025-04-01,Maximum Sharpe,SPY,0.10103544901697112
2025-05-01,Equal Weight,GLD,0.1924458685878753
2025-05-01,Equal Weight,TLT,-0.04686080881450864
2025-05-01,Equal Weight,QQQ,0.1756618822762711
2025-05-01,Equal Weight,IEF,0.011069561128275184
2025-05-01,Equal Weight,LQD,0.031327441559966675
2025-05-01,Equal Weight,EFA,0.11465095659179537
2025-05-01,Equal Weight,VNQ,0.00856174934083663
2025-05-01,Equal Weight,EEM,0.05217793619601613
2025-05-01,Equal Weight,IWM,0.05890423947094336
2025-05-01,Equal Weight,SPY,0.13152260819339925
2025-05-01,Minimum Variance,GLD,0.1924458685878753
2025-05-01,Minimum Variance,TLT,-0.04686080881450864
2025-05-01,Minimum Variance,QQQ,0.1756618822762711
2025-05-01,Minimum Variance,IEF,0.011069561128275184
2025-05-01,Minimum Variance,LQD,0.031327441559966675
2025-05-01,Minimum Variance,EFA,0.11465095659179537
2025-05-01,Minimum Variance,VNQ,0.00856174934083663
2025-05-01,Minimum Variance,EEM,0.05217793619601613
2025-05-01,Minimum Variance,IWM,0.05890423947094336
2025-05-01,Minimum Variance,SPY,0.13152260819339925
2025-05-01,Maximum Sharpe,GLD,0.1924458685878753
2025-05-01,Maximum Sharpe,TLT,-0.04686080881450864
2025-05-01,Maximum Sharpe,QQQ,0.1756618822762711
2025-05-01,Maximum Sharpe,IEF,0.011069561128275184
2025-05-01,Maximum Sharpe,LQD,0.031327441559966675
2025-05-01,Maximum Sharpe,EFA,0.11465095659179537
2025-05-01,Maximum Sharpe,VNQ,0.00856174934083663
2025-05-01,Maximum Sharpe,EEM,0.05217793619601613
2025-05-01,Maximum Sharpe,IWM,0.05890423947094336
2025-05-01,Maximum Sharpe,SPY,0.13152260819339925
2025-07-01,Equal Weight,GLD,0.21110298187485038
2025-07-01,Equal Weight,TLT,-0.037999279322448926
2025-07-01,Equal Weight,QQQ,0.25929431674886616
2025-07-01,Equal Weight,IEF,0.012848074429878443
2025-07-01,Equal Weight,LQD,0.044865893067109044
2025-07-01,Equal Weight,EFA,0.16125720648848751
2025-07-01,Equal Weight,VNQ,0.054798601945364456
2025-07-01,Equal Weight,EEM,0.10264952367117001
2025-07-01,Equal Weight,IWM,0.12050665321227629
2025-07-01,Equal Weight,SPY,0.19509179430918883
2025-07-01,Minimum Variance,GLD,0.21110298187485038
2025-07-01,Minimum Variance,TLT,-0.037999279322448926
2025-07-01,Minimum Variance,QQQ,0.25929431674886616
2025-07-01,Minimum Variance,IEF,0.012848074429878443
2025-07-01,Minimum Variance,LQD,0.044865893067109044
2025-07-01,Minimum Variance,EFA,0.16125720648848751
2025-07-01,Minimum Variance,VNQ,0.054798601945364456
2025-07-01,Minimum Variance,EEM,0.10264952367117001
2025-07-01,Minimum Variance,IWM,0.12050665321227629
2025-07-01,Minimum Variance,SPY,0.19509179430918883
2025-07-01,Maximum Sharpe,GLD,0.21110298187485038
2025-07-01,Maximum Sharpe,TLT,-0.037999279322448926
2025-07-01,Maximum Sharpe,QQQ,0.25929431674886616
2025-07-01,Maximum Sharpe,IEF,0.012848074429878443
2025-07-01,Maximum Sharpe,LQD,0.044865893067109044
2025-07-01,Maximum Sharpe,EFA,0.16125720648848751
2025-07-01,Maximum Sharpe,VNQ,0.054798601945364456
2025-07-01,Maximum Sharpe,EEM,0.10264952367117001
2025-07-01,Maximum Sharpe,IWM,0.12050665321227629
2025-07-01,Maximum Sharpe,SPY,0.19509179430918883
2025-08-01,Equal Weight,GLD,0.21724210648737474
2025-08-01,Equal Weight,TLT,-0.04994688780550187
2025-08-01,Equal Weight,QQQ,0.22612250909117226
2025-08-01,Equal Weight,IEF,0.0009541887125678297
2025-08-01,Equal Weight,LQD,0.029792336383695103
2025-08-01,Equal Weight,EFA,0.13660190814634396
2025-08-01,Equal Weight,VNQ,0.027142593256604355
2025-08-01,Equal Weight,EEM,0.1054790319858741
2025-08-01,Equal Weight,IWM,0.09179870714217117
2025-08-01,Equal Weight,SPY,0.17225168909571953
2025-08-01,Minimum Variance,GLD,0.21724210648737474
2025-08-01,Minimum Variance,TLT,-0.04994688780550187
2025-08-01,Minimum Variance,QQQ,0.22612250909117226
2025-08-01,Minimum Variance,IEF,0.0009541887125678297
2025-08-01,Minimum Variance,LQD,0.029792336383695103
2025-08-01,Minimum Variance,EFA,0.13660190814634396
2025-08-01,Minimum Variance,VNQ,0.027142593256604355
2025-08-01,Minimum Variance,EEM,0.1054790319858741
2025-08-01,Minimum Variance,IWM,0.09179870714217117
2025-08-01,Minimum Variance,SPY,0.17225168909571953
2025-08-01,Maximum Sharpe,GLD,0.21724210648737474
2025-08-01,Maximum Sharpe,TLT,-0.04994688780550187
2025-08-01,Maximum Sharpe,QQQ,0.22612250909117226
2025-08-01,Maximum Sharpe,IEF,0.0009541887125678297
2025-08-01,Maximum Sharpe,LQD,0.029792336383695103
2025-08-01,Maximum Sharpe,EFA,0.13660190814634396
2025-08-01,Maximum Sharpe,VNQ,0.027142593256604355
2025-08-01,Maximum Sharpe,EEM,0.1054790319858741
2025-08-01,Maximum Sharpe,IWM,0.09179870714217117
2025-08-01,Maximum Sharpe,SPY,0.17225168909571953
2025-10-01,Equal Weight,GLD,0.2913318669497154
2025-10-01,Equal Weight,TLT,0.005116128081338535
2025-10-01,Equal Weight,QQQ,0.3007740494806878
2025-10-01,Equal Weight,IEF,0.03775864589695564
2025-10-01,Equal Weight,LQD,0.07502016544552827
2025-10-01,Equal Weight,EFA,0.21136363124374863
2025-10-01,Equal Weight,VNQ,0.10477218208289416
2025-10-01,Equal Weight,EEM,0.1827091564546557
2025-10-01,Equal Weight,IWM,0.1658239455486845
2025-10-01,Equal Weight,SPY,0.23666573782495884
2025-10-01,Minimum Variance,GLD,0.2913318669497154
2025-10-01,Minimum Variance,TLT,0.005116128081338535
2025-10-01,Minimum Variance,QQQ,0.3007740494806878
2025-10-01,Minimum Variance,IEF,0.03775864589695564
2025-10-01,Minimum Variance,LQD,0.07502016544552827
2025-10-01,Minimum Variance,EFA,0.21136363124374863
2025-10-01,Minimum Variance,VNQ,0.10477218208289416
2025-10-01,Minimum Variance,EEM,0.1827091564546557
2025-10-01,Minimum Variance,IWM,0.1658239455486845
2025-10-01,Minimum Variance,SPY,0.23666573782495884
2025-10-01,Maximum Sharpe,GLD,0.2913318669497154
2025-10-01,Maximum Sharpe,TLT,0.005116128081338535
2025-10-01,Maximum Sharpe,QQQ,0.3007740494806878
2025-10-01,Maximum Sharpe,IEF,0.03775864589695564
2025-10-01,Maximum Sharpe,LQD,0.07502016544552827
2025-10-01,Maximum Sharpe,EFA,0.21136363124374863
2025-10-01,Maximum Sharpe,VNQ,0.10477218208289416
2025-10-01,Maximum Sharpe,EEM,0.1827091564546557
2025-10-01,Maximum Sharpe,IWM,0.1658239455486845
2025-10-01,Maximum Sharpe,SPY,0.23666573782495884
2025-12-01,Equal Weight,GLD,0.30051787514651274
2025-12-01,Equal Weight,TLT,0.00711649879989193
2025-12-01,Equal Weight,QQQ,0.2775990685423677
2025-12-01,Equal Weight,IEF,0.03619137656897414
2025-12-01,Equal Weight,LQD,0.05905523373916207
2025-12-01,Equal Weight,EFA,0.15551802230039252
2025-12-01,Equal Weight,VNQ,0.07062647682209686
2025-12-01,Equal Weight,EEM,0.14527007295179298
2025-12-01,Equal Weight,IWM,0.1310073763256993
2025-12-01,Equal Weight,SPY,0.19928873443323558
2025-12-01,Minimum Variance,GLD,0.30051787514651274
2025-12-01,Minimum Variance,TLT,0.00711649879989193
2025-12-01,Minimum Variance,QQQ,0.2775990685423677
2025-12-01,Minimum Variance,IEF,0.03619137656897414
2025-12-01,Minimum Variance,LQD,0.05905523373916207
2025-12-01,Minimum Variance,EFA,0.15551802230039252
2025-12-01,Minimum Variance,VNQ,0.07062647682209686
2025-12-01,Minimum Variance,EEM,0.14527007295179298
2025-12-01,Minimum Variance,IWM,0.1310073763256993
2025-12-01,Minimum Variance,SPY,0.19928873443323558
2025-12-01,Maximum Sharpe,GLD,0.30051787514651274
2025-12-01,Maximum Sharpe,TLT,0.00711649879989193
2025-12-01,Maximum Sharpe,QQQ,0.2775990685423677
2025-12-01,Maximum Sharpe,IEF,0.03619137656897414
2025-12-01,Maximum Sharpe,LQD,0.05905523373916207
2025-12-01,Maximum Sharpe,EFA,0.15551802230039252
2025-12-01,Maximum Sharpe,VNQ,0.07062647682209686
2025-12-01,Maximum Sharpe,EEM,0.14527007295179298
2025-12-01,Maximum Sharpe,IWM,0.1310073763256993
2025-12-01,Maximum Sharpe,SPY,0.19928873443323558
2026-04-01,Equal Weight,GLD,0.3060456733367929
2026-04-01,Equal Weight,TLT,-0.01810423696447138
2026-04-01,Equal Weight,QQQ,0.2220861923684439
2026-04-01,Equal Weight,IEF,0.02477861542475983
2026-04-01,Equal Weight,LQD,0.04482331321420175
2026-04-01,Equal Weight,EFA,0.14596244624163618
2026-04-01,Equal Weight,VNQ,0.0771751085201418
2026-04-01,Equal Weight,EEM,0.16180138897621363
2026-04-01,Equal Weight,IWM,0.14486455935959958
2026-04-01,Equal Weight,SPY,0.17963964043359562
2026-04-01,Minimum Variance,GLD,0.3060456733367929
2026-04-01,Minimum Variance,TLT,-0.01810423696447138
2026-04-01,Minimum Variance,QQQ,0.2220861923684439
2026-04-01,Minimum Variance,IEF,0.02477861542475983
2026-04-01,Minimum Variance,LQD,0.04482331321420175
2026-04-01,Minimum Variance,EFA,0.14596244624163618
2026-04-01,Minimum Variance,VNQ,0.0771751085201418
2026-04-01,Minimum Variance,EEM,0.16180138897621363
2026-04-01,Minimum Variance,IWM,0.14486455935959958
2026-04-01,Minimum Variance,SPY,0.17963964043359562
2026-04-01,Maximum Sharpe,GLD,0.3060456733367929
2026-04-01,Maximum Sharpe,TLT,-0.01810423696447138
2026-04-01,Maximum Sharpe,QQQ,0.2220861923684439
2026-04-01,Maximum Sharpe,IEF,0.02477861542475983
2026-04-01,Maximum Sharpe,LQD,0.04482331321420175
2026-04-01,Maximum Sharpe,EFA,0.14596244624163618
2026-04-01,Maximum Sharpe,VNQ,0.0771751085201418
2026-04-01,Maximum Sharpe,EEM,0.16180138897621363
2026-04-01,Maximum Sharpe,IWM,0.14486455935959958
2026-04-01,Maximum Sharpe,SPY,0.17963964043359562
2026-05-01,Equal Weight,GLD,0.2975501225550407
2026-05-01,Equal Weight,TLT,-0.022216043662224207
2026-05-01,Equal Weight,QQQ,0.26873402723659384
2026-05-01,Equal Weight,IEF,0.021425909987249216
2026-05-01,Equal Weight,LQD,0.04361081907064393
2026-05-01,Equal Weight,EFA,0.1537413138130925
2026-05-01,Equal Weight,VNQ,0.10354836155101779
2026-05-01,Equal Weight,EEM,0.20491691182274666
2026-05-01,Equal Weight,IWM,0.18882956256809344
2026-05-01,Equal Weight,SPY,0.2073738987943693
2026-05-01,Minimum Variance,GLD,0.2975501225550407
2026-05-01,Minimum Variance,TLT,-0.022216043662224207
2026-05-01,Minimum Variance,QQQ,0.26873402723659384
2026-05-01,Minimum Variance,IEF,0.021425909987249216
2026-05-01,Minimum Variance,LQD,0.04361081907064393
2026-05-01,Minimum Variance,EFA,0.1537413138130925
2026-05-01,Minimum Variance,VNQ,0.10354836155101779
2026-05-01,Minimum Variance,EEM,0.20491691182274666
2026-05-01,Minimum Variance,IWM,0.18882956256809344
2026-05-01,Minimum Variance,SPY,0.2073738987943693
2026-05-01,Maximum Sharpe,GLD,0.2975501225550407
2026-05-01,Maximum Sharpe,TLT,-0.022216043662224207
2026-05-01,Maximum Sharpe,QQQ,0.26873402723659384
2026-05-01,Maximum Sharpe,IEF,0.021425909987249216
2026-05-01,Maximum Sharpe,LQD,0.04361081907064393
2026-05-01,Maximum Sharpe,EFA,0.1537413138130925
2026-05-01,Maximum Sharpe,VNQ,0.10354836155101779
2026-05-01,Maximum Sharpe,EEM,0.20491691182274666
2026-05-01,Maximum Sharpe,IWM,0.18882956256809344
2026-05-01,Maximum Sharpe,SPY,0.2073738987943693
2026-06-01,Equal Weight,GLD,0.2979012206059256
2026-06-01,Equal Weight,TLT,-0.010523822207447802
2026-06-01,Equal Weight,QQQ,0.2776445923905606
2026-06-01,Equal Weight,IEF,0.026196354234603963
2026-06-01,Equal Weight,LQD,0.05250945545173455
2026-06-01,Equal Weight,EFA,0.17611009111502768
2026-06-01,Equal Weight,VNQ,0.11493179964822717
2026-06-01,Equal Weight,EEM,0.23775274823615847
2026-06-01,Equal Weight,IWM,0.20683227703365886
2026-06-01,Equal Weight,SPY,0.22350493500491644
2026-06-01,Minimum Variance,GLD,0.2979012206059256
2026-06-01,Minimum Variance,TLT,-0.010523822207447802
2026-06-01,Minimum Variance,QQQ,0.2776445923905606
2026-06-01,Minimum Variance,IEF,0.026196354234603963
2026-06-01,Minimum Variance,LQD,0.05250945545173455
2026-06-01,Minimum Variance,EFA,0.17611009111502768
2026-06-01,Minimum Variance,VNQ,0.11493179964822717
2026-06-01,Minimum Variance,EEM,0.23775274823615847
2026-06-01,Minimum Variance,IWM,0.20683227703365886
2026-06-01,Minimum Variance,SPY,0.22350493500491644
2026-06-01,Maximum Sharpe,GLD,0.2979012206059256
2026-06-01,Maximum Sharpe,TLT,-0.010523822207447802
2026-06-01,Maximum Sharpe,QQQ,0.2776445923905606
2026-06-01,Maximum Sharpe,IEF,0.026196354234603963
2026-06-01,Maximum Sharpe,LQD,0.05250945545173455
2026-06-01,Maximum Sharpe,EFA,0.17611009111502768
2026-06-01,Maximum Sharpe,VNQ,0.11493179964822717
2026-06-01,Maximum Sharpe,EEM,0.23775274823615847
2026-06-01,Maximum Sharpe,IWM,0.20683227703365886
2026-06-01,Maximum Sharpe,SPY,0.22350493500491644
2026-07-01,Equal Weight,GLD,0.26485905648867164
2026-07-01,Equal Weight,TLT,-0.007507390252872069
2026-07-01,Equal Weight,QQQ,0.25769968314320113
2026-07-01,Equal Weight,IEF,0.031229982529307802
2026-07-01,Equal Weight,LQD,0.050142019503355256
2026-07-01,Equal Weight,EFA,0.16393781284321
2026-07-01,Equal Weight,VNQ,0.10211625039001036
2026-07-01,Equal Weight,EEM,0.22615316824616732
2026-07-01,Equal Weight,IWM,0.19298368081889924
2026-07-01,Equal Weight,SPY,0.1992139104695839
2026-07-01,Minimum Variance,GLD,0.26485905648867164
2026-07-01,Minimum Variance,TLT,-0.007507390252872069
2026-07-01,Minimum Variance,QQQ,0.25769968314320113
2026-07-01,Minimum Variance,IEF,0.031229982529307802
2026-07-01,Minimum Variance,LQD,0.050142019503355256
2026-07-01,Minimum Variance,EFA,0.16393781284321
2026-07-01,Minimum Variance,VNQ,0.10211625039001036
2026-07-01,Minimum Variance,EEM,0.22615316824616732
2026-07-01,Minimum Variance,IWM,0.19298368081889924
2026-07-01,Minimum Variance,SPY,0.1992139104695839
2026-07-01,Maximum Sharpe,GLD,0.26485905648867164
2026-07-01,Maximum Sharpe,TLT,-0.007507390252872069
2026-07-01,Maximum Sharpe,QQQ,0.25769968314320113
2026-07-01,Maximum Sharpe,IEF,0.031229982529307802
2026-07-01,Maximum Sharpe,LQD,0.050142019503355256
2026-07-01,Maximum Sharpe,EFA,0.16393781284321
2026-07-01,Maximum Sharpe,VNQ,0.10211625039001036
2026-07-01,Maximum Sharpe,EEM,0.22615316824616732
2026-07-01,Maximum Sharpe,IWM,0.19298368081889924
2026-07-01,Maximum Sharpe,SPY,0.1992139104695839
