date,training_start,training_end,holding_start,holding_end,strategy,asset,weight,scenario_count,training_observations,objective_cvar,turnover,cost_bps
2018-02-01,2017-02-01,2018-01-31,2018-02-01,2018-02-28,Minimum CVaR,GLD,0.0747754143168159,252,252,0.00401694900624328,0,0
2018-02-01,2017-02-01,2018-01-31,2018-02-01,2018-02-28,Minimum CVaR,EFA,0.0988866888715961,252,252,0.00401694900624328,0,0
2018-02-01,2017-02-01,2018-01-31,2018-02-01,2018-02-28,Minimum CVaR,IWM,0,252,252,0.00401694900624328,0,0
2018-02-01,2017-02-01,2018-01-31,2018-02-01,2018-02-28,Minimum CVaR,VNQ,0,252,252,0.00401694900624328,0,0
2018-02-01,2017-02-01,2018-01-31,2018-02-01,2018-02-28,Minimum CVaR,EEM,0,252,252,0.00401694900624328,0,0
2018-02-01,2017-02-01,2018-01-31,2018-02-01,2018-02-28,Minimum CVaR,SPY,0.226337896811588,252,252,0.00401694900624328,0,0
2018-02-01,2017-02-01,2018-01-31,2018-02-01,2018-02-28,Minimum CVaR,TLT,0,252,252,0.00401694900624328,0,0
2018-02-01,2017-02-01,2018-01-31,2018-02-01,2018-02-28,Minimum CVaR,LQD,0.3,252,252,0.00401694900624328,0,0
2018-02-01,2017-02-01,2018-01-31,2018-02-01,2018-02-28,Minimum CVaR,QQQ,0,252,252,0.00401694900624328,0,0
2018-02-01,2017-02-01,2018-01-31,2018-02-01,2018-02-28,Minimum CVaR,IEF,0.3,252,252,0.00401694900624328,0,0
2018-03-01,2017-03-01,2018-02-28,2018-03-01,2018-04-30,Minimum CVaR,GLD,0.189349899614326,252,252,0.00526381035456266,0.273390522512977,0
2018-03-01,2017-03-01,2018-02-28,2018-03-01,2018-04-30,Minimum CVaR,EFA,0.0505815549972574,252,252,0.00526381035456266,0.273390522512977,0
2018-03-01,2017-03-01,2018-02-28,2018-03-01,2018-04-30,Minimum CVaR,IWM,0.0991225384999923,252,252,0.00526381035456266,0.273390522512977,0
2018-03-01,2017-03-01,2018-02-28,2018-03-01,2018-04-30,Minimum CVaR,VNQ,0,252,252,0.00526381035456266,0.273390522512977,0
2018-03-01,2017-03-01,2018-02-28,2018-03-01,2018-04-30,Minimum CVaR,EEM,0,252,252,0.00526381035456266,0.273390522512977,0
2018-03-01,2017-03-01,2018-02-28,2018-03-01,2018-04-30,Minimum CVaR,SPY,0.00125250817294985,252,252,0.00526381035456266,0.273390522512977,0
2018-03-01,2017-03-01,2018-02-28,2018-03-01,2018-04-30,Minimum CVaR,TLT,0.0596934987154746,252,252,0.00526381035456266,0.273390522512977,0
2018-03-01,2017-03-01,2018-02-28,2018-03-01,2018-04-30,Minimum CVaR,LQD,0.3,252,252,0.00526381035456266,0.273390522512977,0
2018-03-01,2017-03-01,2018-02-28,2018-03-01,2018-04-30,Minimum CVaR,QQQ,0,252,252,0.00526381035456266,0.273390522512977,0
2018-03-01,2017-03-01,2018-02-28,2018-03-01,2018-04-30,Minimum CVaR,IEF,0.3,252,252,0.00526381035456266,0.273390522512977,0
2018-05-01,2017-05-01,2018-04-30,2018-05-01,2018-05-31,Minimum CVaR,GLD,0.186935949037932,252,252,0.00519105950096232,0.0204668758520225,0
2018-05-01,2017-05-01,2018-04-30,2018-05-01,2018-05-31,Minimum CVaR,EFA,0.0553535102539963,252,252,0.00519105950096232,0.0204668758520225,0
2018-05-01,2017-05-01,2018-04-30,2018-05-01,2018-05-31,Minimum CVaR,IWM,0.114817459095276,252,252,0.00519105950096232,0.0204668758520225,0
2018-05-01,2017-05-01,2018-04-30,2018-05-01,2018-05-31,Minimum CVaR,VNQ,0,252,252,0.00519105950096232,0.0204668758520225,0
2018-05-01,2017-05-01,2018-04-30,2018-05-01,2018-05-31,Minimum CVaR,EEM,0,252,252,0.00519105950096232,0.0204668758520225,0
2018-05-01,2017-05-01,2018-04-30,2018-05-01,2018-05-31,Minimum CVaR,SPY,0,252,252,0.00519105950096232,0.0204668758520225,0
2018-05-01,2017-05-01,2018-04-30,2018-05-01,2018-05-31,Minimum CVaR,TLT,0.042893081612796,252,252,0.00519105950096232,0.0204668758520225,0
2018-05-01,2017-05-01,2018-04-30,2018-05-01,2018-05-31,Minimum CVaR,LQD,0.3,252,252,0.00519105950096232,0.0204668758520225,0
2018-05-01,2017-05-01,2018-04-30,2018-05-01,2018-05-31,Minimum CVaR,QQQ,0,252,252,0.00519105950096232,0.0204668758520225,0
2018-05-01,2017-05-01,2018-04-30,2018-05-01,2018-05-31,Minimum CVaR,IEF,0.3,252,252,0.00519105950096232,0.0204668758520225,0
2018-06-01,2017-06-01,2018-05-31,2018-06-01,2018-07-31,Minimum CVaR,GLD,0.212362885094067,252,252,0.0054630850821035,0.0799555032566629,0
2018-06-01,2017-06-01,2018-05-31,2018-06-01,2018-07-31,Minimum CVaR,EFA,0.0089474959412584,252,252,0.0054630850821035,0.0799555032566629,0
2018-06-01,2017-06-01,2018-05-31,2018-06-01,2018-07-31,Minimum CVaR,IWM,0.169346026295804,252,252,0.0054630850821035,0.0799555032566629,0
2018-06-01,2017-06-01,2018-05-31,2018-06-01,2018-07-31,Minimum CVaR,VNQ,0,252,252,0.0054630850821035,0.0799555032566629,0
2018-06-01,2017-06-01,2018-05-31,2018-06-01,2018-07-31,Minimum CVaR,EEM,0,252,252,0.0054630850821035,0.0799555032566629,0
2018-06-01,2017-06-01,2018-05-31,2018-06-01,2018-07-31,Minimum CVaR,SPY,0,252,252,0.0054630850821035,0.0799555032566629,0
2018-06-01,2017-06-01,2018-05-31,2018-06-01,2018-07-31,Minimum CVaR,TLT,0.00934359266887092,252,252,0.0054630850821035,0.0799555032566629,0
2018-06-01,2017-06-01,2018-05-31,2018-06-01,2018-07-31,Minimum CVaR,LQD,0.3,252,252,0.0054630850821035,0.0799555032566629,0
2018-06-01,2017-06-01,2018-05-31,2018-06-01,2018-07-31,Minimum CVaR,QQQ,0,252,252,0.0054630850821035,0.0799555032566629,0
2018-06-01,2017-06-01,2018-05-31,2018-06-01,2018-07-31,Minimum CVaR,IEF,0.3,252,252,0.0054630850821035,0.0799555032566629,0
2018-08-01,2017-08-01,2018-07-31,2018-08-01,2018-09-30,Minimum CVaR,GLD,0.191206393995941,252,252,0.00542540761877764,0.0670977186841727,0
2018-08-01,2017-08-01,2018-07-31,2018-08-01,2018-09-30,Minimum CVaR,EFA,0.0562967295710389,252,252,0.00542540761877764,0.0670977186841727,0
2018-08-01,2017-08-01,2018-07-31,2018-08-01,2018-09-30,Minimum CVaR,IWM,0.123404798709757,252,252,0.00542540761877764,0.0670977186841727,0
2018-08-01,2017-08-01,2018-07-31,2018-08-01,2018-09-30,Minimum CVaR,VNQ,0,252,252,0.00542540761877764,0.0670977186841727,0
2018-08-01,2017-08-01,2018-07-31,2018-08-01,2018-09-30,Minimum CVaR,EEM,0,252,252,0.00542540761877764,0.0670977186841727,0
2018-08-01,2017-08-01,2018-07-31,2018-08-01,2018-09-30,Minimum CVaR,SPY,0,252,252,0.00542540761877764,0.0670977186841727,0
2018-08-01,2017-08-01,2018-07-31,2018-08-01,2018-09-30,Minimum CVaR,TLT,0.0290920777232632,252,252,0.00542540761877764,0.0670977186841727,0
2018-08-01,2017-08-01,2018-07-31,2018-08-01,2018-09-30,Minimum CVaR,LQD,0.3,252,252,0.00542540761877764,0.0670977186841727,0
2018-08-01,2017-08-01,2018-07-31,2018-08-01,2018-09-30,Minimum CVaR,QQQ,0,252,252,0.00542540761877764,0.0670977186841727,0
2018-08-01,2017-08-01,2018-07-31,2018-08-01,2018-09-30,Minimum CVaR,IEF,0.3,252,252,0.00542540761877764,0.0670977186841727,0
2018-10-01,2017-09-29,2018-09-28,2018-10-01,2018-10-31,Minimum CVaR,GLD,0.226855757356143,252,252,0.00540674691647791,0.0551828139894471,0
2018-10-01,2017-09-29,2018-09-28,2018-10-01,2018-10-31,Minimum CVaR,EFA,0.00111391558159177,252,252,0.00540674691647791,0.0551828139894471,0
2018-10-01,2017-09-29,2018-09-28,2018-10-01,2018-10-31,Minimum CVaR,IWM,0.134158731751333,252,252,0.00540674691647791,0.0551828139894471,0
2018-10-01,2017-09-29,2018-09-28,2018-10-01,2018-10-31,Minimum CVaR,VNQ,0,252,252,0.00540674691647791,0.0551828139894471,0
2018-10-01,2017-09-29,2018-09-28,2018-10-01,2018-10-31,Minimum CVaR,EEM,0,252,252,0.00540674691647791,0.0551828139894471,0
2018-10-01,2017-09-29,2018-09-28,2018-10-01,2018-10-31,Minimum CVaR,SPY,0,252,252,0.00540674691647791,0.0551828139894471,0
2018-10-01,2017-09-29,2018-09-28,2018-10-01,2018-10-31,Minimum CVaR,TLT,0.0378715953109321,252,252,0.00540674691647791,0.0551828139894471,0
2018-10-01,2017-09-29,2018-09-28,2018-10-01,2018-10-31,Minimum CVaR,LQD,0.3,252,252,0.00540674691647791,0.0551828139894471,0
2018-10-01,2017-09-29,2018-09-28,2018-10-01,2018-10-31,Minimum CVaR,QQQ,0,252,252,0.00540674691647791,0.0551828139894471,0
2018-10-01,2017-09-29,2018-09-28,2018-10-01,2018-10-31,Minimum CVaR,IEF,0.3,252,252,0.00540674691647791,0.0551828139894471,0
2018-11-01,2017-11-01,2018-10-31,2018-11-01,2019-01-31,Minimum CVaR,GLD,0.233877194642901,252,252,0.00543400543612219,0.00702143728675783,0
2018-11-01,2017-11-01,2018-10-31,2018-11-01,2019-01-31,Minimum CVaR,EFA,0,252,252,0.00543400543612219,0.00702143728675783,0
2018-11-01,2017-11-01,2018-10-31,2018-11-01,2019-01-31,Minimum CVaR,IWM,0.133768133972034,252,252,0.00543400543612219,0.00702143728675783,0
2018-11-01,2017-11-01,2018-10-31,2018-11-01,2019-01-31,Minimum CVaR,VNQ,0,252,252,0.00543400543612219,0.00702143728675783,0
2018-11-01,2017-11-01,2018-10-31,2018-11-01,2019-01-31,Minimum CVaR,EEM,0,252,252,0.00543400543612219,0.00702143728675783,0
2018-11-01,2017-11-01,2018-10-31,2018-11-01,2019-01-31,Minimum CVaR,SPY,0,252,252,0.00543400543612219,0.00702143728675783,0
2018-11-01,2017-11-01,2018-10-31,2018-11-01,2019-01-31,Minimum CVaR,TLT,0.0323546713850648,252,252,0.00543400543612219,0.00702143728675783,0
2018-11-01,2017-11-01,2018-10-31,2018-11-01,2019-01-31,Minimum CVaR,LQD,0.3,252,252,0.00543400543612219,0.00702143728675783,0
2018-11-01,2017-11-01,2018-10-31,2018-11-01,2019-01-31,Minimum CVaR,QQQ,0,252,252,0.00543400543612219,0.00702143728675783,0
2018-11-01,2017-11-01,2018-10-31,2018-11-01,2019-01-31,Minimum CVaR,IEF,0.3,252,252,0.00543400543612219,0.00702143728675783,0
2019-02-01,2018-01-31,2019-01-31,2019-02-01,2019-02-28,Minimum CVaR,GLD,0.194733223037224,252,252,0.00523091928858499,0.0541340240342753,0
2019-02-01,2018-01-31,2019-01-31,2019-02-01,2019-02-28,Minimum CVaR,EFA,0,252,252,0.00523091928858499,0.0541340240342753,0
2019-02-01,2018-01-31,2019-01-31,2019-02-01,2019-02-28,Minimum CVaR,IWM,0.118778081543436,252,252,0.00523091928858499,0.0541340240342753,0
2019-02-01,2018-01-31,2019-01-31,2019-02-01,2019-02-28,Minimum CVaR,VNQ,0,252,252,0.00523091928858499,0.0541340240342753,0
2019-02-01,2018-01-31,2019-01-31,2019-02-01,2019-02-28,Minimum CVaR,EEM,0,252,252,0.00523091928858499,0.0541340240342753,0
2019-02-01,2018-01-31,2019-01-31,2019-02-01,2019-02-28,Minimum CVaR,SPY,0,252,252,0.00523091928858499,0.0541340240342753,0
2019-02-01,2018-01-31,2019-01-31,2019-02-01,2019-02-28,Minimum CVaR,TLT,0.0864886954193405,252,252,0.00523091928858499,0.0541340240342753,0
2019-02-01,2018-01-31,2019-01-31,2019-02-01,2019-02-28,Minimum CVaR,LQD,0.3,252,252,0.00523091928858499,0.0541340240342753,0
2019-02-01,2018-01-31,2019-01-31,2019-02-01,2019-02-28,Minimum CVaR,QQQ,0,252,252,0.00523091928858499,0.0541340240342753,0
2019-02-01,2018-01-31,2019-01-31,2019-02-01,2019-02-28,Minimum CVaR,IEF,0.3,252,252,0.00523091928858499,0.0541340240342753,0
2019-03-01,2018-02-28,2019-02-28,2019-03-01,2019-03-31,Minimum CVaR,GLD,0.208575768685311,252,252,0.00454356273355502,0.0480361272718926,0
2019-03-01,2018-02-28,2019-02-28,2019-03-01,2019-03-31,Minimum CVaR,EFA,0.00729581388438362,252,252,0.00454356273355502,0.0480361272718926,0
2019-03-01,2018-02-28,2019-02-28,2019-03-01,2019-03-31,Minimum CVaR,IWM,0.139475319384979,252,252,0.00454356273355502,0.0480361272718926,0
2019-03-01,2018-02-28,2019-02-28,2019-03-01,2019-03-31,Minimum CVaR,VNQ,0.00620052989787845,252,252,0.00454356273355502,0.0480361272718926,0
2019-03-01,2018-02-28,2019-02-28,2019-03-01,2019-03-31,Minimum CVaR,EEM,0,252,252,0.00454356273355502,0.0480361272718926,0
2019-03-01,2018-02-28,2019-02-28,2019-03-01,2019-03-31,Minimum CVaR,SPY,0,252,252,0.00454356273355502,0.0480361272718926,0
2019-03-01,2018-02-28,2019-02-28,2019-03-01,2019-03-31,Minimum CVaR,TLT,0.0384525681474476,252,252,0.00454356273355502,0.0480361272718926,0
2019-03-01,2018-02-28,2019-02-28,2019-03-01,2019-03-31,Minimum CVaR,LQD,0.3,252,252,0.00454356273355502,0.0480361272718926,0
2019-03-01,2018-02-28,2019-02-28,2019-03-01,2019-03-31,Minimum CVaR,QQQ,0,252,252,0.00454356273355502,0.0480361272718926,0
2019-03-01,2018-02-28,2019-02-28,2019-03-01,2019-03-31,Minimum CVaR,IEF,0.3,252,252,0.00454356273355502,0.0480361272718926,0
2019-04-01,2018-03-29,2019-03-29,2019-04-01,2019-04-30,Minimum CVaR,GLD,0.198106885321659,252,252,0.00459996781086102,0.0343013658195602,0
2019-04-01,2018-03-29,2019-03-29,2019-04-01,2019-04-30,Minimum CVaR,EFA,0.041597179703944,252,252,0.00459996781086102,0.0343013658195602,0
2019-04-01,2018-03-29,2019-03-29,2019-04-01,2019-04-30,Minimum CVaR,IWM,0.122707087157253,252,252,0.00459996781086102,0.0343013658195602,0
2019-04-01,2018-03-29,2019-03-29,2019-04-01,2019-04-30,Minimum CVaR,VNQ,0,252,252,0.00459996781086102,0.0343013658195602,0
2019-04-01,2018-03-29,2019-03-29,2019-04-01,2019-04-30,Minimum CVaR,EEM,0,252,252,0.00459996781086102,0.0343013658195602,0
2019-04-01,2018-03-29,2019-03-29,2019-04-01,2019-04-30,Minimum CVaR,SPY,0,252,252,0.00459996781086102,0.0343013658195602,0
2019-04-01,2018-03-29,2019-03-29,2019-04-01,2019-04-30,Minimum CVaR,TLT,0.0375888478171446,252,252,0.00459996781086102,0.0343013658195602,0
2019-04-01,2018-03-29,2019-03-29,2019-04-01,2019-04-30,Minimum CVaR,LQD,0.3,252,252,0.00459996781086102,0.0343013658195602,0
2019-04-01,2018-03-29,2019-03-29,2019-04-01,2019-04-30,Minimum CVaR,QQQ,0,252,252,0.00459996781086102,0.0343013658195602,0
2019-04-01,2018-03-29,2019-03-29,2019-04-01,2019-04-30,Minimum CVaR,IEF,0.3,252,252,0.00459996781086102,0.0343013658195602,0
2019-05-01,2018-04-30,2019-04-30,2019-05-01,2019-06-30,Minimum CVaR,GLD,0.176453530152724,252,252,0.0045299046140781,0.063250534872879,0
2019-05-01,2018-04-30,2019-04-30,2019-05-01,2019-06-30,Minimum CVaR,EFA,0,252,252,0.0045299046140781,0.063250534872879,0
2019-05-01,2018-04-30,2019-04-30,2019-05-01,2019-06-30,Minimum CVaR,IWM,0.138917169217158,252,252,0.0045299046140781,0.063250534872879,0
2019-05-01,2018-04-30,2019-04-30,2019-05-01,2019-06-30,Minimum CVaR,VNQ,0,252,252,0.0045299046140781,0.063250534872879,0
2019-05-01,2018-04-30,2019-04-30,2019-05-01,2019-06-30,Minimum CVaR,EEM,0,252,252,0.0045299046140781,0.063250534872879,0
2019-05-01,2018-04-30,2019-04-30,2019-05-01,2019-06-30,Minimum CVaR,SPY,0.0164689605282291,252,252,0.0045299046140781,0.063250534872879,0
2019-05-01,2018-04-30,2019-04-30,2019-05-01,2019-06-30,Minimum CVaR,TLT,0.0681603401018893,252,252,0.0045299046140781,0.063250534872879,0
2019-05-01,2018-04-30,2019-04-30,2019-05-01,2019-06-30,Minimum CVaR,LQD,0.3,252,252,0.0045299046140781,0.063250534872879,0
2019-05-01,2018-04-30,2019-04-30,2019-05-01,2019-06-30,Minimum CVaR,QQQ,0,252,252,0.0045299046140781,0.063250534872879,0
2019-05-01,2018-04-30,2019-04-30,2019-05-01,2019-06-30,Minimum CVaR,IEF,0.3,252,252,0.0045299046140781,0.063250534872879,0
2019-07-01,2018-06-28,2019-06-28,2019-07-01,2019-07-31,Minimum CVaR,GLD,0.186786482215121,252,252,0.00422200466220063,0.123748604202185,0
2019-07-01,2018-06-28,2019-06-28,2019-07-01,2019-07-31,Minimum CVaR,EFA,0.0181701870271051,252,252,0.00422200466220063,0.123748604202185,0
2019-07-01,2018-06-28,2019-06-28,2019-07-01,2019-07-31,Minimum CVaR,IWM,0.0524267115579543,252,252,0.00422200466220063,0.123748604202185,0
2019-07-01,2018-06-28,2019-06-28,2019-07-01,2019-07-31,Minimum CVaR,VNQ,0,252,252,0.00422200466220063,0.123748604202185,0
2019-07-01,2018-06-28,2019-06-28,2019-07-01,2019-07-31,Minimum CVaR,EEM,0,252,252,0.00422200466220063,0.123748604202185,0
2019-07-01,2018-06-28,2019-06-28,2019-07-01,2019-07-31,Minimum CVaR,SPY,0.111714425640912,252,252,0.00422200466220063,0.123748604202185,0
2019-07-01,2018-06-28,2019-06-28,2019-07-01,2019-07-31,Minimum CVaR,TLT,0.0309021935589077,252,252,0.00422200466220063,0.123748604202185,0
2019-07-01,2018-06-28,2019-06-28,2019-07-01,2019-07-31,Minimum CVaR,LQD,0.3,252,252,0.00422200466220063,0.123748604202185,0
2019-07-01,2018-06-28,2019-06-28,2019-07-01,2019-07-31,Minimum CVaR,QQQ,0,252,252,0.00422200466220063,0.123748604202185,0
2019-07-01,2018-06-28,2019-06-28,2019-07-01,2019-07-31,Minimum CVaR,IEF,0.3,252,252,0.00422200466220063,0.123748604202185,0
2019-08-01,2018-07-31,2019-07-31,2019-08-01,2019-09-30,Minimum CVaR,GLD,0.197139596529452,252,252,0.00471243196203857,0.0681556826915443,0
2019-08-01,2018-07-31,2019-07-31,2019-08-01,2019-09-30,Minimum CVaR,EFA,0.0379531527140422,252,252,0.00471243196203857,0.0681556826915443,0
2019-08-01,2018-07-31,2019-07-31,2019-08-01,2019-09-30,Minimum CVaR,IWM,0,252,252,0.00471243196203857,0.0681556826915443,0
2019-08-01,2018-07-31,2019-07-31,2019-08-01,2019-09-30,Minimum CVaR,VNQ,0,252,252,0.00471243196203857,0.0681556826915443,0
2019-08-01,2018-07-31,2019-07-31,2019-08-01,2019-09-30,Minimum CVaR,EEM,0,252,252,0.00471243196203857,0.0681556826915443,0
2019-08-01,2018-07-31,2019-07-31,2019-08-01,2019-09-30,Minimum CVaR,SPY,0.149734028331188,252,252,0.00471243196203857,0.0681556826915443,0
2019-08-01,2018-07-31,2019-07-31,2019-08-01,2019-09-30,Minimum CVaR,TLT,0.0151732224253177,252,252,0.00471243196203857,0.0681556826915443,0
2019-08-01,2018-07-31,2019-07-31,2019-08-01,2019-09-30,Minimum CVaR,LQD,0.3,252,252,0.00471243196203857,0.0681556826915443,0
2019-08-01,2018-07-31,2019-07-31,2019-08-01,2019-09-30,Minimum CVaR,QQQ,0,252,252,0.00471243196203857,0.0681556826915443,0
2019-08-01,2018-07-31,2019-07-31,2019-08-01,2019-09-30,Minimum CVaR,IEF,0.3,252,252,0.00471243196203857,0.0681556826915443,0
2019-10-01,2018-09-28,2019-09-30,2019-10-01,2019-10-31,Minimum CVaR,GLD,0.157479488948254,252,252,0.00549310527008061,0.0965116517806212,0
2019-10-01,2018-09-28,2019-09-30,2019-10-01,2019-10-31,Minimum CVaR,EFA,0.031742550816911,252,252,0.00549310527008061,0.0965116517806212,0
2019-10-01,2018-09-28,2019-09-30,2019-10-01,2019-10-31,Minimum CVaR,IWM,0.0760792642441903,252,252,0.00549310527008061,0.0965116517806212,0
2019-10-01,2018-09-28,2019-09-30,2019-10-01,2019-10-31,Minimum CVaR,VNQ,0,252,252,0.00549310527008061,0.0965116517806212,0
2019-10-01,2018-09-28,2019-09-30,2019-10-01,2019-10-31,Minimum CVaR,EEM,0.00600072004719526,252,252,0.00549310527008061,0.0965116517806212,0
2019-10-01,2018-09-28,2019-09-30,2019-10-01,2019-10-31,Minimum CVaR,SPY,0.0990930860288965,252,252,0.00549310527008061,0.0965116517806212,0
2019-10-01,2018-09-28,2019-09-30,2019-10-01,2019-10-31,Minimum CVaR,TLT,0.0296048899145533,252,252,0.00549310527008061,0.0965116517806212,0
2019-10-01,2018-09-28,2019-09-30,2019-10-01,2019-10-31,Minimum CVaR,LQD,0.3,252,252,0.00549310527008061,0.0965116517806212,0
2019-10-01,2018-09-28,2019-09-30,2019-10-01,2019-10-31,Minimum CVaR,QQQ,0,252,252,0.00549310527008061,0.0965116517806212,0
2019-10-01,2018-09-28,2019-09-30,2019-10-01,2019-10-31,Minimum CVaR,IEF,0.3,252,252,0.00549310527008061,0.0965116517806212,0
2019-11-01,2018-10-31,2019-10-31,2019-11-01,2020-03-31,Minimum CVaR,GLD,0.0853050928659396,252,252,0.00518564826240283,0.103916946899225,0
2019-11-01,2018-10-31,2019-10-31,2019-11-01,2020-03-31,Minimum CVaR,EFA,0,252,252,0.00518564826240283,0.103916946899225,0
2019-11-01,2018-10-31,2019-10-31,2019-11-01,2020-03-31,Minimum CVaR,IWM,0.0890855258703646,252,252,0.00518564826240283,0.103916946899225,0
2019-11-01,2018-10-31,2019-10-31,2019-11-01,2020-03-31,Minimum CVaR,VNQ,0,252,252,0.00518564826240283,0.103916946899225,0
2019-11-01,2018-10-31,2019-10-31,2019-11-01,2020-03-31,Minimum CVaR,EEM,0.0359389750531782,252,252,0.00518564826240283,0.103916946899225,0
2019-11-01,2018-10-31,2019-10-31,2019-11-01,2020-03-31,Minimum CVaR,SPY,0.125508519087924,252,252,0.00518564826240283,0.103916946899225,0
2019-11-01,2018-10-31,2019-10-31,2019-11-01,2020-03-31,Minimum CVaR,TLT,0.064161887122594,252,252,0.00518564826240283,0.103916946899225,0
2019-11-01,2018-10-31,2019-10-31,2019-11-01,2020-03-31,Minimum CVaR,LQD,0.3,252,252,0.00518564826240283,0.103916946899225,0
2019-11-01,2018-10-31,2019-10-31,2019-11-01,2020-03-31,Minimum CVaR,QQQ,0,252,252,0.00518564826240283,0.103916946899225,0
2019-11-01,2018-10-31,2019-10-31,2019-11-01,2020-03-31,Minimum CVaR,IEF,0.3,252,252,0.00518564826240283,0.103916946899225,0
2020-04-01,2019-04-02,2020-03-31,2020-04-01,2020-04-30,Minimum CVaR,GLD,0.207853375053059,252,252,0.0132386341180505,0.508460523606519,0
2020-04-01,2019-04-02,2020-03-31,2020-04-01,2020-04-30,Minimum CVaR,EFA,0,252,252,0.0132386341180505,0.508460523606519,0
2020-04-01,2019-04-02,2020-03-31,2020-04-01,2020-04-30,Minimum CVaR,IWM,0,252,252,0.0132386341180505,0.508460523606519,0
2020-04-01,2019-04-02,2020-03-31,2020-04-01,2020-04-30,Minimum CVaR,VNQ,0,252,252,0.0132386341180505,0.508460523606519,0
2020-04-01,2019-04-02,2020-03-31,2020-04-01,2020-04-30,Minimum CVaR,EEM,0,252,252,0.0132386341180505,0.508460523606519,0
2020-04-01,2019-04-02,2020-03-31,2020-04-01,2020-04-30,Minimum CVaR,SPY,0,252,252,0.0132386341180505,0.508460523606519,0
2020-04-01,2019-04-02,2020-03-31,2020-04-01,2020-04-30,Minimum CVaR,TLT,0.22406306515615,252,252,0.0132386341180505,0.508460523606519,0
2020-04-01,2019-04-02,2020-03-31,2020-04-01,2020-04-30,Minimum CVaR,LQD,0.0420724964049468,252,252,0.0132386341180505,0.508460523606519,0
2020-04-01,2019-04-02,2020-03-31,2020-04-01,2020-04-30,Minimum CVaR,QQQ,0.226011063385843,252,252,0.0132386341180505,0.508460523606519,0
2020-04-01,2019-04-02,2020-03-31,2020-04-01,2020-04-30,Minimum CVaR,IEF,0.3,252,252,0.0132386341180505,0.508460523606519,0
2020-05-01,2019-05-02,2020-04-30,2020-05-01,2020-05-31,Minimum CVaR,GLD,0.207853375053061,252,252,0.0132386341180506,1.79717352111197e-15,0
2020-05-01,2019-05-02,2020-04-30,2020-05-01,2020-05-31,Minimum CVaR,EFA,0,252,252,0.0132386341180506,1.79717352111197e-15,0
2020-05-01,2019-05-02,2020-04-30,2020-05-01,2020-05-31,Minimum CVaR,IWM,0,252,252,0.0132386341180506,1.79717352111197e-15,0
2020-05-01,2019-05-02,2020-04-30,2020-05-01,2020-05-31,Minimum CVaR,VNQ,0,252,252,0.0132386341180506,1.79717352111197e-15,0
2020-05-01,2019-05-02,2020-04-30,2020-05-01,2020-05-31,Minimum CVaR,EEM,0,252,252,0.0132386341180506,1.79717352111197e-15,0
2020-05-01,2019-05-02,2020-04-30,2020-05-01,2020-05-31,Minimum CVaR,SPY,0,252,252,0.0132386341180506,1.79717352111197e-15,0
2020-05-01,2019-05-02,2020-04-30,2020-05-01,2020-05-31,Minimum CVaR,TLT,0.224063065156151,252,252,0.0132386341180506,1.79717352111197e-15,0
2020-05-01,2019-05-02,2020-04-30,2020-05-01,2020-05-31,Minimum CVaR,LQD,0.0420724964049456,252,252,0.0132386341180506,1.79717352111197e-15,0
2020-05-01,2019-05-02,2020-04-30,2020-05-01,2020-05-31,Minimum CVaR,QQQ,0.226011063385843,252,252,0.0132386341180506,1.79717352111197e-15,0
2020-05-01,2019-05-02,2020-04-30,2020-05-01,2020-05-31,Minimum CVaR,IEF,0.3,252,252,0.0132386341180506,1.79717352111197e-15,0
2020-06-01,2019-05-31,2020-05-29,2020-06-01,2020-06-30,Minimum CVaR,GLD,0.20785337505306,252,252,0.0132386341180506,7.56339435525888e-16,0
2020-06-01,2019-05-31,2020-05-29,2020-06-01,2020-06-30,Minimum CVaR,EFA,0,252,252,0.0132386341180506,7.56339435525888e-16,0
2020-06-01,2019-05-31,2020-05-29,2020-06-01,2020-06-30,Minimum CVaR,IWM,0,252,252,0.0132386341180506,7.56339435525888e-16,0
2020-06-01,2019-05-31,2020-05-29,2020-06-01,2020-06-30,Minimum CVaR,VNQ,0,252,252,0.0132386341180506,7.56339435525888e-16,0
2020-06-01,2019-05-31,2020-05-29,2020-06-01,2020-06-30,Minimum CVaR,EEM,0,252,252,0.0132386341180506,7.56339435525888e-16,0
2020-06-01,2019-05-31,2020-05-29,2020-06-01,2020-06-30,Minimum CVaR,SPY,0,252,252,0.0132386341180506,7.56339435525888e-16,0
2020-06-01,2019-05-31,2020-05-29,2020-06-01,2020-06-30,Minimum CVaR,TLT,0.224063065156151,252,252,0.0132386341180506,7.56339435525888e-16,0
2020-06-01,2019-05-31,2020-05-29,2020-06-01,2020-06-30,Minimum CVaR,LQD,0.0420724964049456,252,252,0.0132386341180506,7.56339435525888e-16,0
2020-06-01,2019-05-31,2020-05-29,2020-06-01,2020-06-30,Minimum CVaR,QQQ,0.226011063385844,252,252,0.0132386341180506,7.56339435525888e-16,0
2020-06-01,2019-05-31,2020-05-29,2020-06-01,2020-06-30,Minimum CVaR,IEF,0.3,252,252,0.0132386341180506,7.56339435525888e-16,0
2020-07-01,2019-07-02,2020-06-30,2020-07-01,2020-08-31,Minimum CVaR,GLD,0.196617244693022,252,252,0.0132581349156788,0.0153884422362943,0
2020-07-01,2019-07-02,2020-06-30,2020-07-01,2020-08-31,Minimum CVaR,EFA,0,252,252,0.0132581349156788,0.0153884422362943,0
2020-07-01,2019-07-02,2020-06-30,2020-07-01,2020-08-31,Minimum CVaR,IWM,0,252,252,0.0132581349156788,0.0153884422362943,0
2020-07-01,2019-07-02,2020-06-30,2020-07-01,2020-08-31,Minimum CVaR,VNQ,0,252,252,0.0132581349156788,0.0153884422362943,0
2020-07-01,2019-07-02,2020-06-30,2020-07-01,2020-08-31,Minimum CVaR,EEM,0,252,252,0.0132581349156788,0.0153884422362943,0
2020-07-01,2019-07-02,2020-06-30,2020-07-01,2020-08-31,Minimum CVaR,SPY,0,252,252,0.0132581349156788,0.0153884422362943,0
2020-07-01,2019-07-02,2020-06-30,2020-07-01,2020-08-31,Minimum CVaR,TLT,0.23733026378097,252,252,0.0132581349156788,0.0153884422362943,0
2020-07-01,2019-07-02,2020-06-30,2020-07-01,2020-08-31,Minimum CVaR,LQD,0.0379201845286893,252,252,0.0132581349156788,0.0153884422362943,0
2020-07-01,2019-07-02,2020-06-30,2020-07-01,2020-08-31,Minimum CVaR,QQQ,0.228132306997319,252,252,0.0132581349156788,0.0153884422362943,0
2020-07-01,2019-07-02,2020-06-30,2020-07-01,2020-08-31,Minimum CVaR,IEF,0.3,252,252,0.0132581349156788,0.0153884422362943,0
2020-09-01,2019-09-03,2020-08-31,2020-09-01,2020-09-30,Minimum CVaR,GLD,0.129949576859258,252,252,0.0142219755633059,0.0666676678337642,0
2020-09-01,2019-09-03,2020-08-31,2020-09-01,2020-09-30,Minimum CVaR,EFA,0,252,252,0.0142219755633059,0.0666676678337642,0
2020-09-01,2019-09-03,2020-08-31,2020-09-01,2020-09-30,Minimum CVaR,IWM,0,252,252,0.0142219755633059,0.0666676678337642,0
2020-09-01,2019-09-03,2020-08-31,2020-09-01,2020-09-30,Minimum CVaR,VNQ,0,252,252,0.0142219755633059,0.0666676678337642,0
2020-09-01,2019-09-03,2020-08-31,2020-09-01,2020-09-30,Minimum CVaR,EEM,0,252,252,0.0142219755633059,0.0666676678337642,0
2020-09-01,2019-09-03,2020-08-31,2020-09-01,2020-09-30,Minimum CVaR,SPY,0,252,252,0.0142219755633059,0.0666676678337642,0
2020-09-01,2019-09-03,2020-08-31,2020-09-01,2020-09-30,Minimum CVaR,TLT,0.269400039034576,252,252,0.0142219755633059,0.0666676678337642,0
2020-09-01,2019-09-03,2020-08-31,2020-09-01,2020-09-30,Minimum CVaR,LQD,0.0602144016162081,252,252,0.0142219755633059,0.0666676678337642,0
2020-09-01,2019-09-03,2020-08-31,2020-09-01,2020-09-30,Minimum CVaR,QQQ,0.240435982489958,252,252,0.0142219755633059,0.0666676678337642,0
2020-09-01,2019-09-03,2020-08-31,2020-09-01,2020-09-30,Minimum CVaR,IEF,0.3,252,252,0.0142219755633059,0.0666676678337642,0
2020-10-01,2019-10-02,2020-09-30,2020-10-01,2020-11-30,Minimum CVaR,GLD,0.146185987033599,252,252,0.0145632353657778,0.0677572433064075,0
2020-10-01,2019-10-02,2020-09-30,2020-10-01,2020-11-30,Minimum CVaR,EFA,0,252,252,0.0145632353657778,0.0677572433064075,0
2020-10-01,2019-10-02,2020-09-30,2020-10-01,2020-11-30,Minimum CVaR,IWM,0,252,252,0.0145632353657778,0.0677572433064075,0
2020-10-01,2019-10-02,2020-09-30,2020-10-01,2020-11-30,Minimum CVaR,VNQ,0,252,252,0.0145632353657778,0.0677572433064075,0
2020-10-01,2019-10-02,2020-09-30,2020-10-01,2020-11-30,Minimum CVaR,EEM,0.042170730978143,252,252,0.0145632353657778,0.0677572433064075,0
2020-10-01,2019-10-02,2020-09-30,2020-10-01,2020-11-30,Minimum CVaR,SPY,0.00935010215392348,252,252,0.0145632353657778,0.0677572433064075,0
2020-10-01,2019-10-02,2020-09-30,2020-10-01,2020-11-30,Minimum CVaR,TLT,0.260170551861201,252,252,0.0145632353657778,0.0677572433064075,0
2020-10-01,2019-10-02,2020-09-30,2020-10-01,2020-11-30,Minimum CVaR,LQD,0.0575927505195337,252,252,0.0145632353657778,0.0677572433064075,0
2020-10-01,2019-10-02,2020-09-30,2020-10-01,2020-11-30,Minimum CVaR,QQQ,0.1845298774536,252,252,0.0145632353657778,0.0677572433064075,0
2020-10-01,2019-10-02,2020-09-30,2020-10-01,2020-11-30,Minimum CVaR,IEF,0.3,252,252,0.0145632353657778,0.0677572433064075,0
2020-12-01,2019-12-02,2020-11-30,2020-12-01,2021-01-31,Minimum CVaR,GLD,0.145579980357256,252,252,0.0152544787667095,0.167167342576862,0
2020-12-01,2019-12-02,2020-11-30,2020-12-01,2021-01-31,Minimum CVaR,EFA,0.0369383387645868,252,252,0.0152544787667095,0.167167342576862,0
2020-12-01,2019-12-02,2020-11-30,2020-12-01,2021-01-31,Minimum CVaR,IWM,0,252,252,0.0152544787667095,0.167167342576862,0
2020-12-01,2019-12-02,2020-11-30,2020-12-01,2021-01-31,Minimum CVaR,VNQ,0,252,252,0.0152544787667095,0.167167342576862,0
2020-12-01,2019-12-02,2020-11-30,2020-12-01,2021-01-31,Minimum CVaR,EEM,0.0522625807074657,252,252,0.0152544787667095,0.167167342576862,0
2020-12-01,2019-12-02,2020-11-30,2020-12-01,2021-01-31,Minimum CVaR,SPY,0.0983320637802628,252,252,0.0152544787667095,0.167167342576862,0
2020-12-01,2019-12-02,2020-11-30,2020-12-01,2021-01-31,Minimum CVaR,TLT,0.291325744317814,252,252,0.0152544787667095,0.167167342576862,0
2020-12-01,2019-12-02,2020-11-30,2020-12-01,2021-01-31,Minimum CVaR,LQD,0,252,252,0.0152544787667095,0.167167342576862,0
2020-12-01,2019-12-02,2020-11-30,2020-12-01,2021-01-31,Minimum CVaR,QQQ,0.0755612920726143,252,252,0.0152544787667095,0.167167342576862,0
2020-12-01,2019-12-02,2020-11-30,2020-12-01,2021-01-31,Minimum CVaR,IEF,0.3,252,252,0.0152544787667095,0.167167342576862,0
2021-02-01,2020-01-31,2021-01-29,2021-02-01,2021-02-28,Minimum CVaR,GLD,0.132592063519448,252,252,0.0153767700812584,0.107192278997818,0
2021-02-01,2020-01-31,2021-01-29,2021-02-01,2021-02-28,Minimum CVaR,EFA,0,252,252,0.0153767700812584,0.107192278997818,0
2021-02-01,2020-01-31,2021-01-29,2021-02-01,2021-02-28,Minimum CVaR,IWM,0,252,252,0.0153767700812584,0.107192278997818,0
2021-02-01,2020-01-31,2021-01-29,2021-02-01,2021-02-28,Minimum CVaR,VNQ,0,252,252,0.0153767700812584,0.107192278997818,0
2021-02-01,2020-01-31,2021-01-29,2021-02-01,2021-02-28,Minimum CVaR,EEM,0.0324679604487977,252,252,0.0153767700812584,0.107192278997818,0
2021-02-01,2020-01-31,2021-01-29,2021-02-01,2021-02-28,Minimum CVaR,SPY,0.196850087095895,252,252,0.0153767700812584,0.107192278997818,0
2021-02-01,2020-01-31,2021-01-29,2021-02-01,2021-02-28,Minimum CVaR,TLT,0.3,252,252,0.0153767700812584,0.107192278997818,0
2021-02-01,2020-01-31,2021-01-29,2021-02-01,2021-02-28,Minimum CVaR,LQD,0,252,252,0.0153767700812584,0.107192278997818,0
2021-02-01,2020-01-31,2021-01-29,2021-02-01,2021-02-28,Minimum CVaR,QQQ,0.0380898889358595,252,252,0.0153767700812584,0.107192278997818,0
2021-02-01,2020-01-31,2021-01-29,2021-02-01,2021-02-28,Minimum CVaR,IEF,0.3,252,252,0.0153767700812584,0.107192278997818,0
2021-03-01,2020-02-28,2021-02-26,2021-03-01,2021-03-31,Minimum CVaR,GLD,0.128608810309455,252,252,0.0160782398538693,0.0462145108232712,0
2021-03-01,2020-02-28,2021-02-26,2021-03-01,2021-03-31,Minimum CVaR,EFA,0.0385038379847337,252,252,0.0160782398538693,0.0462145108232712,0
2021-03-01,2020-02-28,2021-02-26,2021-03-01,2021-03-31,Minimum CVaR,IWM,0,252,252,0.0160782398538693,0.0462145108232712,0
2021-03-01,2020-02-28,2021-02-26,2021-03-01,2021-03-31,Minimum CVaR,VNQ,0,252,252,0.0160782398538693,0.0462145108232712,0
2021-03-01,2020-02-28,2021-02-26,2021-03-01,2021-03-31,Minimum CVaR,EEM,0.0117866277611746,252,252,0.0160782398538693,0.0462145108232712,0
2021-03-01,2020-02-28,2021-02-26,2021-03-01,2021-03-31,Minimum CVaR,SPY,0.175300162170239,252,252,0.0160782398538693,0.0462145108232712,0
2021-03-01,2020-02-28,2021-02-26,2021-03-01,2021-03-31,Minimum CVaR,TLT,0.3,252,252,0.0160782398538693,0.0462145108232712,0
2021-03-01,2020-02-28,2021-02-26,2021-03-01,2021-03-31,Minimum CVaR,LQD,0,252,252,0.0160782398538693,0.0462145108232712,0
2021-03-01,2020-02-28,2021-02-26,2021-03-01,2021-03-31,Minimum CVaR,QQQ,0.0458005617743963,252,252,0.0160782398538693,0.0462145108232712,0
2021-03-01,2020-02-28,2021-02-26,2021-03-01,2021-03-31,Minimum CVaR,IEF,0.3,252,252,0.0160782398538693,0.0462145108232712,0
2021-04-01,2020-04-01,2021-03-31,2021-04-01,2021-05-31,Minimum CVaR,GLD,0.0378776034405904,252,252,0.00858731542392305,0.417885938008759,0
2021-04-01,2020-04-01,2021-03-31,2021-04-01,2021-05-31,Minimum CVaR,EFA,0.156389775993493,252,252,0.00858731542392305,0.417885938008759,0
2021-04-01,2020-04-01,2021-03-31,2021-04-01,2021-05-31,Minimum CVaR,IWM,0,252,252,0.00858731542392305,0.417885938008759,0
2021-04-01,2020-04-01,2021-03-31,2021-04-01,2021-05-31,Minimum CVaR,VNQ,0,252,252,0.00858731542392305,0.417885938008759,0
2021-04-01,2020-04-01,2021-03-31,2021-04-01,2021-05-31,Minimum CVaR,EEM,0,252,252,0.00858731542392305,0.417885938008759,0
2021-04-01,2020-04-01,2021-03-31,2021-04-01,2021-05-31,Minimum CVaR,SPY,0,252,252,0.00858731542392305,0.417885938008759,0
2021-04-01,2020-04-01,2021-03-31,2021-04-01,2021-05-31,Minimum CVaR,TLT,0.205732620565916,252,252,0.00858731542392305,0.417885938008759,0
2021-04-01,2020-04-01,2021-03-31,2021-04-01,2021-05-31,Minimum CVaR,LQD,0.3,252,252,0.00858731542392305,0.417885938008759,0
2021-04-01,2020-04-01,2021-03-31,2021-04-01,2021-05-31,Minimum CVaR,QQQ,0,252,252,0.00858731542392305,0.417885938008759,0
2021-04-01,2020-04-01,2021-03-31,2021-04-01,2021-05-31,Minimum CVaR,IEF,0.3,252,252,0.00858731542392305,0.417885938008759,0
2021-06-01,2020-06-01,2021-05-28,2021-06-01,2021-06-30,Minimum CVaR,GLD,0.0349555494609187,252,252,0.00828109710337518,0.0179547769282936,0
2021-06-01,2020-06-01,2021-05-28,2021-06-01,2021-06-30,Minimum CVaR,EFA,0.174344552921786,252,252,0.00828109710337518,0.0179547769282936,0
2021-06-01,2020-06-01,2021-05-28,2021-06-01,2021-06-30,Minimum CVaR,IWM,0,252,252,0.00828109710337518,0.0179547769282936,0
2021-06-01,2020-06-01,2021-05-28,2021-06-01,2021-06-30,Minimum CVaR,VNQ,0,252,252,0.00828109710337518,0.0179547769282936,0
2021-06-01,2020-06-01,2021-05-28,2021-06-01,2021-06-30,Minimum CVaR,EEM,0,252,252,0.00828109710337518,0.0179547769282936,0
2021-06-01,2020-06-01,2021-05-28,2021-06-01,2021-06-30,Minimum CVaR,SPY,0,252,252,0.00828109710337518,0.0179547769282936,0
2021-06-01,2020-06-01,2021-05-28,2021-06-01,2021-06-30,Minimum CVaR,TLT,0.190699897617295,252,252,0.00828109710337518,0.0179547769282936,0
2021-06-01,2020-06-01,2021-05-28,2021-06-01,2021-06-30,Minimum CVaR,LQD,0.3,252,252,0.00828109710337518,0.0179547769282936,0
2021-06-01,2020-06-01,2021-05-28,2021-06-01,2021-06-30,Minimum CVaR,QQQ,0,252,252,0.00828109710337518,0.0179547769282936,0
2021-06-01,2020-06-01,2021-05-28,2021-06-01,2021-06-30,Minimum CVaR,IEF,0.3,252,252,0.00828109710337518,0.0179547769282936,0
2021-07-01,2020-07-01,2021-06-30,2021-07-01,2021-08-31,Minimum CVaR,GLD,0.0194575447234475,252,252,0.00779380647414008,0.069678083506599,0
2021-07-01,2020-07-01,2021-06-30,2021-07-01,2021-08-31,Minimum CVaR,EFA,0.174621201679322,252,252,0.00779380647414008,0.069678083506599,0
2021-07-01,2020-07-01,2021-06-30,2021-07-01,2021-08-31,Minimum CVaR,IWM,0,252,252,0.00779380647414008,0.069678083506599,0
2021-07-01,2020-07-01,2021-06-30,2021-07-01,2021-08-31,Minimum CVaR,VNQ,0.0694014347490638,252,252,0.00779380647414008,0.069678083506599,0
2021-07-01,2020-07-01,2021-06-30,2021-07-01,2021-08-31,Minimum CVaR,EEM,0,252,252,0.00779380647414008,0.069678083506599,0
2021-07-01,2020-07-01,2021-06-30,2021-07-01,2021-08-31,Minimum CVaR,SPY,0,252,252,0.00779380647414008,0.069678083506599,0
2021-07-01,2020-07-01,2021-06-30,2021-07-01,2021-08-31,Minimum CVaR,TLT,0.136519818848167,252,252,0.00779380647414008,0.069678083506599,0
2021-07-01,2020-07-01,2021-06-30,2021-07-01,2021-08-31,Minimum CVaR,LQD,0.3,252,252,0.00779380647414008,0.069678083506599,0
2021-07-01,2020-07-01,2021-06-30,2021-07-01,2021-08-31,Minimum CVaR,QQQ,0,252,252,0.00779380647414008,0.069678083506599,0
2021-07-01,2020-07-01,2021-06-30,2021-07-01,2021-08-31,Minimum CVaR,IEF,0.3,252,252,0.00779380647414008,0.069678083506599,0
2021-09-01,2020-09-01,2021-08-31,2021-09-01,2021-09-30,Minimum CVaR,GLD,0.0123604721902472,252,252,0.00783090245645862,0.0342819483411002,0
2021-09-01,2020-09-01,2021-08-31,2021-09-01,2021-09-30,Minimum CVaR,EFA,0.199334967588325,252,252,0.00783090245645862,0.0342819483411002,0
2021-09-01,2020-09-01,2021-08-31,2021-09-01,2021-09-30,Minimum CVaR,IWM,0,252,252,0.00783090245645862,0.0342819483411002,0
2021-09-01,2020-09-01,2021-08-31,2021-09-01,2021-09-30,Minimum CVaR,VNQ,0.042216558941164,252,252,0.00783090245645862,0.0342819483411002,0
2021-09-01,2020-09-01,2021-08-31,2021-09-01,2021-09-30,Minimum CVaR,EEM,0,252,252,0.00783090245645862,0.0342819483411002,0
2021-09-01,2020-09-01,2021-08-31,2021-09-01,2021-09-30,Minimum CVaR,SPY,0,252,252,0.00783090245645862,0.0342819483411002,0
2021-09-01,2020-09-01,2021-08-31,2021-09-01,2021-09-30,Minimum CVaR,TLT,0.146088001280264,252,252,0.00783090245645862,0.0342819483411002,0
2021-09-01,2020-09-01,2021-08-31,2021-09-01,2021-09-30,Minimum CVaR,LQD,0.3,252,252,0.00783090245645862,0.0342819483411002,0
2021-09-01,2020-09-01,2021-08-31,2021-09-01,2021-09-30,Minimum CVaR,QQQ,0,252,252,0.00783090245645862,0.0342819483411002,0
2021-09-01,2020-09-01,2021-08-31,2021-09-01,2021-09-30,Minimum CVaR,IEF,0.3,252,252,0.00783090245645862,0.0342819483411002,0
2021-10-01,2020-10-01,2021-09-30,2021-10-01,2021-10-31,Minimum CVaR,GLD,0.0364573609429769,252,252,0.00806066529521812,0.0947115946286284,0
2021-10-01,2020-10-01,2021-09-30,2021-10-01,2021-10-31,Minimum CVaR,EFA,0.14849596836299,252,252,0.00806066529521812,0.0947115946286284,0
2021-10-01,2020-10-01,2021-09-30,2021-10-01,2021-10-31,Minimum CVaR,IWM,0,252,252,0.00806066529521812,0.0947115946286284,0
2021-10-01,2020-10-01,2021-09-30,2021-10-01,2021-10-31,Minimum CVaR,VNQ,0.112831264817063,252,252,0.00806066529521812,0.0947115946286284,0
2021-10-01,2020-10-01,2021-09-30,2021-10-01,2021-10-31,Minimum CVaR,EEM,0,252,252,0.00806066529521812,0.0947115946286284,0
2021-10-01,2020-10-01,2021-09-30,2021-10-01,2021-10-31,Minimum CVaR,SPY,0,252,252,0.00806066529521812,0.0947115946286284,0
2021-10-01,2020-10-01,2021-09-30,2021-10-01,2021-10-31,Minimum CVaR,TLT,0.102215405876971,252,252,0.00806066529521812,0.0947115946286284,0
2021-10-01,2020-10-01,2021-09-30,2021-10-01,2021-10-31,Minimum CVaR,LQD,0.3,252,252,0.00806066529521812,0.0947115946286284,0
2021-10-01,2020-10-01,2021-09-30,2021-10-01,2021-10-31,Minimum CVaR,QQQ,0,252,252,0.00806066529521812,0.0947115946286284,0
2021-10-01,2020-10-01,2021-09-30,2021-10-01,2021-10-31,Minimum CVaR,IEF,0.3,252,252,0.00806066529521812,0.0947115946286284,0
2021-11-01,2020-10-30,2021-10-29,2021-11-01,2021-11-30,Minimum CVaR,GLD,0.0506053742071452,252,252,0.00774500948256504,0.0437780768854808,0
2021-11-01,2020-10-30,2021-10-29,2021-11-01,2021-11-30,Minimum CVaR,EFA,0.178126031984303,252,252,0.00774500948256504,0.0437780768854808,0
2021-11-01,2020-10-30,2021-10-29,2021-11-01,2021-11-30,Minimum CVaR,IWM,0,252,252,0.00774500948256504,0.0437780768854808,0
2021-11-01,2020-10-30,2021-10-29,2021-11-01,2021-11-30,Minimum CVaR,VNQ,0.0874713578371132,252,252,0.00774500948256504,0.0437780768854808,0
2021-11-01,2020-10-30,2021-10-29,2021-11-01,2021-11-30,Minimum CVaR,EEM,0,252,252,0.00774500948256504,0.0437780768854808,0
2021-11-01,2020-10-30,2021-10-29,2021-11-01,2021-11-30,Minimum CVaR,SPY,0,252,252,0.00774500948256504,0.0437780768854808,0
2021-11-01,2020-10-30,2021-10-29,2021-11-01,2021-11-30,Minimum CVaR,TLT,0.0837972359714401,252,252,0.00774500948256504,0.0437780768854808,0
2021-11-01,2020-10-30,2021-10-29,2021-11-01,2021-11-30,Minimum CVaR,LQD,0.3,252,252,0.00774500948256504,0.0437780768854808,0
2021-11-01,2020-10-30,2021-10-29,2021-11-01,2021-11-30,Minimum CVaR,QQQ,0,252,252,0.00774500948256504,0.0437780768854808,0
2021-11-01,2020-10-30,2021-10-29,2021-11-01,2021-11-30,Minimum CVaR,IEF,0.3,252,252,0.00774500948256504,0.0437780768854808,0
2021-12-01,2020-12-01,2021-11-30,2021-12-01,2022-01-31,Minimum CVaR,GLD,0.0647523506423274,252,252,0.00821177127389676,0.0803586777567724,0
2021-12-01,2020-12-01,2021-11-30,2021-12-01,2022-01-31,Minimum CVaR,EFA,0.136302391336087,252,252,0.00821177127389676,0.0803586777567724,0
2021-12-01,2020-12-01,2021-11-30,2021-12-01,2022-01-31,Minimum CVaR,IWM,0,252,252,0.00821177127389676,0.0803586777567724,0
2021-12-01,2020-12-01,2021-11-30,2021-12-01,2022-01-31,Minimum CVaR,VNQ,0.153683059158703,252,252,0.00821177127389676,0.0803586777567724,0
2021-12-01,2020-12-01,2021-11-30,2021-12-01,2022-01-31,Minimum CVaR,EEM,0,252,252,0.00821177127389676,0.0803586777567724,0
2021-12-01,2020-12-01,2021-11-30,2021-12-01,2022-01-31,Minimum CVaR,SPY,0,252,252,0.00821177127389676,0.0803586777567724,0
2021-12-01,2020-12-01,2021-11-30,2021-12-01,2022-01-31,Minimum CVaR,TLT,0.0452621988628826,252,252,0.00821177127389676,0.0803586777567724,0
2021-12-01,2020-12-01,2021-11-30,2021-12-01,2022-01-31,Minimum CVaR,LQD,0.3,252,252,0.00821177127389676,0.0803586777567724,0
2021-12-01,2020-12-01,2021-11-30,2021-12-01,2022-01-31,Minimum CVaR,QQQ,0,252,252,0.00821177127389676,0.0803586777567724,0
2021-12-01,2020-12-01,2021-11-30,2021-12-01,2022-01-31,Minimum CVaR,IEF,0.3,252,252,0.00821177127389676,0.0803586777567724,0
2022-02-01,2021-02-02,2022-01-31,2022-02-01,2022-02-28,Minimum CVaR,GLD,0.0978351198555537,252,252,0.00868054257391096,0.196780377877139,0
2022-02-01,2021-02-02,2022-01-31,2022-02-01,2022-02-28,Minimum CVaR,EFA,0.3,252,252,0.00868054257391096,0.196780377877139,0
2022-02-01,2021-02-02,2022-01-31,2022-02-01,2022-02-28,Minimum CVaR,IWM,0,252,252,0.00868054257391096,0.196780377877139,0
2022-02-01,2021-02-02,2022-01-31,2022-02-01,2022-02-28,Minimum CVaR,VNQ,0.00216488014444647,252,252,0.00868054257391096,0.196780377877139,0
2022-02-01,2021-02-02,2022-01-31,2022-02-01,2022-02-28,Minimum CVaR,EEM,0,252,252,0.00868054257391096,0.196780377877139,0
2022-02-01,2021-02-02,2022-01-31,2022-02-01,2022-02-28,Minimum CVaR,SPY,0,252,252,0.00868054257391096,0.196780377877139,0
2022-02-01,2021-02-02,2022-01-31,2022-02-01,2022-02-28,Minimum CVaR,TLT,0,252,252,0.00868054257391096,0.196780377877139,0
2022-02-01,2021-02-02,2022-01-31,2022-02-01,2022-02-28,Minimum CVaR,LQD,0.3,252,252,0.00868054257391096,0.196780377877139,0
2022-02-01,2021-02-02,2022-01-31,2022-02-01,2022-02-28,Minimum CVaR,QQQ,0,252,252,0.00868054257391096,0.196780377877139,0
2022-02-01,2021-02-02,2022-01-31,2022-02-01,2022-02-28,Minimum CVaR,IEF,0.3,252,252,0.00868054257391096,0.196780377877139,0
2022-03-01,2021-03-02,2022-02-28,2022-03-01,2022-03-31,Minimum CVaR,GLD,0.152631423493224,252,252,0.00843014126808889,0.0547963036376698,0
2022-03-01,2021-03-02,2022-02-28,2022-03-01,2022-03-31,Minimum CVaR,EFA,0.247368576506777,252,252,0.00843014126808889,0.0547963036376698,0
2022-03-01,2021-03-02,2022-02-28,2022-03-01,2022-03-31,Minimum CVaR,IWM,0,252,252,0.00843014126808889,0.0547963036376698,0
2022-03-01,2021-03-02,2022-02-28,2022-03-01,2022-03-31,Minimum CVaR,VNQ,0,252,252,0.00843014126808889,0.0547963036376698,0
2022-03-01,2021-03-02,2022-02-28,2022-03-01,2022-03-31,Minimum CVaR,EEM,0,252,252,0.00843014126808889,0.0547963036376698,0
2022-03-01,2021-03-02,2022-02-28,2022-03-01,2022-03-31,Minimum CVaR,SPY,0,252,252,0.00843014126808889,0.0547963036376698,0
2022-03-01,2021-03-02,2022-02-28,2022-03-01,2022-03-31,Minimum CVaR,TLT,0,252,252,0.00843014126808889,0.0547963036376698,0
2022-03-01,2021-03-02,2022-02-28,2022-03-01,2022-03-31,Minimum CVaR,LQD,0.3,252,252,0.00843014126808889,0.0547963036376698,0
2022-03-01,2021-03-02,2022-02-28,2022-03-01,2022-03-31,Minimum CVaR,QQQ,0,252,252,0.00843014126808889,0.0547963036376698,0
2022-03-01,2021-03-02,2022-02-28,2022-03-01,2022-03-31,Minimum CVaR,IEF,0.3,252,252,0.00843014126808889,0.0547963036376698,0
2022-04-01,2021-04-05,2022-03-31,2022-04-01,2022-05-31,Minimum CVaR,GLD,0.213084643249862,252,252,0.00880627274516933,0.0662283083052243,0
2022-04-01,2021-04-05,2022-03-31,2022-04-01,2022-05-31,Minimum CVaR,EFA,0.253143665055362,252,252,0.00880627274516933,0.0662283083052243,0
2022-04-01,2021-04-05,2022-03-31,2022-04-01,2022-05-31,Minimum CVaR,IWM,0,252,252,0.00880627274516933,0.0662283083052243,0
2022-04-01,2021-04-05,2022-03-31,2022-04-01,2022-05-31,Minimum CVaR,VNQ,0,252,252,0.00880627274516933,0.0662283083052243,0
2022-04-01,2021-04-05,2022-03-31,2022-04-01,2022-05-31,Minimum CVaR,EEM,0,252,252,0.00880627274516933,0.0662283083052243,0
2022-04-01,2021-04-05,2022-03-31,2022-04-01,2022-05-31,Minimum CVaR,SPY,0,252,252,0.00880627274516933,0.0662283083052243,0
2022-04-01,2021-04-05,2022-03-31,2022-04-01,2022-05-31,Minimum CVaR,TLT,0,252,252,0.00880627274516933,0.0662283083052243,0
2022-04-01,2021-04-05,2022-03-31,2022-04-01,2022-05-31,Minimum CVaR,LQD,0.233771691694775,252,252,0.00880627274516933,0.0662283083052243,0
2022-04-01,2021-04-05,2022-03-31,2022-04-01,2022-05-31,Minimum CVaR,QQQ,0,252,252,0.00880627274516933,0.0662283083052243,0
2022-04-01,2021-04-05,2022-03-31,2022-04-01,2022-05-31,Minimum CVaR,IEF,0.3,252,252,0.00880627274516933,0.0662283083052243,0
2022-06-01,2021-06-02,2022-05-31,2022-06-01,2022-06-30,Minimum CVaR,GLD,0.226547710634523,252,252,0.00986779514756643,0.0332826087326918,0
2022-06-01,2021-06-02,2022-05-31,2022-06-01,2022-06-30,Minimum CVaR,EFA,0.219861056322671,252,252,0.00986779514756643,0.0332826087326918,0
2022-06-01,2021-06-02,2022-05-31,2022-06-01,2022-06-30,Minimum CVaR,IWM,0,252,252,0.00986779514756643,0.0332826087326918,0
2022-06-01,2021-06-02,2022-05-31,2022-06-01,2022-06-30,Minimum CVaR,VNQ,0,252,252,0.00986779514756643,0.0332826087326918,0
2022-06-01,2021-06-02,2022-05-31,2022-06-01,2022-06-30,Minimum CVaR,EEM,0,252,252,0.00986779514756643,0.0332826087326918,0
2022-06-01,2021-06-02,2022-05-31,2022-06-01,2022-06-30,Minimum CVaR,SPY,0,252,252,0.00986779514756643,0.0332826087326918,0
2022-06-01,2021-06-02,2022-05-31,2022-06-01,2022-06-30,Minimum CVaR,TLT,0,252,252,0.00986779514756643,0.0332826087326918,0
2022-06-01,2021-06-02,2022-05-31,2022-06-01,2022-06-30,Minimum CVaR,LQD,0.253591233042807,252,252,0.00986779514756643,0.0332826087326918,0
2022-06-01,2021-06-02,2022-05-31,2022-06-01,2022-06-30,Minimum CVaR,QQQ,0,252,252,0.00986779514756643,0.0332826087326918,0
2022-06-01,2021-06-02,2022-05-31,2022-06-01,2022-06-30,Minimum CVaR,IEF,0.3,252,252,0.00986779514756643,0.0332826087326918,0
2022-07-01,2021-07-01,2022-06-30,2022-07-01,2022-07-31,Minimum CVaR,GLD,0.21086896962881,252,252,0.0111674847309604,0.0230271754440953,0
2022-07-01,2021-07-01,2022-06-30,2022-07-01,2022-07-31,Minimum CVaR,EFA,0.212512621884288,252,252,0.0111674847309604,0.0230271754440953,0
2022-07-01,2021-07-01,2022-06-30,2022-07-01,2022-07-31,Minimum CVaR,IWM,0,252,252,0.0111674847309604,0.0230271754440953,0
2022-07-01,2021-07-01,2022-06-30,2022-07-01,2022-07-31,Minimum CVaR,VNQ,0,252,252,0.0111674847309604,0.0230271754440953,0
2022-07-01,2021-07-01,2022-06-30,2022-07-01,2022-07-31,Minimum CVaR,EEM,0,252,252,0.0111674847309604,0.0230271754440953,0
2022-07-01,2021-07-01,2022-06-30,2022-07-01,2022-07-31,Minimum CVaR,SPY,0,252,252,0.0111674847309604,0.0230271754440953,0
2022-07-01,2021-07-01,2022-06-30,2022-07-01,2022-07-31,Minimum CVaR,TLT,0,252,252,0.0111674847309604,0.0230271754440953,0
2022-07-01,2021-07-01,2022-06-30,2022-07-01,2022-07-31,Minimum CVaR,LQD,0.276618408486902,252,252,0.0111674847309604,0.0230271754440953,0
2022-07-01,2021-07-01,2022-06-30,2022-07-01,2022-07-31,Minimum CVaR,QQQ,0,252,252,0.0111674847309604,0.0230271754440953,0
2022-07-01,2021-07-01,2022-06-30,2022-07-01,2022-07-31,Minimum CVaR,IEF,0.3,252,252,0.0111674847309604,0.0230271754440953,0
2022-08-01,2021-07-30,2022-07-29,2022-08-01,2022-08-31,Minimum CVaR,GLD,0.208356933551499,252,252,0.0112547995565397,0.00368939670940827,0
2022-08-01,2021-07-30,2022-07-29,2022-08-01,2022-08-31,Minimum CVaR,EFA,0.211335261252191,252,252,0.0112547995565397,0.00368939670940827,0
2022-08-01,2021-07-30,2022-07-29,2022-08-01,2022-08-31,Minimum CVaR,IWM,0,252,252,0.0112547995565397,0.00368939670940827,0
2022-08-01,2021-07-30,2022-07-29,2022-08-01,2022-08-31,Minimum CVaR,VNQ,0,252,252,0.0112547995565397,0.00368939670940827,0
2022-08-01,2021-07-30,2022-07-29,2022-08-01,2022-08-31,Minimum CVaR,EEM,0,252,252,0.0112547995565397,0.00368939670940827,0
2022-08-01,2021-07-30,2022-07-29,2022-08-01,2022-08-31,Minimum CVaR,SPY,0,252,252,0.0112547995565397,0.00368939670940827,0
2022-08-01,2021-07-30,2022-07-29,2022-08-01,2022-08-31,Minimum CVaR,TLT,0,252,252,0.0112547995565397,0.00368939670940827,0
2022-08-01,2021-07-30,2022-07-29,2022-08-01,2022-08-31,Minimum CVaR,LQD,0.28030780519631,252,252,0.0112547995565397,0.00368939670940827,0
2022-08-01,2021-07-30,2022-07-29,2022-08-01,2022-08-31,Minimum CVaR,QQQ,0,252,252,0.0112547995565397,0.00368939670940827,0
2022-08-01,2021-07-30,2022-07-29,2022-08-01,2022-08-31,Minimum CVaR,IEF,0.3,252,252,0.0112547995565397,0.00368939670940827,0
2022-09-01,2021-09-01,2022-08-31,2022-09-01,2022-10-31,Minimum CVaR,GLD,0.3,252,252,0.0118007239072757,0.114791294264911,0
2022-09-01,2021-09-01,2022-08-31,2022-09-01,2022-10-31,Minimum CVaR,EFA,0.129989603651022,252,252,0.0118007239072757,0.114791294264911,0
2022-09-01,2021-09-01,2022-08-31,2022-09-01,2022-10-31,Minimum CVaR,IWM,0,252,252,0.0118007239072757,0.114791294264911,0
2022-09-01,2021-09-01,2022-08-31,2022-09-01,2022-10-31,Minimum CVaR,VNQ,0,252,252,0.0118007239072757,0.114791294264911,0
2022-09-01,2021-09-01,2022-08-31,2022-09-01,2022-10-31,Minimum CVaR,EEM,0,252,252,0.0118007239072757,0.114791294264911,0
2022-09-01,2021-09-01,2022-08-31,2022-09-01,2022-10-31,Minimum CVaR,SPY,0.0231482278164097,252,252,0.0118007239072757,0.114791294264911,0
2022-09-01,2021-09-01,2022-08-31,2022-09-01,2022-10-31,Minimum CVaR,TLT,0,252,252,0.0118007239072757,0.114791294264911,0
2022-09-01,2021-09-01,2022-08-31,2022-09-01,2022-10-31,Minimum CVaR,LQD,0.246862168532567,252,252,0.0118007239072757,0.114791294264911,0
2022-09-01,2021-09-01,2022-08-31,2022-09-01,2022-10-31,Minimum CVaR,QQQ,0,252,252,0.0118007239072757,0.114791294264911,0
2022-09-01,2021-09-01,2022-08-31,2022-09-01,2022-10-31,Minimum CVaR,IEF,0.3,252,252,0.0118007239072757,0.114791294264911,0
2022-11-01,2021-11-01,2022-10-31,2022-11-01,2022-11-30,Minimum CVaR,GLD,0.3,252,252,0.0127272441206343,0.0231482278164101,0
2022-11-01,2021-11-01,2022-10-31,2022-11-01,2022-11-30,Minimum CVaR,EFA,0.131421777679756,252,252,0.0127272441206343,0.0231482278164101,0
2022-11-01,2021-11-01,2022-10-31,2022-11-01,2022-11-30,Minimum CVaR,IWM,0,252,252,0.0127272441206343,0.0231482278164101,0
2022-11-01,2021-11-01,2022-10-31,2022-11-01,2022-11-30,Minimum CVaR,VNQ,0,252,252,0.0127272441206343,0.0231482278164101,0
2022-11-01,2021-11-01,2022-10-31,2022-11-01,2022-11-30,Minimum CVaR,EEM,0,252,252,0.0127272441206343,0.0231482278164101,0
2022-11-01,2021-11-01,2022-10-31,2022-11-01,2022-11-30,Minimum CVaR,SPY,0,252,252,0.0127272441206343,0.0231482278164101,0
2022-11-01,2021-11-01,2022-10-31,2022-11-01,2022-11-30,Minimum CVaR,TLT,0,252,252,0.0127272441206343,0.0231482278164101,0
2022-11-01,2021-11-01,2022-10-31,2022-11-01,2022-11-30,Minimum CVaR,LQD,0.268578222320244,252,252,0.0127272441206343,0.0231482278164101,0
2022-11-01,2021-11-01,2022-10-31,2022-11-01,2022-11-30,Minimum CVaR,QQQ,0,252,252,0.0127272441206343,0.0231482278164101,0
2022-11-01,2021-11-01,2022-10-31,2022-11-01,2022-11-30,Minimum CVaR,IEF,0.3,252,252,0.0127272441206343,0.0231482278164101,0
2022-12-01,2021-12-01,2022-11-30,2022-12-01,2023-01-31,Minimum CVaR,GLD,0.3,252,252,0.0125455681378983,0.00167744483810239,0
2022-12-01,2021-12-01,2022-11-30,2022-12-01,2023-01-31,Minimum CVaR,EFA,0.129744332841653,252,252,0.0125455681378983,0.00167744483810239,0
2022-12-01,2021-12-01,2022-11-30,2022-12-01,2023-01-31,Minimum CVaR,IWM,0,252,252,0.0125455681378983,0.00167744483810239,0
2022-12-01,2021-12-01,2022-11-30,2022-12-01,2023-01-31,Minimum CVaR,VNQ,0,252,252,0.0125455681378983,0.00167744483810239,0
2022-12-01,2021-12-01,2022-11-30,2022-12-01,2023-01-31,Minimum CVaR,EEM,0,252,252,0.0125455681378983,0.00167744483810239,0
2022-12-01,2021-12-01,2022-11-30,2022-12-01,2023-01-31,Minimum CVaR,SPY,0,252,252,0.0125455681378983,0.00167744483810239,0
2022-12-01,2021-12-01,2022-11-30,2022-12-01,2023-01-31,Minimum CVaR,TLT,0,252,252,0.0125455681378983,0.00167744483810239,0
2022-12-01,2021-12-01,2022-11-30,2022-12-01,2023-01-31,Minimum CVaR,LQD,0.270255667158346,252,252,0.0125455681378983,0.00167744483810239,0
2022-12-01,2021-12-01,2022-11-30,2022-12-01,2023-01-31,Minimum CVaR,QQQ,0,252,252,0.0125455681378983,0.00167744483810239,0
2022-12-01,2021-12-01,2022-11-30,2022-12-01,2023-01-31,Minimum CVaR,IEF,0.3,252,252,0.0125455681378983,0.00167744483810239,0
2023-02-01,2022-01-31,2023-01-31,2023-02-01,2023-02-28,Minimum CVaR,GLD,0.3,252,252,0.0127375288934177,0.0249704702279809,0
2023-02-01,2022-01-31,2023-01-31,2023-02-01,2023-02-28,Minimum CVaR,EFA,0.104773862613672,252,252,0.0127375288934177,0.0249704702279809,0
2023-02-01,2022-01-31,2023-01-31,2023-02-01,2023-02-28,Minimum CVaR,IWM,0,252,252,0.0127375288934177,0.0249704702279809,0
2023-02-01,2022-01-31,2023-01-31,2023-02-01,2023-02-28,Minimum CVaR,VNQ,0,252,252,0.0127375288934177,0.0249704702279809,0
2023-02-01,2022-01-31,2023-01-31,2023-02-01,2023-02-28,Minimum CVaR,EEM,0,252,252,0.0127375288934177,0.0249704702279809,0
2023-02-01,2022-01-31,2023-01-31,2023-02-01,2023-02-28,Minimum CVaR,SPY,0,252,252,0.0127375288934177,0.0249704702279809,0
2023-02-01,2022-01-31,2023-01-31,2023-02-01,2023-02-28,Minimum CVaR,TLT,0,252,252,0.0127375288934177,0.0249704702279809,0
2023-02-01,2022-01-31,2023-01-31,2023-02-01,2023-02-28,Minimum CVaR,LQD,0.295226137386328,252,252,0.0127375288934177,0.0249704702279809,0
2023-02-01,2022-01-31,2023-01-31,2023-02-01,2023-02-28,Minimum CVaR,QQQ,0,252,252,0.0127375288934177,0.0249704702279809,0
2023-02-01,2022-01-31,2023-01-31,2023-02-01,2023-02-28,Minimum CVaR,IEF,0.3,252,252,0.0127375288934177,0.0249704702279809,0
2023-03-01,2022-02-28,2023-02-28,2023-03-01,2023-04-30,Minimum CVaR,GLD,0.3,252,252,0.0131478373909019,0.0300448367673788,0
2023-03-01,2022-02-28,2023-02-28,2023-03-01,2023-04-30,Minimum CVaR,EFA,0.134818699381051,252,252,0.0131478373909019,0.0300448367673788,0
2023-03-01,2022-02-28,2023-02-28,2023-03-01,2023-04-30,Minimum CVaR,IWM,0,252,252,0.0131478373909019,0.0300448367673788,0
2023-03-01,2022-02-28,2023-02-28,2023-03-01,2023-04-30,Minimum CVaR,VNQ,0,252,252,0.0131478373909019,0.0300448367673788,0
2023-03-01,2022-02-28,2023-02-28,2023-03-01,2023-04-30,Minimum CVaR,EEM,0,252,252,0.0131478373909019,0.0300448367673788,0
2023-03-01,2022-02-28,2023-02-28,2023-03-01,2023-04-30,Minimum CVaR,SPY,0,252,252,0.0131478373909019,0.0300448367673788,0
2023-03-01,2022-02-28,2023-02-28,2023-03-01,2023-04-30,Minimum CVaR,TLT,0,252,252,0.0131478373909019,0.0300448367673788,0
2023-03-01,2022-02-28,2023-02-28,2023-03-01,2023-04-30,Minimum CVaR,LQD,0.265181300618949,252,252,0.0131478373909019,0.0300448367673788,0
2023-03-01,2022-02-28,2023-02-28,2023-03-01,2023-04-30,Minimum CVaR,QQQ,0,252,252,0.0131478373909019,0.0300448367673788,0
2023-03-01,2022-02-28,2023-02-28,2023-03-01,2023-04-30,Minimum CVaR,IEF,0.3,252,252,0.0131478373909019,0.0300448367673788,0
2023-05-01,2022-04-28,2023-04-28,2023-05-01,2023-05-31,Minimum CVaR,GLD,0.3,252,252,0.0127138683200007,0.0585092311619357,0
2023-05-01,2022-04-28,2023-04-28,2023-05-01,2023-05-31,Minimum CVaR,EFA,0.0763094682191156,252,252,0.0127138683200007,0.0585092311619357,0
2023-05-01,2022-04-28,2023-04-28,2023-05-01,2023-05-31,Minimum CVaR,IWM,0,252,252,0.0127138683200007,0.0585092311619357,0
2023-05-01,2022-04-28,2023-04-28,2023-05-01,2023-05-31,Minimum CVaR,VNQ,0,252,252,0.0127138683200007,0.0585092311619357,0
2023-05-01,2022-04-28,2023-04-28,2023-05-01,2023-05-31,Minimum CVaR,EEM,0.0236905317808847,252,252,0.0127138683200007,0.0585092311619357,0
2023-05-01,2022-04-28,2023-04-28,2023-05-01,2023-05-31,Minimum CVaR,SPY,0,252,252,0.0127138683200007,0.0585092311619357,0
2023-05-01,2022-04-28,2023-04-28,2023-05-01,2023-05-31,Minimum CVaR,TLT,0,252,252,0.0127138683200007,0.0585092311619357,0
2023-05-01,2022-04-28,2023-04-28,2023-05-01,2023-05-31,Minimum CVaR,LQD,0.3,252,252,0.0127138683200007,0.0585092311619357,0
2023-05-01,2022-04-28,2023-04-28,2023-05-01,2023-05-31,Minimum CVaR,QQQ,0,252,252,0.0127138683200007,0.0585092311619357,0
2023-05-01,2022-04-28,2023-04-28,2023-05-01,2023-05-31,Minimum CVaR,IEF,0.3,252,252,0.0127138683200007,0.0585092311619357,0
2023-06-01,2022-05-31,2023-05-31,2023-06-01,2023-07-31,Minimum CVaR,GLD,0.3,252,252,0.0125363629038487,0.00864270403849425,0
2023-06-01,2022-05-31,2023-05-31,2023-06-01,2023-07-31,Minimum CVaR,EFA,0.0849521722576102,252,252,0.0125363629038487,0.00864270403849425,0
2023-06-01,2022-05-31,2023-05-31,2023-06-01,2023-07-31,Minimum CVaR,IWM,0,252,252,0.0125363629038487,0.00864270403849425,0
2023-06-01,2022-05-31,2023-05-31,2023-06-01,2023-07-31,Minimum CVaR,VNQ,0,252,252,0.0125363629038487,0.00864270403849425,0
2023-06-01,2022-05-31,2023-05-31,2023-06-01,2023-07-31,Minimum CVaR,EEM,0.0150478277423907,252,252,0.0125363629038487,0.00864270403849425,0
2023-06-01,2022-05-31,2023-05-31,2023-06-01,2023-07-31,Minimum CVaR,SPY,0,252,252,0.0125363629038487,0.00864270403849425,0
2023-06-01,2022-05-31,2023-05-31,2023-06-01,2023-07-31,Minimum CVaR,TLT,0,252,252,0.0125363629038487,0.00864270403849425,0
2023-06-01,2022-05-31,2023-05-31,2023-06-01,2023-07-31,Minimum CVaR,LQD,0.3,252,252,0.0125363629038487,0.00864270403849425,0
2023-06-01,2022-05-31,2023-05-31,2023-06-01,2023-07-31,Minimum CVaR,QQQ,0,252,252,0.0125363629038487,0.00864270403849425,0
2023-06-01,2022-05-31,2023-05-31,2023-06-01,2023-07-31,Minimum CVaR,IEF,0.3,252,252,0.0125363629038487,0.00864270403849425,0
2023-08-01,2022-07-29,2023-07-31,2023-08-01,2023-08-31,Minimum CVaR,GLD,0.3,252,252,0.0116180573474097,0.0150478277423908,0
2023-08-01,2022-07-29,2023-07-31,2023-08-01,2023-08-31,Minimum CVaR,EFA,0.100000000000001,252,252,0.0116180573474097,0.0150478277423908,0
2023-08-01,2022-07-29,2023-07-31,2023-08-01,2023-08-31,Minimum CVaR,IWM,0,252,252,0.0116180573474097,0.0150478277423908,0
2023-08-01,2022-07-29,2023-07-31,2023-08-01,2023-08-31,Minimum CVaR,VNQ,0,252,252,0.0116180573474097,0.0150478277423908,0
2023-08-01,2022-07-29,2023-07-31,2023-08-01,2023-08-31,Minimum CVaR,EEM,0,252,252,0.0116180573474097,0.0150478277423908,0
2023-08-01,2022-07-29,2023-07-31,2023-08-01,2023-08-31,Minimum CVaR,SPY,0,252,252,0.0116180573474097,0.0150478277423908,0
2023-08-01,2022-07-29,2023-07-31,2023-08-01,2023-08-31,Minimum CVaR,TLT,0,252,252,0.0116180573474097,0.0150478277423908,0
2023-08-01,2022-07-29,2023-07-31,2023-08-01,2023-08-31,Minimum CVaR,LQD,0.3,252,252,0.0116180573474097,0.0150478277423908,0
2023-08-01,2022-07-29,2023-07-31,2023-08-01,2023-08-31,Minimum CVaR,QQQ,0,252,252,0.0116180573474097,0.0150478277423908,0
2023-08-01,2022-07-29,2023-07-31,2023-08-01,2023-08-31,Minimum CVaR,IEF,0.3,252,252,0.0116180573474097,0.0150478277423908,0
2023-09-01,2022-08-31,2023-08-31,2023-09-01,2023-10-31,Minimum CVaR,GLD,0.269987177347908,252,252,0.0111793416354516,0.0300128226520914,0
2023-09-01,2022-08-31,2023-08-31,2023-09-01,2023-10-31,Minimum CVaR,EFA,0.130012822652092,252,252,0.0111793416354516,0.0300128226520914,0
2023-09-01,2022-08-31,2023-08-31,2023-09-01,2023-10-31,Minimum CVaR,IWM,0,252,252,0.0111793416354516,0.0300128226520914,0
2023-09-01,2022-08-31,2023-08-31,2023-09-01,2023-10-31,Minimum CVaR,VNQ,0,252,252,0.0111793416354516,0.0300128226520914,0
2023-09-01,2022-08-31,2023-08-31,2023-09-01,2023-10-31,Minimum CVaR,EEM,0,252,252,0.0111793416354516,0.0300128226520914,0
2023-09-01,2022-08-31,2023-08-31,2023-09-01,2023-10-31,Minimum CVaR,SPY,0,252,252,0.0111793416354516,0.0300128226520914,0
2023-09-01,2022-08-31,2023-08-31,2023-09-01,2023-10-31,Minimum CVaR,TLT,0,252,252,0.0111793416354516,0.0300128226520914,0
2023-09-01,2022-08-31,2023-08-31,2023-09-01,2023-10-31,Minimum CVaR,LQD,0.3,252,252,0.0111793416354516,0.0300128226520914,0
2023-09-01,2022-08-31,2023-08-31,2023-09-01,2023-10-31,Minimum CVaR,QQQ,0,252,252,0.0111793416354516,0.0300128226520914,0
2023-09-01,2022-08-31,2023-08-31,2023-09-01,2023-10-31,Minimum CVaR,IEF,0.3,252,252,0.0111793416354516,0.0300128226520914,0
2023-11-01,2022-10-31,2023-10-31,2023-11-01,2023-11-30,Minimum CVaR,GLD,0.223468619487118,252,252,0.00974642898624736,0.152191917635769,0
2023-11-01,2022-10-31,2023-10-31,2023-11-01,2023-11-30,Minimum CVaR,EFA,0.0556764089209237,252,252,0.00974642898624736,0.152191917635769,0
2023-11-01,2022-10-31,2023-10-31,2023-11-01,2023-11-30,Minimum CVaR,IWM,0,252,252,0.00974642898624736,0.152191917635769,0
2023-11-01,2022-10-31,2023-10-31,2023-11-01,2023-11-30,Minimum CVaR,VNQ,0,252,252,0.00974642898624736,0.152191917635769,0
2023-11-01,2022-10-31,2023-10-31,2023-11-01,2023-11-30,Minimum CVaR,EEM,0,252,252,0.00974642898624736,0.152191917635769,0
2023-11-01,2022-10-31,2023-10-31,2023-11-01,2023-11-30,Minimum CVaR,SPY,0.15219191763577,252,252,0.00974642898624736,0.152191917635769,0
2023-11-01,2022-10-31,2023-10-31,2023-11-01,2023-11-30,Minimum CVaR,TLT,0,252,252,0.00974642898624736,0.152191917635769,0
2023-11-01,2022-10-31,2023-10-31,2023-11-01,2023-11-30,Minimum CVaR,LQD,0.268663053956188,252,252,0.00974642898624736,0.152191917635769,0
2023-11-01,2022-10-31,2023-10-31,2023-11-01,2023-11-30,Minimum CVaR,QQQ,0,252,252,0.00974642898624736,0.152191917635769,0
2023-11-01,2022-10-31,2023-10-31,2023-11-01,2023-11-30,Minimum CVaR,IEF,0.3,252,252,0.00974642898624736,0.152191917635769,0
2023-12-01,2022-11-30,2023-11-30,2023-12-01,2024-01-31,Minimum CVaR,GLD,0.220675296856038,252,252,0.00973231971250929,0.0337085580688773,0
2023-12-01,2022-11-30,2023-11-30,2023-12-01,2024-01-31,Minimum CVaR,EFA,0.024761173483127,252,252,0.00973231971250929,0.0337085580688773,0
2023-12-01,2022-11-30,2023-11-30,2023-12-01,2024-01-31,Minimum CVaR,IWM,0,252,252,0.00973231971250929,0.0337085580688773,0
2023-12-01,2022-11-30,2023-11-30,2023-12-01,2024-01-31,Minimum CVaR,VNQ,0,252,252,0.00973231971250929,0.0337085580688773,0
2023-12-01,2022-11-30,2023-11-30,2023-12-01,2024-01-31,Minimum CVaR,EEM,0,252,252,0.00973231971250929,0.0337085580688773,0
2023-12-01,2022-11-30,2023-11-30,2023-12-01,2024-01-31,Minimum CVaR,SPY,0.176154714704641,252,252,0.00973231971250929,0.0337085580688773,0
2023-12-01,2022-11-30,2023-11-30,2023-12-01,2024-01-31,Minimum CVaR,TLT,0,252,252,0.00973231971250929,0.0337085580688773,0
2023-12-01,2022-11-30,2023-11-30,2023-12-01,2024-01-31,Minimum CVaR,LQD,0.278408814956194,252,252,0.00973231971250929,0.0337085580688773,0
2023-12-01,2022-11-30,2023-11-30,2023-12-01,2024-01-31,Minimum CVaR,QQQ,0,252,252,0.00973231971250929,0.0337085580688773,0
2023-12-01,2022-11-30,2023-11-30,2023-12-01,2024-01-31,Minimum CVaR,IEF,0.3,252,252,0.00973231971250929,0.0337085580688773,0
2024-02-01,2023-01-31,2024-01-31,2024-02-01,2024-02-29,Minimum CVaR,GLD,0.250367183374901,252,252,0.00929396520022425,0.152258313142389,0
2024-02-01,2023-01-31,2024-01-31,2024-02-01,2024-02-29,Minimum CVaR,EFA,0,252,252,0.00929396520022425,0.152258313142389,0
2024-02-01,2023-01-31,2024-01-31,2024-02-01,2024-02-29,Minimum CVaR,IWM,0.0139476054288083,252,252,0.00929396520022425,0.152258313142389,0
2024-02-01,2023-01-31,2024-01-31,2024-02-01,2024-02-29,Minimum CVaR,VNQ,0,252,252,0.00929396520022425,0.152258313142389,0
2024-02-01,2023-01-31,2024-01-31,2024-02-01,2024-02-29,Minimum CVaR,EEM,0,252,252,0.00929396520022425,0.152258313142389,0
2024-02-01,2023-01-31,2024-01-31,2024-02-01,2024-02-29,Minimum CVaR,SPY,0.284773535899357,252,252,0.00929396520022425,0.152258313142389,0
2024-02-01,2023-01-31,2024-01-31,2024-02-01,2024-02-29,Minimum CVaR,TLT,0,252,252,0.00929396520022425,0.152258313142389,0
2024-02-01,2023-01-31,2024-01-31,2024-02-01,2024-02-29,Minimum CVaR,LQD,0.15091167529693,252,252,0.00929396520022425,0.152258313142389,0
2024-02-01,2023-01-31,2024-01-31,2024-02-01,2024-02-29,Minimum CVaR,QQQ,0,252,252,0.00929396520022425,0.152258313142389,0
2024-02-01,2023-01-31,2024-01-31,2024-02-01,2024-02-29,Minimum CVaR,IEF,0.3,252,252,0.00929396520022425,0.152258313142389,0
2024-03-01,2023-03-01,2024-02-29,2024-03-01,2024-03-31,Minimum CVaR,GLD,0.247003035853253,252,252,0.0086830256580851,0.0158208811363161,0
2024-03-01,2023-03-01,2024-02-29,2024-03-01,2024-03-31,Minimum CVaR,EFA,0.000594417035674858,252,252,0.0086830256580851,0.0158208811363161,0
2024-03-01,2023-03-01,2024-02-29,2024-03-01,2024-03-31,Minimum CVaR,IWM,0.00512455129046929,252,252,0.0086830256580851,0.0158208811363161,0
2024-03-01,2023-03-01,2024-02-29,2024-03-01,2024-03-31,Minimum CVaR,VNQ,0,252,252,0.0086830256580851,0.0158208811363161,0
2024-03-01,2023-03-01,2024-02-29,2024-03-01,2024-03-31,Minimum CVaR,EEM,0,252,252,0.0086830256580851,0.0158208811363161,0
2024-03-01,2023-03-01,2024-02-29,2024-03-01,2024-03-31,Minimum CVaR,SPY,0.3,252,252,0.0086830256580851,0.0158208811363161,0
2024-03-01,2023-03-01,2024-02-29,2024-03-01,2024-03-31,Minimum CVaR,TLT,0,252,252,0.0086830256580851,0.0158208811363161,0
2024-03-01,2023-03-01,2024-02-29,2024-03-01,2024-03-31,Minimum CVaR,LQD,0.147277995820603,252,252,0.0086830256580851,0.0158208811363161,0
2024-03-01,2023-03-01,2024-02-29,2024-03-01,2024-03-31,Minimum CVaR,QQQ,0,252,252,0.0086830256580851,0.0158208811363161,0
2024-03-01,2023-03-01,2024-02-29,2024-03-01,2024-03-31,Minimum CVaR,IEF,0.3,252,252,0.0086830256580851,0.0158208811363161,0
2024-04-01,2023-03-29,2024-03-28,2024-04-01,2024-04-30,Minimum CVaR,GLD,0.262619447102674,252,252,0.00847992120538901,0.0156164112494212,0
2024-04-01,2023-03-29,2024-03-28,2024-04-01,2024-04-30,Minimum CVaR,EFA,0,252,252,0.00847992120538901,0.0156164112494212,0
2024-04-01,2023-03-29,2024-03-28,2024-04-01,2024-04-30,Minimum CVaR,IWM,0,252,252,0.00847992120538901,0.0156164112494212,0
2024-04-01,2023-03-29,2024-03-28,2024-04-01,2024-04-30,Minimum CVaR,VNQ,0,252,252,0.00847992120538901,0.0156164112494212,0
2024-04-01,2023-03-29,2024-03-28,2024-04-01,2024-04-30,Minimum CVaR,EEM,0,252,252,0.00847992120538901,0.0156164112494212,0
2024-04-01,2023-03-29,2024-03-28,2024-04-01,2024-04-30,Minimum CVaR,SPY,0.3,252,252,0.00847992120538901,0.0156164112494212,0
2024-04-01,2023-03-29,2024-03-28,2024-04-01,2024-04-30,Minimum CVaR,TLT,0,252,252,0.00847992120538901,0.0156164112494212,0
2024-04-01,2023-03-29,2024-03-28,2024-04-01,2024-04-30,Minimum CVaR,LQD,0.137380552897326,252,252,0.00847992120538901,0.0156164112494212,0
2024-04-01,2023-03-29,2024-03-28,2024-04-01,2024-04-30,Minimum CVaR,QQQ,0,252,252,0.00847992120538901,0.0156164112494212,0
2024-04-01,2023-03-29,2024-03-28,2024-04-01,2024-04-30,Minimum CVaR,IEF,0.3,252,252,0.00847992120538901,0.0156164112494212,0
2024-05-01,2023-05-01,2024-04-30,2024-05-01,2024-06-30,Minimum CVaR,GLD,0.265722367049528,252,252,0.00921843227144233,0.00402427015847141,0
2024-05-01,2023-05-01,2024-04-30,2024-05-01,2024-06-30,Minimum CVaR,EFA,0,252,252,0.00921843227144233,0.00402427015847141,0
2024-05-01,2023-05-01,2024-04-30,2024-05-01,2024-06-30,Minimum CVaR,IWM,0,252,252,0.00921843227144233,0.00402427015847141,0
2024-05-01,2023-05-01,2024-04-30,2024-05-01,2024-06-30,Minimum CVaR,VNQ,0,252,252,0.00921843227144233,0.00402427015847141,0
2024-05-01,2023-05-01,2024-04-30,2024-05-01,2024-06-30,Minimum CVaR,EEM,0,252,252,0.00921843227144233,0.00402427015847141,0
2024-05-01,2023-05-01,2024-04-30,2024-05-01,2024-06-30,Minimum CVaR,SPY,0.295975729841529,252,252,0.00921843227144233,0.00402427015847141,0
2024-05-01,2023-05-01,2024-04-30,2024-05-01,2024-06-30,Minimum CVaR,TLT,0,252,252,0.00921843227144233,0.00402427015847141,0
2024-05-01,2023-05-01,2024-04-30,2024-05-01,2024-06-30,Minimum CVaR,LQD,0.138301903108943,252,252,0.00921843227144233,0.00402427015847141,0
2024-05-01,2023-05-01,2024-04-30,2024-05-01,2024-06-30,Minimum CVaR,QQQ,0,252,252,0.00921843227144233,0.00402427015847141,0
2024-05-01,2023-05-01,2024-04-30,2024-05-01,2024-06-30,Minimum CVaR,IEF,0.3,252,252,0.00921843227144233,0.00402427015847141,0
2024-07-01,2023-06-29,2024-06-28,2024-07-01,2024-07-31,Minimum CVaR,GLD,0.146577635296999,252,252,0.00955632271800288,0.119144731752529,0
2024-07-01,2023-06-29,2024-06-28,2024-07-01,2024-07-31,Minimum CVaR,EFA,0,252,252,0.00955632271800288,0.119144731752529,0
2024-07-01,2023-06-29,2024-06-28,2024-07-01,2024-07-31,Minimum CVaR,IWM,0,252,252,0.00955632271800288,0.119144731752529,0
2024-07-01,2023-06-29,2024-06-28,2024-07-01,2024-07-31,Minimum CVaR,VNQ,0,252,252,0.00955632271800288,0.119144731752529,0
2024-07-01,2023-06-29,2024-06-28,2024-07-01,2024-07-31,Minimum CVaR,EEM,0,252,252,0.00955632271800288,0.119144731752529,0
2024-07-01,2023-06-29,2024-06-28,2024-07-01,2024-07-31,Minimum CVaR,SPY,0.3,252,252,0.00955632271800288,0.119144731752529,0
2024-07-01,2023-06-29,2024-06-28,2024-07-01,2024-07-31,Minimum CVaR,TLT,0,252,252,0.00955632271800288,0.119144731752529,0
2024-07-01,2023-06-29,2024-06-28,2024-07-01,2024-07-31,Minimum CVaR,LQD,0.253422364703001,252,252,0.00955632271800288,0.119144731752529,0
2024-07-01,2023-06-29,2024-06-28,2024-07-01,2024-07-31,Minimum CVaR,QQQ,0,252,252,0.00955632271800288,0.119144731752529,0
2024-07-01,2023-06-29,2024-06-28,2024-07-01,2024-07-31,Minimum CVaR,IEF,0.3,252,252,0.00955632271800288,0.119144731752529,0
2024-08-01,2023-08-01,2024-07-31,2024-08-01,2024-09-30,Minimum CVaR,GLD,0.156659917005466,252,252,0.00935591028197655,0.0566599170054663,0
2024-08-01,2023-08-01,2024-07-31,2024-08-01,2024-09-30,Minimum CVaR,EFA,0,252,252,0.00935591028197655,0.0566599170054663,0
2024-08-01,2023-08-01,2024-07-31,2024-08-01,2024-09-30,Minimum CVaR,IWM,0,252,252,0.00935591028197655,0.0566599170054663,0
2024-08-01,2023-08-01,2024-07-31,2024-08-01,2024-09-30,Minimum CVaR,VNQ,0,252,252,0.00935591028197655,0.0566599170054663,0
2024-08-01,2023-08-01,2024-07-31,2024-08-01,2024-09-30,Minimum CVaR,EEM,0,252,252,0.00935591028197655,0.0566599170054663,0
2024-08-01,2023-08-01,2024-07-31,2024-08-01,2024-09-30,Minimum CVaR,SPY,0.243340082994534,252,252,0.00935591028197655,0.0566599170054663,0
2024-08-01,2023-08-01,2024-07-31,2024-08-01,2024-09-30,Minimum CVaR,TLT,0,252,252,0.00935591028197655,0.0566599170054663,0
2024-08-01,2023-08-01,2024-07-31,2024-08-01,2024-09-30,Minimum CVaR,LQD,0.3,252,252,0.00935591028197655,0.0566599170054663,0
2024-08-01,2023-08-01,2024-07-31,2024-08-01,2024-09-30,Minimum CVaR,QQQ,0,252,252,0.00935591028197655,0.0566599170054663,0
2024-08-01,2023-08-01,2024-07-31,2024-08-01,2024-09-30,Minimum CVaR,IEF,0.3,252,252,0.00935591028197655,0.0566599170054663,0
2024-10-01,2023-09-29,2024-09-30,2024-10-01,2024-10-31,Minimum CVaR,GLD,0.156659917005466,252,252,0.00928586630857,4.9960036108132e-16,0
2024-10-01,2023-09-29,2024-09-30,2024-10-01,2024-10-31,Minimum CVaR,EFA,0,252,252,0.00928586630857,4.9960036108132e-16,0
2024-10-01,2023-09-29,2024-09-30,2024-10-01,2024-10-31,Minimum CVaR,IWM,0,252,252,0.00928586630857,4.9960036108132e-16,0
2024-10-01,2023-09-29,2024-09-30,2024-10-01,2024-10-31,Minimum CVaR,VNQ,0,252,252,0.00928586630857,4.9960036108132e-16,0
2024-10-01,2023-09-29,2024-09-30,2024-10-01,2024-10-31,Minimum CVaR,EEM,0,252,252,0.00928586630857,4.9960036108132e-16,0
2024-10-01,2023-09-29,2024-09-30,2024-10-01,2024-10-31,Minimum CVaR,SPY,0.243340082994534,252,252,0.00928586630857,4.9960036108132e-16,0
2024-10-01,2023-09-29,2024-09-30,2024-10-01,2024-10-31,Minimum CVaR,TLT,0,252,252,0.00928586630857,4.9960036108132e-16,0
2024-10-01,2023-09-29,2024-09-30,2024-10-01,2024-10-31,Minimum CVaR,LQD,0.3,252,252,0.00928586630857,4.9960036108132e-16,0
2024-10-01,2023-09-29,2024-09-30,2024-10-01,2024-10-31,Minimum CVaR,QQQ,0,252,252,0.00928586630857,4.9960036108132e-16,0
2024-10-01,2023-09-29,2024-09-30,2024-10-01,2024-10-31,Minimum CVaR,IEF,0.3,252,252,0.00928586630857,4.9960036108132e-16,0
2024-11-01,2023-11-01,2024-10-31,2024-11-01,2025-03-31,Minimum CVaR,GLD,0.100368460306087,252,252,0.00884203249003969,0.061536189034244,0
2024-11-01,2023-11-01,2024-10-31,2024-11-01,2025-03-31,Minimum CVaR,EFA,0.061536189034244,252,252,0.00884203249003969,0.061536189034244,0
2024-11-01,2023-11-01,2024-10-31,2024-11-01,2025-03-31,Minimum CVaR,IWM,0,252,252,0.00884203249003969,0.061536189034244,0
2024-11-01,2023-11-01,2024-10-31,2024-11-01,2025-03-31,Minimum CVaR,VNQ,0,252,252,0.00884203249003969,0.061536189034244,0
2024-11-01,2023-11-01,2024-10-31,2024-11-01,2025-03-31,Minimum CVaR,EEM,0,252,252,0.00884203249003969,0.061536189034244,0
2024-11-01,2023-11-01,2024-10-31,2024-11-01,2025-03-31,Minimum CVaR,SPY,0.238095350659669,252,252,0.00884203249003969,0.061536189034244,0
2024-11-01,2023-11-01,2024-10-31,2024-11-01,2025-03-31,Minimum CVaR,TLT,0,252,252,0.00884203249003969,0.061536189034244,0
2024-11-01,2023-11-01,2024-10-31,2024-11-01,2025-03-31,Minimum CVaR,LQD,0.3,252,252,0.00884203249003969,0.061536189034244,0
2024-11-01,2023-11-01,2024-10-31,2024-11-01,2025-03-31,Minimum CVaR,QQQ,0,252,252,0.00884203249003969,0.061536189034244,0
2024-11-01,2023-11-01,2024-10-31,2024-11-01,2025-03-31,Minimum CVaR,IEF,0.3,252,252,0.00884203249003969,0.061536189034244,0
2025-04-01,2024-03-28,2025-03-31,2025-04-01,2025-04-30,Minimum CVaR,GLD,0.114178884123636,252,252,0.00882495583790897,0.0894212591440774,0
2025-04-01,2024-03-28,2025-03-31,2025-04-01,2025-04-30,Minimum CVaR,EFA,0,252,252,0.00882495583790897,0.0894212591440774,0
2025-04-01,2024-03-28,2025-03-31,2025-04-01,2025-04-30,Minimum CVaR,IWM,0,252,252,0.00882495583790897,0.0894212591440774,0
2025-04-01,2024-03-28,2025-03-31,2025-04-01,2025-04-30,Minimum CVaR,VNQ,0,252,252,0.00882495583790897,0.0894212591440774,0
2025-04-01,2024-03-28,2025-03-31,2025-04-01,2025-04-30,Minimum CVaR,EEM,0,252,252,0.00882495583790897,0.0894212591440774,0
2025-04-01,2024-03-28,2025-03-31,2025-04-01,2025-04-30,Minimum CVaR,SPY,0.210210280549835,252,252,0.00882495583790897,0.0894212591440774,0
2025-04-01,2024-03-28,2025-03-31,2025-04-01,2025-04-30,Minimum CVaR,TLT,0.0756108353265287,252,252,0.00882495583790897,0.0894212591440774,0
2025-04-01,2024-03-28,2025-03-31,2025-04-01,2025-04-30,Minimum CVaR,LQD,0.3,252,252,0.00882495583790897,0.0894212591440774,0
2025-04-01,2024-03-28,2025-03-31,2025-04-01,2025-04-30,Minimum CVaR,QQQ,0,252,252,0.00882495583790897,0.0894212591440774,0
2025-04-01,2024-03-28,2025-03-31,2025-04-01,2025-04-30,Minimum CVaR,IEF,0.3,252,252,0.00882495583790897,0.0894212591440774,0
2025-05-01,2024-04-29,2025-04-30,2025-05-01,2025-06-30,Minimum CVaR,GLD,0.198520156831136,252,252,0.0101810918174091,0.0843412727075008,0
2025-05-01,2024-04-29,2025-04-30,2025-05-01,2025-06-30,Minimum CVaR,EFA,0,252,252,0.0101810918174091,0.0843412727075008,0
2025-05-01,2024-04-29,2025-04-30,2025-05-01,2025-06-30,Minimum CVaR,IWM,0,252,252,0.0101810918174091,0.0843412727075008,0
2025-05-01,2024-04-29,2025-04-30,2025-05-01,2025-06-30,Minimum CVaR,VNQ,0,252,252,0.0101810918174091,0.0843412727075008,0
2025-05-01,2024-04-29,2025-04-30,2025-05-01,2025-06-30,Minimum CVaR,EEM,0,252,252,0.0101810918174091,0.0843412727075008,0
2025-05-01,2024-04-29,2025-04-30,2025-05-01,2025-06-30,Minimum CVaR,SPY,0.128795476021514,252,252,0.0101810918174091,0.0843412727075008,0
2025-05-01,2024-04-29,2025-04-30,2025-05-01,2025-06-30,Minimum CVaR,TLT,0.0726843671473488,252,252,0.0101810918174091,0.0843412727075008,0
2025-05-01,2024-04-29,2025-04-30,2025-05-01,2025-06-30,Minimum CVaR,LQD,0.3,252,252,0.0101810918174091,0.0843412727075008,0
2025-05-01,2024-04-29,2025-04-30,2025-05-01,2025-06-30,Minimum CVaR,QQQ,0,252,252,0.0101810918174091,0.0843412727075008,0
2025-05-01,2024-04-29,2025-04-30,2025-05-01,2025-06-30,Minimum CVaR,IEF,0.3,252,252,0.0101810918174091,0.0843412727075008,0
2025-07-01,2024-06-27,2025-06-30,2025-07-01,2025-07-31,Minimum CVaR,GLD,0.211048165477122,252,252,0.00936316733405101,0.0268795839104232,0
2025-07-01,2024-06-27,2025-06-30,2025-07-01,2025-07-31,Minimum CVaR,EFA,0,252,252,0.00936316733405101,0.0268795839104232,0
2025-07-01,2024-06-27,2025-06-30,2025-07-01,2025-07-31,Minimum CVaR,IWM,0,252,252,0.00936316733405101,0.0268795839104232,0
2025-07-01,2024-06-27,2025-06-30,2025-07-01,2025-07-31,Minimum CVaR,VNQ,0,252,252,0.00936316733405101,0.0268795839104232,0
2025-07-01,2024-06-27,2025-06-30,2025-07-01,2025-07-31,Minimum CVaR,EEM,0,252,252,0.00936316733405101,0.0268795839104232,0
2025-07-01,2024-06-27,2025-06-30,2025-07-01,2025-07-31,Minimum CVaR,SPY,0.14314705128595,252,252,0.00936316733405101,0.0268795839104232,0
2025-07-01,2024-06-27,2025-06-30,2025-07-01,2025-07-31,Minimum CVaR,TLT,0.0458047832369241,252,252,0.00936316733405101,0.0268795839104232,0
2025-07-01,2024-06-27,2025-06-30,2025-07-01,2025-07-31,Minimum CVaR,LQD,0.3,252,252,0.00936316733405101,0.0268795839104232,0
2025-07-01,2024-06-27,2025-06-30,2025-07-01,2025-07-31,Minimum CVaR,QQQ,0,252,252,0.00936316733405101,0.0268795839104232,0
2025-07-01,2024-06-27,2025-06-30,2025-07-01,2025-07-31,Minimum CVaR,IEF,0.3,252,252,0.00936316733405101,0.0268795839104232,0
2025-08-01,2024-07-30,2025-07-31,2025-08-01,2025-09-30,Minimum CVaR,GLD,0.224341999201806,252,252,0.00933323669725051,0.0151071666107351,0
2025-08-01,2024-07-30,2025-07-31,2025-08-01,2025-09-30,Minimum CVaR,EFA,0,252,252,0.00933323669725051,0.0151071666107351,0
2025-08-01,2024-07-30,2025-07-31,2025-08-01,2025-09-30,Minimum CVaR,IWM,0,252,252,0.00933323669725051,0.0151071666107351,0
2025-08-01,2024-07-30,2025-07-31,2025-08-01,2025-09-30,Minimum CVaR,VNQ,0,252,252,0.00933323669725051,0.0151071666107351,0
2025-08-01,2024-07-30,2025-07-31,2025-08-01,2025-09-30,Minimum CVaR,EEM,0,252,252,0.00933323669725051,0.0151071666107351,0
2025-08-01,2024-07-30,2025-07-31,2025-08-01,2025-09-30,Minimum CVaR,SPY,0.128039884675217,252,252,0.00933323669725051,0.0151071666107351,0
2025-08-01,2024-07-30,2025-07-31,2025-08-01,2025-09-30,Minimum CVaR,TLT,0.0476181161229774,252,252,0.00933323669725051,0.0151071666107351,0
2025-08-01,2024-07-30,2025-07-31,2025-08-01,2025-09-30,Minimum CVaR,LQD,0.3,252,252,0.00933323669725051,0.0151071666107351,0
2025-08-01,2024-07-30,2025-07-31,2025-08-01,2025-09-30,Minimum CVaR,QQQ,0,252,252,0.00933323669725051,0.0151071666107351,0
2025-08-01,2024-07-30,2025-07-31,2025-08-01,2025-09-30,Minimum CVaR,IEF,0.3,252,252,0.00933323669725051,0.0151071666107351,0
2025-10-01,2024-09-27,2025-09-30,2025-10-01,2025-11-30,Minimum CVaR,GLD,0.236521787607582,252,252,0.00932337944246396,0.0356438927391594,0
2025-10-01,2024-09-27,2025-09-30,2025-10-01,2025-11-30,Minimum CVaR,EFA,0,252,252,0.00932337944246396,0.0356438927391594,0
2025-10-01,2024-09-27,2025-09-30,2025-10-01,2025-11-30,Minimum CVaR,IWM,0.0234641043333828,252,252,0.00932337944246396,0.0356438927391594,0
2025-10-01,2024-09-27,2025-09-30,2025-10-01,2025-11-30,Minimum CVaR,VNQ,0,252,252,0.00932337944246396,0.0356438927391594,0
2025-10-01,2024-09-27,2025-09-30,2025-10-01,2025-11-30,Minimum CVaR,EEM,0,252,252,0.00932337944246396,0.0356438927391594,0
2025-10-01,2024-09-27,2025-09-30,2025-10-01,2025-11-30,Minimum CVaR,SPY,0.0994997034833961,252,252,0.00932337944246396,0.0356438927391594,0
2025-10-01,2024-09-27,2025-09-30,2025-10-01,2025-11-30,Minimum CVaR,TLT,0.0405144045756386,252,252,0.00932337944246396,0.0356438927391594,0
2025-10-01,2024-09-27,2025-09-30,2025-10-01,2025-11-30,Minimum CVaR,LQD,0.3,252,252,0.00932337944246396,0.0356438927391594,0
2025-10-01,2024-09-27,2025-09-30,2025-10-01,2025-11-30,Minimum CVaR,QQQ,0,252,252,0.00932337944246396,0.0356438927391594,0
2025-10-01,2024-09-27,2025-09-30,2025-10-01,2025-11-30,Minimum CVaR,IEF,0.3,252,252,0.00932337944246396,0.0356438927391594,0
2025-12-01,2024-11-26,2025-11-28,2025-12-01,2026-03-31,Minimum CVaR,GLD,0.112556939185565,252,252,0.00907736637383181,0.198725858389838,0
2025-12-01,2024-11-26,2025-11-28,2025-12-01,2026-03-31,Minimum CVaR,EFA,0.0317517323442039,252,252,0.00907736637383181,0.198725858389838,0
2025-12-01,2024-11-26,2025-11-28,2025-12-01,2026-03-31,Minimum CVaR,IWM,0,252,252,0.00907736637383181,0.198725858389838,0
2025-12-01,2024-11-26,2025-11-28,2025-12-01,2026-03-31,Minimum CVaR,VNQ,0,252,252,0.00907736637383181,0.198725858389838,0
2025-12-01,2024-11-26,2025-11-28,2025-12-01,2026-03-31,Minimum CVaR,EEM,0.0210057386395772,252,252,0.00907736637383181,0.198725858389838,0
2025-12-01,2024-11-26,2025-11-28,2025-12-01,2026-03-31,Minimum CVaR,SPY,0.0482027978489582,252,252,0.00907736637383181,0.198725858389838,0
2025-12-01,2024-11-26,2025-11-28,2025-12-01,2026-03-31,Minimum CVaR,TLT,0.186482791981696,252,252,0.00907736637383181,0.198725858389838,0
2025-12-01,2024-11-26,2025-11-28,2025-12-01,2026-03-31,Minimum CVaR,LQD,0.3,252,252,0.00907736637383181,0.198725858389838,0
2025-12-01,2024-11-26,2025-11-28,2025-12-01,2026-03-31,Minimum CVaR,QQQ,0,252,252,0.00907736637383181,0.198725858389838,0
2025-12-01,2024-11-26,2025-11-28,2025-12-01,2026-03-31,Minimum CVaR,IEF,0.3,252,252,0.00907736637383181,0.198725858389838,0
2026-04-01,2025-03-31,2026-03-31,2026-04-01,2026-04-30,Minimum CVaR,GLD,0.048986909077398,252,252,0.0103521890935671,0.0845757687477444,0
2026-04-01,2025-03-31,2026-03-31,2026-04-01,2026-04-30,Minimum CVaR,EFA,0.0430224829853575,252,252,0.0103521890935671,0.0845757687477444,0
2026-04-01,2025-03-31,2026-03-31,2026-04-01,2026-04-30,Minimum CVaR,IWM,0,252,252,0.0103521890935671,0.0845757687477444,0
2026-04-01,2025-03-31,2026-03-31,2026-04-01,2026-04-30,Minimum CVaR,VNQ,0,252,252,0.0103521890935671,0.0845757687477444,0
2026-04-01,2025-03-31,2026-03-31,2026-04-01,2026-04-30,Minimum CVaR,EEM,0,252,252,0.0103521890935671,0.0845757687477444,0
2026-04-01,2025-03-31,2026-03-31,2026-04-01,2026-04-30,Minimum CVaR,SPY,0.0919789603304814,252,252,0.0103521890935671,0.0845757687477444,0
2026-04-01,2025-03-31,2026-03-31,2026-04-01,2026-04-30,Minimum CVaR,TLT,0.216011647606763,252,252,0.0103521890935671,0.0845757687477444,0
2026-04-01,2025-03-31,2026-03-31,2026-04-01,2026-04-30,Minimum CVaR,LQD,0.3,252,252,0.0103521890935671,0.0845757687477444,0
2026-04-01,2025-03-31,2026-03-31,2026-04-01,2026-04-30,Minimum CVaR,QQQ,0,252,252,0.0103521890935671,0.0845757687477444,0
2026-04-01,2025-03-31,2026-03-31,2026-04-01,2026-04-30,Minimum CVaR,IEF,0.3,252,252,0.0103521890935671,0.0845757687477444,0
2026-05-01,2025-04-30,2026-04-30,2026-05-01,2026-05-31,Minimum CVaR,GLD,0.0373812970667032,252,252,0.00783825891428289,0.0546280949960523,0
2026-05-01,2025-04-30,2026-04-30,2026-05-01,2026-05-31,Minimum CVaR,EFA,0,252,252,0.00783825891428289,0.0546280949960523,0
2026-05-01,2025-04-30,2026-04-30,2026-05-01,2026-05-31,Minimum CVaR,IWM,0,252,252,0.00783825891428289,0.0546280949960523,0
2026-05-01,2025-04-30,2026-04-30,2026-05-01,2026-05-31,Minimum CVaR,VNQ,0,252,252,0.00783825891428289,0.0546280949960523,0
2026-05-01,2025-04-30,2026-04-30,2026-05-01,2026-05-31,Minimum CVaR,EEM,0,252,252,0.00783825891428289,0.0546280949960523,0
2026-05-01,2025-04-30,2026-04-30,2026-05-01,2026-05-31,Minimum CVaR,SPY,0.146549757556279,252,252,0.00783825891428289,0.0546280949960523,0
2026-05-01,2025-04-30,2026-04-30,2026-05-01,2026-05-31,Minimum CVaR,TLT,0.216068945377018,252,252,0.00783825891428289,0.0546280949960523,0
2026-05-01,2025-04-30,2026-04-30,2026-05-01,2026-05-31,Minimum CVaR,LQD,0.3,252,252,0.00783825891428289,0.0546280949960523,0
2026-05-01,2025-04-30,2026-04-30,2026-05-01,2026-05-31,Minimum CVaR,QQQ,0,252,252,0.00783825891428289,0.0546280949960523,0
2026-05-01,2025-04-30,2026-04-30,2026-05-01,2026-05-31,Minimum CVaR,IEF,0.3,252,252,0.00783825891428289,0.0546280949960523,0
2026-06-01,2025-05-29,2026-05-29,2026-06-01,2026-06-30,Minimum CVaR,GLD,0.0372973780582339,252,252,0.00774286718745045,0.00241396191596795,0
2026-06-01,2025-05-29,2026-05-29,2026-06-01,2026-06-30,Minimum CVaR,EFA,0,252,252,0.00774286718745045,0.00241396191596795,0
2026-06-01,2025-05-29,2026-05-29,2026-06-01,2026-06-30,Minimum CVaR,IWM,0,252,252,0.00774286718745045,0.00241396191596795,0
2026-06-01,2025-05-29,2026-05-29,2026-06-01,2026-06-30,Minimum CVaR,VNQ,0.00241396191596806,252,252,0.00774286718745045,0.00241396191596795,0
2026-06-01,2025-05-29,2026-05-29,2026-06-01,2026-06-30,Minimum CVaR,EEM,0,252,252,0.00774286718745045,0.00241396191596795,0
2026-06-01,2025-05-29,2026-05-29,2026-06-01,2026-06-30,Minimum CVaR,SPY,0.144370513279771,252,252,0.00774286718745045,0.00241396191596795,0
2026-06-01,2025-05-29,2026-05-29,2026-06-01,2026-06-30,Minimum CVaR,TLT,0.215918146746027,252,252,0.00774286718745045,0.00241396191596795,0
2026-06-01,2025-05-29,2026-05-29,2026-06-01,2026-06-30,Minimum CVaR,LQD,0.3,252,252,0.00774286718745045,0.00241396191596795,0
2026-06-01,2025-05-29,2026-05-29,2026-06-01,2026-06-30,Minimum CVaR,QQQ,0,252,252,0.00774286718745045,0.00241396191596795,0
2026-06-01,2025-05-29,2026-05-29,2026-06-01,2026-06-30,Minimum CVaR,IEF,0.3,252,252,0.00774286718745045,0.00241396191596795,0
2026-07-01,2025-06-30,2026-06-30,2026-07-01,2026-08-31,Minimum CVaR,GLD,0.0360494090939385,252,252,0.00798834929162569,0.0683741735270672,0
2026-07-01,2025-06-30,2026-06-30,2026-07-01,2026-08-31,Minimum CVaR,EFA,0,252,252,0.00798834929162569,0.0683741735270672,0
2026-07-01,2025-06-30,2026-06-30,2026-07-01,2026-08-31,Minimum CVaR,IWM,0,252,252,0.00798834929162569,0.0683741735270672,0
2026-07-01,2025-06-30,2026-06-30,2026-07-01,2026-08-31,Minimum CVaR,VNQ,0,252,252,0.00798834929162569,0.0683741735270672,0
2026-07-01,2025-06-30,2026-06-30,2026-07-01,2026-08-31,Minimum CVaR,EEM,0,252,252,0.00798834929162569,0.0683741735270672,0
2026-07-01,2025-06-30,2026-06-30,2026-07-01,2026-08-31,Minimum CVaR,SPY,0.0796582706329675,252,252,0.00798834929162569,0.0683741735270672,0
2026-07-01,2025-06-30,2026-06-30,2026-07-01,2026-08-31,Minimum CVaR,TLT,0.284292320273094,252,252,0.00798834929162569,0.0683741735270672,0
2026-07-01,2025-06-30,2026-06-30,2026-07-01,2026-08-31,Minimum CVaR,LQD,0.3,252,252,0.00798834929162569,0.0683741735270672,0
2026-07-01,2025-06-30,2026-06-30,2026-07-01,2026-08-31,Minimum CVaR,QQQ,0,252,252,0.00798834929162569,0.0683741735270672,0
2026-07-01,2025-06-30,2026-06-30,2026-07-01,2026-08-31,Minimum CVaR,IEF,0.3,252,252,0.00798834929162569,0.0683741735270672,0
2026-09-01,2025-08-29,2026-08-31,2026-09-01,,Minimum CVaR,GLD,0.0142345087849785,252,252,0.00819318129937953,0.100339981286164,0
2026-09-01,2025-08-29,2026-08-31,2026-09-01,,Minimum CVaR,EFA,0,252,252,0.00819318129937953,0.100339981286164,0
2026-09-01,2025-08-29,2026-08-31,2026-09-01,,Minimum CVaR,IWM,0,252,252,0.00819318129937953,0.100339981286164,0
2026-09-01,2025-08-29,2026-08-31,2026-09-01,,Minimum CVaR,VNQ,0.0620674619317245,252,252,0.00819318129937953,0.100339981286164,0
2026-09-01,2025-08-29,2026-08-31,2026-09-01,,Minimum CVaR,EEM,0,252,252,0.00819318129937953,0.100339981286164,0
2026-09-01,2025-08-29,2026-08-31,2026-09-01,,Minimum CVaR,SPY,0.117930789987407,252,252,0.00819318129937953,0.100339981286164,0
2026-09-01,2025-08-29,2026-08-31,2026-09-01,,Minimum CVaR,TLT,0.20576723929589,252,252,0.00819318129937953,0.100339981286164,0
2026-09-01,2025-08-29,2026-08-31,2026-09-01,,Minimum CVaR,LQD,0.3,252,252,0.00819318129937953,0.100339981286164,0
2026-09-01,2025-08-29,2026-08-31,2026-09-01,,Minimum CVaR,QQQ,0,252,252,0.00819318129937953,0.100339981286164,0
2026-09-01,2025-08-29,2026-08-31,2026-09-01,,Minimum CVaR,IEF,0.3,252,252,0.00819318129937953,0.100339981286164,0
