strategy,stress_period,rolling_window,total_strategy_return,rf_component,actual_excess_return,alpha_component,MKT_RF_component,SMB_component,HML_component,RMW_component,CMA_component,MOM_component,predicted_excess_return,residual_component,factor_explained_fraction_of_excess
Combined Robust Max Sharpe λ=0.50 γ=0.10,2022_RATE_HIKE,252,-0.20993933754752803,0.0065000000000000014,-0.216439337547528,-0.0031638147123339193,-0.036769746838051995,0.00011682975256842483,-0.06424768586968846,0.00046203183771265067,0.01818209115562557,0.011146305113260183,-0.07427398956090754,-0.14216534798662048,0.34316307932978074
Combined Robust Max Sharpe λ=0.50 γ=0.10,2022_RATE_HIKE,504,-0.20993933754752803,0.0065000000000000014,-0.216439337547528,-0.0027870893379686418,-0.050500059937838376,-0.00013744790764864858,-0.03233911977787395,0.00033251646831432237,-0.005642969550569034,0.010734958963030044,-0.08033921108055427,-0.13610012646697375,0.3711858111879156
Combined Robust Max Sharpe λ=0.50 γ=0.10,COVID,252,-0.0010587653412700883,0.0029000000000000002,-0.003958765341270064,0.012193137134181565,-0.023146895440968873,-0.0007437332618659033,0.02738633556077798,0.0006324070090419921,4.747058712221296e-05,-0.0014574948058583902,0.014911226782430585,-0.018869992123700684,-3.7666356798119076
Combined Robust Max Sharpe λ=0.50 γ=0.10,COVID,504,-0.0010587653412700883,0.0029000000000000002,-0.003958765341270064,0.0031845391526525452,-0.029296106159767635,0.00258835141666172,0.02775587392422957,0.0005339675457397071,2.8866033411049722e-05,-0.0007496544037438242,0.004045837509183154,-0.008004602850453247,-1.0219947787774548
Equal Risk Contribution,2022_RATE_HIKE,252,-0.23535200107075943,0.0065000000000000014,-0.2418520010707594,-0.005526631175940461,-0.04341788426753014,0.001235028681256045,-0.045208777005958524,0.0003008417106309786,0.01281243511486621,0.0036318134556838667,-0.07617317348699199,-0.16567882758376742,0.31495779712281874
Equal Risk Contribution,2022_RATE_HIKE,504,-0.23535200107075943,0.0065000000000000014,-0.2418520010707594,-0.0014020841500389986,-0.05495118750065291,0.001604489512275824,-0.015092275735864568,0.00019612598436843421,-0.013991115491260999,0.0037299987305442926,-0.07990604865062896,-0.1619459524201305,0.3303923403439221
Equal Risk Contribution,COVID,252,-0.013852930276650457,0.0029000000000000002,-0.01675293027665048,0.014518299569051646,-0.019661424125987474,-0.0037689018128573043,0.03537695634066154,0.0006452512034904147,9.071746996567795e-05,-0.0015775761143828108,0.025623322529941688,-0.04237625280659216,-1.5294830281514622
Equal Risk Contribution,COVID,504,-0.013852930276650457,0.0029000000000000002,-0.01675293027665048,0.004393330597534256,-0.023589369352955383,-0.00030482892081964096,0.03524163399172444,0.00033342174433065666,8.747971229884364e-05,-0.00015693300605023632,0.016004734766062914,-0.03275766504271338,-0.9553394243137053
Equal Weight,2022_RATE_HIKE,252,-0.24142729886058154,0.0065000000000000014,-0.2479272988605815,-0.005302083618836153,-0.0989866775119048,0.0016819998426104896,-0.030570553761357994,0.00011961102795295076,0.01342137682861532,0.0018519433876461784,-0.11778438380527406,-0.13014291505530745,0.47507629997416495
Equal Weight,2022_RATE_HIKE,504,-0.24142729886058154,0.0065000000000000014,-0.2479272988605815,-0.0023683341904234367,-0.10457424234064186,0.002525078074320547,-0.011191114669582145,0.0001225164499304755,-0.009889501849124679,0.00042250553082990417,-0.12495309299469118,-0.12297420586589032,0.5039908617120732
Equal Weight,COVID,252,-0.05355742241286352,0.0029000000000000002,-0.05645742241286352,0.008394870108296735,-0.04731324320899458,-0.004199273914000302,0.030624733446537614,4.858545211738343e-05,7.314449808284692e-05,-0.0009958604534736446,-0.013367044071433937,-0.04309037834142958,0.23676327221747778
Equal Weight,COVID,504,-0.05355742241286352,0.0029000000000000002,-0.05645742241286352,0.0011843592031287008,-0.04925803396559812,-0.0018694454529997078,0.02985067709446248,-0.0001080512283267759,6.721626767148849e-05,0.00018086508130078766,-0.019952413000361144,-0.0365050094125024,0.3534063750635398
Inverse Volatility,2022_RATE_HIKE,252,-0.2297583293678839,0.0065000000000000014,-0.2362583293678839,-0.008258133908352325,-0.06011133263622676,0.0012064861746993072,-0.037401210566800465,0.0002181143407323572,0.013064592705603922,0.0026872385156401103,-0.08859424537470381,-0.14766408399318004,0.3749888759974741
Inverse Volatility,2022_RATE_HIKE,504,-0.2297583293678839,0.0065000000000000014,-0.2362583293678839,-0.0001093474724908931,-0.06838956624015945,0.0018629758164998437,-0.012404982039565977,0.0001863608625010376,-0.013055089389219447,0.0023736000764904637,-0.08953604838594444,-0.14672228098193946,0.3789752032256419
Inverse Volatility,COVID,252,-0.022821236964126183,0.0029000000000000002,-0.02572123696412621,0.013105743204472485,-0.025625302575778212,-0.003427251779438698,0.033784754065935875,0.0004144675803055477,8.85292662331902e-05,-0.0014707171133101576,0.016870222648420044,-0.042591459612546234,-0.6558869105692386
Inverse Volatility,COVID,504,-0.022821236964126183,0.0029000000000000002,-0.02572123696412621,0.0037691188706849535,-0.02927818383998929,-0.00012187235579016565,0.033673141815586984,9.323764937394276e-05,8.472374400183183e-05,-0.00011063001036262579,0.00810953587350564,-0.03383077283763185,-0.3152856095068884
Maximum Sharpe,2022_RATE_HIKE,252,-0.22953417849104912,0.0065000000000000014,-0.23603417849104907,0.006756938712230893,-0.04810231524315958,-0.00016435104826117498,-0.0743072725612835,0.00047642783111959955,0.016707902163881103,0.011610521743922617,-0.08702214840155005,-0.14901203008949904,0.3686845225461707
Maximum Sharpe,2022_RATE_HIKE,504,-0.22953417849104912,0.0065000000000000014,-0.23603417849104907,-0.013019564735975311,-0.06619785399770214,-0.00045193895680794693,-0.03430217653704114,0.0003244615815473518,-0.011457404070433509,0.011111945863836828,-0.11399253085257587,-0.12204164763847325,0.4829492558294845
Maximum Sharpe,COVID,252,-0.023663942063853714,0.0029000000000000002,-0.026563942063853714,0.0037420524829591246,-0.05217345464555123,0.0014035027120102277,0.03062504320230163,-0.00025640562156025175,-0.00010902751760630294,-0.00038301998039606117,-0.017151309367842902,-0.009412632696010835,0.6456613000666479
Maximum Sharpe,COVID,504,-0.023663942063853714,0.0029000000000000002,-0.026563942063853714,-0.0027757355467035736,-0.059955953782440195,0.003644972050222153,0.03201664930153624,0.00036507478064059227,-8.65783191750938e-05,-0.00010246100718603587,-0.026894032523105897,0.00033009045925215703,1.0124262603215561
Minimum Variance,2022_RATE_HIKE,252,-0.22043845404266316,0.0065000000000000014,-0.22693845404266313,-0.011004578932932683,-0.024893089939179384,0.0004612842587438995,-0.04436496918190502,0.0003689921855244648,0.012897501219153219,0.003776305768322898,-0.06275855462227259,-0.16417989942039052,0.2765443824274679
Minimum Variance,2022_RATE_HIKE,504,-0.22043845404266316,0.0065000000000000014,-0.22693845404266313,-0.0032263716241899606,-0.038385024976949914,0.0007892549335449784,-0.014517441259294762,0.0002835637287275823,-0.014111193851442343,0.005332140736470777,-0.06383507231313365,-0.16310338172952948,0.2812880372452569
Minimum Variance,COVID,252,-0.0005448045376293086,0.0029000000000000002,-0.0034448045376292797,0.016493380994576447,-0.01134938583349887,-0.0025900065984267645,0.03215066770114913,0.0010242415872301187,9.518129232350362e-05,-0.0015011126791508362,0.034322966464202735,-0.03776777100183204,-9.963690563361792
Minimum Variance,COVID,504,-0.0005448045376293086,0.0029000000000000002,-0.0034448045376292797,0.004933813886076503,-0.01734080037429151,0.0018162186521973388,0.030631927633146074,0.0006966885417487204,8.917292034839109e-05,-0.0003009085720358437,0.020526112687189683,-0.02397091722481899,-5.958571077973494
SPY,2022_RATE_HIKE,252,-0.17057390741242093,0.0065000000000000014,-0.17707390741242088,0.0075790818708790725,-0.18666193418783633,-0.002339431044228721,0.005350169068653522,0.00027697073513602115,0.008615582233346608,-0.002853514418246465,-0.17003307574229637,-0.007040831670124511,0.960237892905781
SPY,2022_RATE_HIKE,504,-0.17057390741242093,0.0065000000000000014,-0.17707390741242088,-0.004385687024622307,-0.18208164307373018,-0.002085161792668643,0.003167115455392613,0.00025358847078185134,0.01055601884712721,-0.0028008554260882603,-0.17737662454380776,0.00030271713138687976,1.0017095524451372
SPY,COVID,252,-0.10356389156647954,0.0029000000000000002,-0.10646389156647953,-0.0009355147491177818,-0.10505418447342493,0.00638217946363547,-0.00021095850498737494,-0.0007359180931612742,4.5572268912843304e-05,-0.00022824908820846335,-0.10073707317635149,-0.005726818390128055,0.9462088196677271
SPY,COVID,504,-0.10356389156647954,0.0029000000000000002,-0.10646389156647953,-0.0009865935340673173,-0.10497088288643777,0.007356370357616021,0.000377494331577924,-0.000513067635691075,4.4062549802036925e-05,0.00011868688941676216,-0.09857392992778342,-0.007889961638696173,0.9258907266810799
