rebalance_date,strategy,delta_annual_expected_return,l1_weight_distance,one_way_reallocation,representative_date
2018-02-01,Maximum Sharpe,0.01,1.3999999999999997,0.6999999999999998,True
2018-02-01,Maximum Sharpe,-0.01,1.4000000000000008,0.7000000000000004,True
2018-02-01,Shrunk Max Sharpe λ=0.50,0.01,1.264692405272526,0.632346202636263,True
2018-02-01,Shrunk Max Sharpe λ=0.50,-0.01,1.2646924052725435,0.6323462026362717,True
2018-02-01,Turnover-Aware Max Sharpe γ=0.10,0.01,1.3315779451461955,0.6657889725730978,True
2018-02-01,Turnover-Aware Max Sharpe γ=0.10,-0.01,1.4000000000000017,0.7000000000000008,True
2018-02-01,Combined Robust Max Sharpe λ=0.50 γ=0.10,0.01,1.2584428449358334,0.6292214224679167,True
2018-02-01,Combined Robust Max Sharpe λ=0.50 γ=0.10,-0.01,1.2728326203635238,0.6364163101817619,True
2018-03-01,Maximum Sharpe,0.01,1.4237289114739442,0.7118644557369721,False
2018-03-01,Maximum Sharpe,-0.01,1.5897945463371272,0.7948972731685636,False
2018-03-01,Shrunk Max Sharpe λ=0.50,0.01,1.311944409064257,0.6559722045321285,False
2018-03-01,Shrunk Max Sharpe λ=0.50,-0.01,1.6542909028231159,0.8271454514115579,False
2018-03-01,Turnover-Aware Max Sharpe γ=0.10,0.01,1.4544264308602841,0.7272132154301421,False
2018-03-01,Turnover-Aware Max Sharpe γ=0.10,-0.01,1.4666628561792976,0.7333314280896488,False
2018-03-01,Combined Robust Max Sharpe λ=0.50 γ=0.10,0.01,1.2767330146943272,0.6383665073471636,False
2018-03-01,Combined Robust Max Sharpe λ=0.50 γ=0.10,-0.01,1.3267470330836155,0.6633735165418078,False
2018-05-01,Maximum Sharpe,0.01,1.1155815062913492,0.5577907531456746,False
2018-05-01,Maximum Sharpe,-0.01,1.6196943932575085,0.8098471966287543,False
2018-05-01,Shrunk Max Sharpe λ=0.50,0.01,1.366698159856666,0.683349079928333,False
2018-05-01,Shrunk Max Sharpe λ=0.50,-0.01,1.7705474367608,0.8852737183804,False
2018-05-01,Turnover-Aware Max Sharpe γ=0.10,0.01,1.4563309452289772,0.7281654726144886,False
2018-05-01,Turnover-Aware Max Sharpe γ=0.10,-0.01,1.6116137910047952,0.8058068955023976,False
2018-05-01,Combined Robust Max Sharpe λ=0.50 γ=0.10,0.01,1.3307537181145899,0.6653768590572949,False
2018-05-01,Combined Robust Max Sharpe λ=0.50 γ=0.10,-0.01,1.3952042336427208,0.6976021168213604,False
2018-06-01,Maximum Sharpe,0.01,1.2100903630194535,0.6050451815097267,False
2018-06-01,Maximum Sharpe,-0.01,1.558396031290973,0.7791980156454865,False
2018-06-01,Shrunk Max Sharpe λ=0.50,0.01,1.406630428874388,0.703315214437194,False
2018-06-01,Shrunk Max Sharpe λ=0.50,-0.01,1.4088977625365053,0.7044488812682527,False
2018-06-01,Turnover-Aware Max Sharpe γ=0.10,0.01,1.176017738379857,0.5880088691899285,False
2018-06-01,Turnover-Aware Max Sharpe γ=0.10,-0.01,1.2521172813928219,0.6260586406964109,False
2018-06-01,Combined Robust Max Sharpe λ=0.50 γ=0.10,0.01,1.365778127531369,0.6828890637656845,False
2018-06-01,Combined Robust Max Sharpe λ=0.50 γ=0.10,-0.01,1.4105017703737166,0.7052508851868583,False
2018-08-01,Maximum Sharpe,0.01,1.2912763689992444,0.6456381844996222,False
2018-08-01,Maximum Sharpe,-0.01,1.4239630581936256,0.7119815290968128,False
2018-08-01,Shrunk Max Sharpe λ=0.50,0.01,1.386511903586929,0.6932559517934646,False
2018-08-01,Shrunk Max Sharpe λ=0.50,-0.01,1.3850351637859764,0.6925175818929882,False
2018-08-01,Turnover-Aware Max Sharpe γ=0.10,0.01,1.2264419126207025,0.6132209563103512,False
2018-08-01,Turnover-Aware Max Sharpe γ=0.10,-0.01,1.246392276299639,0.6231961381498194,False
2018-08-01,Combined Robust Max Sharpe λ=0.50 γ=0.10,0.01,1.3975552704437202,0.6987776352218601,False
2018-08-01,Combined Robust Max Sharpe λ=0.50 γ=0.10,-0.01,1.4289507165021946,0.7144753582510973,False
2018-10-01,Maximum Sharpe,0.01,1.1953958637228213,0.5976979318614106,False
2018-10-01,Maximum Sharpe,-0.01,1.2900375710633858,0.6450187855316929,False
2018-10-01,Shrunk Max Sharpe λ=0.50,0.01,1.3052560851089607,0.6526280425544804,False
2018-10-01,Shrunk Max Sharpe λ=0.50,-0.01,1.3229631725627098,0.6614815862813549,False
2018-10-01,Turnover-Aware Max Sharpe γ=0.10,0.01,1.208177182505114,0.604088591252557,False
2018-10-01,Turnover-Aware Max Sharpe γ=0.10,-0.01,1.263929917635384,0.631964958817692,False
2018-10-01,Combined Robust Max Sharpe λ=0.50 γ=0.10,0.01,1.3466046750676197,0.6733023375338099,False
2018-10-01,Combined Robust Max Sharpe λ=0.50 γ=0.10,-0.01,1.334732820323966,0.667366410161983,False
2018-11-01,Maximum Sharpe,0.01,1.3999999999999988,0.6999999999999994,False
2018-11-01,Maximum Sharpe,-0.01,1.594355940129492,0.797177970064746,False
2018-11-01,Shrunk Max Sharpe λ=0.50,0.01,1.3244116011548654,0.6622058005774327,False
2018-11-01,Shrunk Max Sharpe λ=0.50,-0.01,1.3244116011548661,0.6622058005774331,False
2018-11-01,Turnover-Aware Max Sharpe γ=0.10,0.01,1.4099032039878456,0.7049516019939228,False
2018-11-01,Turnover-Aware Max Sharpe γ=0.10,-0.01,1.3844599109157791,0.6922299554578896,False
2018-11-01,Combined Robust Max Sharpe λ=0.50 γ=0.10,0.01,1.3413686982645583,0.6706843491322791,False
2018-11-01,Combined Robust Max Sharpe λ=0.50 γ=0.10,-0.01,1.341911973020782,0.670955986510391,False
2019-02-01,Maximum Sharpe,0.01,1.5306491869627141,0.7653245934813571,False
2019-02-01,Maximum Sharpe,-0.01,1.4786557355625152,0.7393278677812576,False
2019-02-01,Shrunk Max Sharpe λ=0.50,0.01,1.437443988912028,0.718721994456014,False
2019-02-01,Shrunk Max Sharpe λ=0.50,-0.01,1.423086782739213,0.7115433913696065,False
2019-02-01,Turnover-Aware Max Sharpe γ=0.10,0.01,1.4139527155635485,0.7069763577817743,False
2019-02-01,Turnover-Aware Max Sharpe γ=0.10,-0.01,1.4722201142771052,0.7361100571385526,False
2019-02-01,Combined Robust Max Sharpe λ=0.50 γ=0.10,0.01,1.4374435774887566,0.7187217887443783,False
2019-02-01,Combined Robust Max Sharpe λ=0.50 γ=0.10,-0.01,1.4224182518306405,0.7112091259153203,False
2019-03-01,Maximum Sharpe,0.01,1.4601731211681126,0.7300865605840563,False
2019-03-01,Maximum Sharpe,-0.01,1.5340805002015945,0.7670402501007972,False
2019-03-01,Shrunk Max Sharpe λ=0.50,0.01,1.3948758097714509,0.6974379048857254,False
2019-03-01,Shrunk Max Sharpe λ=0.50,-0.01,1.3654930575839295,0.6827465287919647,False
2019-03-01,Turnover-Aware Max Sharpe γ=0.10,0.01,1.3280927727162755,0.6640463863581377,False
2019-03-01,Turnover-Aware Max Sharpe γ=0.10,-0.01,1.2859150255532752,0.6429575127766376,False
2019-03-01,Combined Robust Max Sharpe λ=0.50 γ=0.10,0.01,1.410445985886404,0.705222992943202,False
2019-03-01,Combined Robust Max Sharpe λ=0.50 γ=0.10,-0.01,1.3760043338840706,0.6880021669420353,False
2019-04-01,Maximum Sharpe,0.01,0.906456196885978,0.453228098442989,False
2019-04-01,Maximum Sharpe,-0.01,1.2840372899504098,0.6420186449752049,False
2019-04-01,Shrunk Max Sharpe λ=0.50,0.01,1.3144776098070114,0.6572388049035057,False
2019-04-01,Shrunk Max Sharpe λ=0.50,-0.01,1.3610284957488883,0.6805142478744441,False
2019-04-01,Turnover-Aware Max Sharpe γ=0.10,0.01,1.1447013536523722,0.5723506768261861,False
2019-04-01,Turnover-Aware Max Sharpe γ=0.10,-0.01,1.2004944736220393,0.6002472368110197,False
2019-04-01,Combined Robust Max Sharpe λ=0.50 γ=0.10,0.01,1.3821008828001162,0.6910504414000581,False
2019-04-01,Combined Robust Max Sharpe λ=0.50 γ=0.10,-0.01,1.4027289544527655,0.7013644772263827,False
2019-05-01,Maximum Sharpe,0.01,0.8880427747429543,0.44402138737147717,False
2019-05-01,Maximum Sharpe,-0.01,1.2222255656839247,0.6111127828419624,False
2019-05-01,Shrunk Max Sharpe λ=0.50,0.01,1.2218768488628824,0.6109384244314412,False
2019-05-01,Shrunk Max Sharpe λ=0.50,-0.01,1.2495071595713723,0.6247535797856861,False
2019-05-01,Turnover-Aware Max Sharpe γ=0.10,0.01,1.0449706806400298,0.5224853403200149,False
2019-05-01,Turnover-Aware Max Sharpe γ=0.10,-0.01,1.2222256070096162,0.6111128035048081,False
2019-05-01,Combined Robust Max Sharpe λ=0.50 γ=0.10,0.01,1.2898657016833617,0.6449328508416808,False
2019-05-01,Combined Robust Max Sharpe λ=0.50 γ=0.10,-0.01,1.3648501182022403,0.6824250591011202,False
2019-07-01,Maximum Sharpe,0.01,1.0096666891257091,0.5048333445628546,False
2019-07-01,Maximum Sharpe,-0.01,1.4745856810087217,0.7372928405043608,False
2019-07-01,Shrunk Max Sharpe λ=0.50,0.01,1.3665723584150775,0.6832861792075388,False
2019-07-01,Shrunk Max Sharpe λ=0.50,-0.01,1.3817141353121154,0.6908570676560577,False
2019-07-01,Turnover-Aware Max Sharpe γ=0.10,0.01,0.8947660134525697,0.44738300672628484,False
2019-07-01,Turnover-Aware Max Sharpe γ=0.10,-0.01,1.2137104701901538,0.6068552350950769,False
2019-07-01,Combined Robust Max Sharpe λ=0.50 γ=0.10,0.01,1.3264873386478622,0.6632436693239311,False
2019-07-01,Combined Robust Max Sharpe λ=0.50 γ=0.10,-0.01,1.3422580558295543,0.6711290279147771,False
2019-08-01,Maximum Sharpe,0.01,0.9502191787097959,0.47510958935489794,False
2019-08-01,Maximum Sharpe,-0.01,1.3000649200907846,0.6500324600453923,False
2019-08-01,Shrunk Max Sharpe λ=0.50,0.01,1.3233827216164455,0.6616913608082228,False
2019-08-01,Shrunk Max Sharpe λ=0.50,-0.01,1.347020467410978,0.673510233705489,False
2019-08-01,Turnover-Aware Max Sharpe γ=0.10,0.01,0.9509075445487892,0.4754537722743946,False
2019-08-01,Turnover-Aware Max Sharpe γ=0.10,-0.01,1.1999999999999995,0.5999999999999998,False
2019-08-01,Combined Robust Max Sharpe λ=0.50 γ=0.10,0.01,1.3312193586332657,0.6656096793166328,False
2019-08-01,Combined Robust Max Sharpe λ=0.50 γ=0.10,-0.01,1.361155640340384,0.680577820170192,False
2019-10-01,Maximum Sharpe,0.01,0.9609980272189201,0.48049901360946007,False
2019-10-01,Maximum Sharpe,-0.01,1.1999999999999984,0.5999999999999992,False
2019-10-01,Shrunk Max Sharpe λ=0.50,0.01,1.258279156055024,0.629139578027512,False
2019-10-01,Shrunk Max Sharpe λ=0.50,-0.01,1.266819982543207,0.6334099912716035,False
2019-10-01,Turnover-Aware Max Sharpe γ=0.10,0.01,0.781162751247926,0.390581375623963,False
2019-10-01,Turnover-Aware Max Sharpe γ=0.10,-0.01,1.0994814948810572,0.5497407474405286,False
2019-10-01,Combined Robust Max Sharpe λ=0.50 γ=0.10,0.01,1.284490753979479,0.6422453769897395,False
2019-10-01,Combined Robust Max Sharpe λ=0.50 γ=0.10,-0.01,1.3259054203552947,0.6629527101776473,False
2019-11-01,Maximum Sharpe,0.01,1.0077117399315034,0.5038558699657517,False
2019-11-01,Maximum Sharpe,-0.01,1.0600230001496613,0.5300115000748307,False
2019-11-01,Shrunk Max Sharpe λ=0.50,0.01,1.3269441279475205,0.6634720639737602,False
2019-11-01,Shrunk Max Sharpe λ=0.50,-0.01,1.3408015920063594,0.6704007960031797,False
2019-11-01,Turnover-Aware Max Sharpe γ=0.10,0.01,0.8052539736910439,0.40262698684552195,False
2019-11-01,Turnover-Aware Max Sharpe γ=0.10,-0.01,0.913364817312514,0.456682408656257,False
2019-11-01,Combined Robust Max Sharpe λ=0.50 γ=0.10,0.01,1.3251158342147904,0.6625579171073952,False
2019-11-01,Combined Robust Max Sharpe λ=0.50 γ=0.10,-0.01,1.3280003478026776,0.6640001739013388,False
2020-04-01,Maximum Sharpe,0.01,1.188265581905862,0.594132790952931,False
2020-04-01,Maximum Sharpe,-0.01,1.2146332450223858,0.6073166225111929,False
2020-04-01,Shrunk Max Sharpe λ=0.50,0.01,1.1884041145983237,0.5942020572991619,False
2020-04-01,Shrunk Max Sharpe λ=0.50,-0.01,1.2159430562869702,0.6079715281434851,False
2020-04-01,Turnover-Aware Max Sharpe γ=0.10,0.01,1.188265748946111,0.5941328744730555,False
2020-04-01,Turnover-Aware Max Sharpe γ=0.10,-0.01,1.2146338642186,0.6073169321093,False
2020-04-01,Combined Robust Max Sharpe λ=0.50 γ=0.10,0.01,1.2070317143566054,0.6035158571783027,False
2020-04-01,Combined Robust Max Sharpe λ=0.50 γ=0.10,-0.01,1.2159433075481616,0.6079716537740808,False
2020-05-01,Maximum Sharpe,0.01,1.1875972724192745,0.5937986362096372,False
2020-05-01,Maximum Sharpe,-0.01,1.2151381036166027,0.6075690518083013,False
2020-05-01,Shrunk Max Sharpe λ=0.50,0.01,1.1901288017395906,0.5950644008697953,False
2020-05-01,Shrunk Max Sharpe λ=0.50,-0.01,1.212739810028367,0.6063699050141835,False
2020-05-01,Turnover-Aware Max Sharpe γ=0.10,0.01,1.199999999999388,0.599999999999694,False
2020-05-01,Turnover-Aware Max Sharpe γ=0.10,-0.01,1.2075064763963528,0.6037532381981764,False
2020-05-01,Combined Robust Max Sharpe λ=0.50 γ=0.10,0.01,1.1906941686626473,0.5953470843313237,False
2020-05-01,Combined Robust Max Sharpe λ=0.50 γ=0.10,-0.01,1.199999999999974,0.599999999999987,False
2020-06-01,Maximum Sharpe,0.01,1.1873343678597628,0.5936671839298814,False
2020-06-01,Maximum Sharpe,-0.01,1.2154640316092788,0.6077320158046394,False
2020-06-01,Shrunk Max Sharpe λ=0.50,0.01,1.1569557275655815,0.5784778637827908,False
2020-06-01,Shrunk Max Sharpe λ=0.50,-0.01,1.1932347906420846,0.5966173953210423,False
2020-06-01,Turnover-Aware Max Sharpe γ=0.10,0.01,1.1999999999998376,0.5999999999999188,False
2020-06-01,Turnover-Aware Max Sharpe γ=0.10,-0.01,1.2101350679785365,0.6050675339892683,False
2020-06-01,Combined Robust Max Sharpe λ=0.50 γ=0.10,0.01,1.189141479211985,0.5945707396059925,False
2020-06-01,Combined Robust Max Sharpe λ=0.50 γ=0.10,-0.01,1.2000715024836264,0.6000357512418132,False
2020-07-01,Maximum Sharpe,0.01,1.1350070747934509,0.5675035373967254,False
2020-07-01,Maximum Sharpe,-0.01,1.167548903318281,0.5837744516591405,False
2020-07-01,Shrunk Max Sharpe λ=0.50,0.01,1.1321133737514206,0.5660566868757103,False
2020-07-01,Shrunk Max Sharpe λ=0.50,-0.01,1.1495517838783875,0.5747758919391938,False
2020-07-01,Turnover-Aware Max Sharpe γ=0.10,0.01,1.1614534229531082,0.5807267114765541,False
2020-07-01,Turnover-Aware Max Sharpe γ=0.10,-0.01,1.188761792679713,0.5943808963398565,False
2020-07-01,Combined Robust Max Sharpe λ=0.50 γ=0.10,0.01,1.1563864824383334,0.5781932412191667,False
2020-07-01,Combined Robust Max Sharpe λ=0.50 γ=0.10,-0.01,1.1766938034111571,0.5883469017055786,False
2020-09-01,Maximum Sharpe,0.01,1.0995564321837579,0.5497782160918789,False
2020-09-01,Maximum Sharpe,-0.01,1.1194873364893911,0.5597436682446956,False
2020-09-01,Shrunk Max Sharpe λ=0.50,0.01,1.1338421634712128,0.5669210817356064,False
2020-09-01,Shrunk Max Sharpe λ=0.50,-0.01,1.133849584407855,0.5669247922039276,False
2020-09-01,Turnover-Aware Max Sharpe γ=0.10,0.01,1.123725534839873,0.5618627674199365,False
2020-09-01,Turnover-Aware Max Sharpe γ=0.10,-0.01,1.14550933581585,0.572754667907925,False
2020-09-01,Combined Robust Max Sharpe λ=0.50 γ=0.10,0.01,1.1556902257823574,0.5778451128911787,False
2020-09-01,Combined Robust Max Sharpe λ=0.50 γ=0.10,-0.01,1.16591128861886,0.58295564430943,False
2020-10-01,Maximum Sharpe,0.01,1.1428290577925027,0.5714145288962513,False
2020-10-01,Maximum Sharpe,-0.01,1.1673638819766552,0.5836819409883276,False
2020-10-01,Shrunk Max Sharpe λ=0.50,0.01,1.1625399325457169,0.5812699662728584,False
2020-10-01,Shrunk Max Sharpe λ=0.50,-0.01,1.1684984084656542,0.5842492042328271,False
2020-10-01,Turnover-Aware Max Sharpe γ=0.10,0.01,1.1432048270850053,0.5716024135425026,False
2020-10-01,Turnover-Aware Max Sharpe γ=0.10,-0.01,1.1618895003951606,0.5809447501975803,False
2020-10-01,Combined Robust Max Sharpe λ=0.50 γ=0.10,0.01,1.1606802712426267,0.5803401356213134,False
2020-10-01,Combined Robust Max Sharpe λ=0.50 γ=0.10,-0.01,1.1727624297477397,0.5863812148738698,False
2020-12-01,Maximum Sharpe,0.01,1.1798080181820045,0.5899040090910023,False
2020-12-01,Maximum Sharpe,-0.01,1.2203009034660894,0.6101504517330447,False
2020-12-01,Shrunk Max Sharpe λ=0.50,0.01,1.0868726481485564,0.5434363240742782,False
2020-12-01,Shrunk Max Sharpe λ=0.50,-0.01,1.0906799750827645,0.5453399875413822,False
2020-12-01,Turnover-Aware Max Sharpe γ=0.10,0.01,1.1550757648812813,0.5775378824406406,False
2020-12-01,Turnover-Aware Max Sharpe γ=0.10,-0.01,1.1849472831934298,0.5924736415967149,False
2020-12-01,Combined Robust Max Sharpe λ=0.50 γ=0.10,0.01,1.1558403898232124,0.5779201949116062,False
2020-12-01,Combined Robust Max Sharpe λ=0.50 γ=0.10,-0.01,1.1421064794191986,0.5710532397095993,False
2021-02-01,Maximum Sharpe,0.01,1.1669404287287528,0.5834702143643764,False
2021-02-01,Maximum Sharpe,-0.01,1.202873349479512,0.601436674739756,False
2021-02-01,Shrunk Max Sharpe λ=0.50,0.01,1.0644300254282844,0.5322150127141422,False
2021-02-01,Shrunk Max Sharpe λ=0.50,-0.01,1.0895430278312843,0.5447715139156422,False
2021-02-01,Turnover-Aware Max Sharpe γ=0.10,0.01,1.1658300367601175,0.5829150183800588,False
2021-02-01,Turnover-Aware Max Sharpe γ=0.10,-0.01,1.1874206051684049,0.5937103025842024,False
2021-02-01,Combined Robust Max Sharpe λ=0.50 γ=0.10,0.01,1.1280349905072256,0.5640174952536128,False
2021-02-01,Combined Robust Max Sharpe λ=0.50 γ=0.10,-0.01,1.144093835327,0.5720469176635,False
2021-03-01,Maximum Sharpe,0.01,1.1801676152676288,0.5900838076338144,False
2021-03-01,Maximum Sharpe,-0.01,1.1925545146675827,0.5962772573337913,False
2021-03-01,Shrunk Max Sharpe λ=0.50,0.01,1.068032362156089,0.5340161810780445,False
2021-03-01,Shrunk Max Sharpe λ=0.50,-0.01,1.079731689915601,0.5398658449578005,False
2021-03-01,Turnover-Aware Max Sharpe γ=0.10,0.01,1.1449907880704508,0.5724953940352254,False
2021-03-01,Turnover-Aware Max Sharpe γ=0.10,-0.01,1.1675023980699977,0.5837511990349988,False
2021-03-01,Combined Robust Max Sharpe λ=0.50 γ=0.10,0.01,1.1246732760949294,0.5623366380474647,False
2021-03-01,Combined Robust Max Sharpe λ=0.50 γ=0.10,-0.01,1.152785328795425,0.5763926643977125,False
2021-04-01,Maximum Sharpe,0.01,1.1439241544787462,0.5719620772393731,False
2021-04-01,Maximum Sharpe,-0.01,1.1639214577124806,0.5819607288562403,False
2021-04-01,Shrunk Max Sharpe λ=0.50,0.01,1.020445371914326,0.510222685957163,False
2021-04-01,Shrunk Max Sharpe λ=0.50,-0.01,1.0465012140029448,0.5232506070014724,False
2021-04-01,Turnover-Aware Max Sharpe γ=0.10,0.01,1.1675023980699961,0.5837511990349981,False
2021-04-01,Turnover-Aware Max Sharpe γ=0.10,-0.01,1.1675023980699955,0.5837511990349977,False
2021-04-01,Combined Robust Max Sharpe λ=0.50 γ=0.10,0.01,1.1054073108930058,0.5527036554465029,False
2021-04-01,Combined Robust Max Sharpe λ=0.50 γ=0.10,-0.01,1.076823737745914,0.538411868872957,False
2021-06-01,Maximum Sharpe,0.01,1.0486432088787025,0.5243216044393513,False
2021-06-01,Maximum Sharpe,-0.01,1.0486432088787014,0.5243216044393507,False
2021-06-01,Shrunk Max Sharpe λ=0.50,0.01,1.1207511036911728,0.5603755518455864,False
2021-06-01,Shrunk Max Sharpe λ=0.50,-0.01,1.153582673331186,0.576791336665593,False
2021-06-01,Turnover-Aware Max Sharpe γ=0.10,0.01,1.0005519248475276,0.5002759624237638,False
2021-06-01,Turnover-Aware Max Sharpe γ=0.10,-0.01,1.0001216035366067,0.5000608017683034,False
2021-06-01,Combined Robust Max Sharpe λ=0.50 γ=0.10,0.01,1.1436800199066104,0.5718400099533052,False
2021-06-01,Combined Robust Max Sharpe λ=0.50 γ=0.10,-0.01,1.1741868775783477,0.5870934387891739,False
2021-07-01,Maximum Sharpe,0.01,1.074484313461975,0.5372421567309875,False
2021-07-01,Maximum Sharpe,-0.01,1.076028370125665,0.5380141850628325,False
2021-07-01,Shrunk Max Sharpe λ=0.50,0.01,1.0444387580994583,0.5222193790497291,False
2021-07-01,Shrunk Max Sharpe λ=0.50,-0.01,1.0792921406871554,0.5396460703435777,False
2021-07-01,Turnover-Aware Max Sharpe γ=0.10,0.01,1.0429908928040776,0.5214954464020388,False
2021-07-01,Turnover-Aware Max Sharpe γ=0.10,-0.01,1.0196666463547461,0.5098333231773731,False
2021-07-01,Combined Robust Max Sharpe λ=0.50 γ=0.10,0.01,1.1207897462924041,0.5603948731462021,False
2021-07-01,Combined Robust Max Sharpe λ=0.50 γ=0.10,-0.01,1.1495644939421952,0.5747822469710976,False
2021-09-01,Maximum Sharpe,0.01,1.0204301880411557,0.5102150940205779,False
2021-09-01,Maximum Sharpe,-0.01,1.0294258499266389,0.5147129249633194,False
2021-09-01,Shrunk Max Sharpe λ=0.50,0.01,1.1434746018067887,0.5717373009033944,False
2021-09-01,Shrunk Max Sharpe λ=0.50,-0.01,1.1816747822377087,0.5908373911188544,False
2021-09-01,Turnover-Aware Max Sharpe γ=0.10,0.01,1.018415664589732,0.509207832294866,False
2021-09-01,Turnover-Aware Max Sharpe γ=0.10,-0.01,1.0380853642074968,0.5190426821037484,False
2021-09-01,Combined Robust Max Sharpe λ=0.50 γ=0.10,0.01,1.1351094351711255,0.5675547175855628,False
2021-09-01,Combined Robust Max Sharpe λ=0.50 γ=0.10,-0.01,1.149947100471444,0.574973550235722,False
2021-10-01,Maximum Sharpe,0.01,1.039749116189139,0.5198745580945695,False
2021-10-01,Maximum Sharpe,-0.01,1.0527760997161613,0.5263880498580806,False
2021-10-01,Shrunk Max Sharpe λ=0.50,0.01,1.079678444671753,0.5398392223358764,False
2021-10-01,Shrunk Max Sharpe λ=0.50,-0.01,1.1229843650322127,0.5614921825161063,False
2021-10-01,Turnover-Aware Max Sharpe γ=0.10,0.01,1.0333339863148925,0.5166669931574462,False
2021-10-01,Turnover-Aware Max Sharpe γ=0.10,-0.01,1.0333339863148943,0.5166669931574471,False
2021-10-01,Combined Robust Max Sharpe λ=0.50 γ=0.10,0.01,1.1358998974050167,0.5679499487025084,False
2021-10-01,Combined Robust Max Sharpe λ=0.50 γ=0.10,-0.01,1.1446093379771645,0.5723046689885822,False
2021-11-01,Maximum Sharpe,0.01,1.1580782206242881,0.5790391103121441,False
2021-11-01,Maximum Sharpe,-0.01,1.1719851364914313,0.5859925682457157,False
2021-11-01,Shrunk Max Sharpe λ=0.50,0.01,1.3053694688742725,0.6526847344371363,False
2021-11-01,Shrunk Max Sharpe λ=0.50,-0.01,1.3643283685353493,0.6821641842676747,False
2021-11-01,Turnover-Aware Max Sharpe γ=0.10,0.01,1.1169881756375546,0.5584940878187773,False
2021-11-01,Turnover-Aware Max Sharpe γ=0.10,-0.01,1.1241398474646487,0.5620699237323243,False
2021-11-01,Combined Robust Max Sharpe λ=0.50 γ=0.10,0.01,1.170508335399312,0.585254167699656,False
2021-11-01,Combined Robust Max Sharpe λ=0.50 γ=0.10,-0.01,1.171683011819693,0.5858415059098465,False
2021-12-01,Maximum Sharpe,0.01,1.1650758401101877,0.5825379200550939,False
2021-12-01,Maximum Sharpe,-0.01,1.180251448472683,0.5901257242363415,False
2021-12-01,Shrunk Max Sharpe λ=0.50,0.01,1.1654953121402791,0.5827476560701396,False
2021-12-01,Shrunk Max Sharpe λ=0.50,-0.01,1.2283428216942722,0.6141714108471361,False
2021-12-01,Turnover-Aware Max Sharpe γ=0.10,0.01,1.1315567957403652,0.5657783978701826,False
2021-12-01,Turnover-Aware Max Sharpe γ=0.10,-0.01,1.1338298451270898,0.5669149225635449,False
2021-12-01,Combined Robust Max Sharpe λ=0.50 γ=0.10,0.01,1.1623372636487115,0.5811686318243557,False
2021-12-01,Combined Robust Max Sharpe λ=0.50 γ=0.10,-0.01,1.18401810692453,0.592009053462265,False
2022-02-01,Maximum Sharpe,0.01,1.1745202510535033,0.5872601255267517,False
2022-02-01,Maximum Sharpe,-0.01,1.4479691348650434,0.7239845674325217,False
2022-02-01,Shrunk Max Sharpe λ=0.50,0.01,1.5022589695131177,0.7511294847565588,False
2022-02-01,Shrunk Max Sharpe λ=0.50,-0.01,1.5166043527430266,0.7583021763715133,False
2022-02-01,Turnover-Aware Max Sharpe γ=0.10,0.01,1.1548424043657046,0.5774212021828523,False
2022-02-01,Turnover-Aware Max Sharpe γ=0.10,-0.01,1.2834363844623498,0.6417181922311749,False
2022-02-01,Combined Robust Max Sharpe λ=0.50 γ=0.10,0.01,1.277803676661861,0.6389018383309305,False
2022-02-01,Combined Robust Max Sharpe λ=0.50 γ=0.10,-0.01,1.325563461674158,0.662781730837079,False
2022-03-01,Maximum Sharpe,0.01,0.9754877663487044,0.4877438831743522,False
2022-03-01,Maximum Sharpe,-0.01,1.38563624442017,0.692818122210085,False
2022-03-01,Shrunk Max Sharpe λ=0.50,0.01,1.4172566149969024,0.7086283074984512,False
2022-03-01,Shrunk Max Sharpe λ=0.50,-0.01,1.4086405825883253,0.7043202912941626,False
2022-03-01,Turnover-Aware Max Sharpe γ=0.10,0.01,1.0290017427623142,0.5145008713811571,False
2022-03-01,Turnover-Aware Max Sharpe γ=0.10,-0.01,1.170279386430976,0.585139693215488,False
2022-03-01,Combined Robust Max Sharpe λ=0.50 γ=0.10,0.01,1.3615157245379983,0.6807578622689991,False
2022-03-01,Combined Robust Max Sharpe λ=0.50 γ=0.10,-0.01,1.3860328624261204,0.6930164312130602,False
2022-04-01,Maximum Sharpe,0.01,1.319062560389456,0.659531280194728,True
2022-04-01,Maximum Sharpe,-0.01,1.4612285518968373,0.7306142759484187,True
2022-04-01,Shrunk Max Sharpe λ=0.50,0.01,1.4623102201045886,0.7311551100522943,True
2022-04-01,Shrunk Max Sharpe λ=0.50,-0.01,1.462310220104588,0.731155110052294,True
2022-04-01,Turnover-Aware Max Sharpe γ=0.10,0.01,1.1647757492213706,0.5823878746106853,True
2022-04-01,Turnover-Aware Max Sharpe γ=0.10,-0.01,1.4472734519881008,0.7236367259940504,True
2022-04-01,Combined Robust Max Sharpe λ=0.50 γ=0.10,0.01,1.4264614154228161,0.7132307077114081,True
2022-04-01,Combined Robust Max Sharpe λ=0.50 γ=0.10,-0.01,1.4264614154228172,0.7132307077114086,True
2022-06-01,Maximum Sharpe,0.01,1.2253778915858389,0.6126889457929194,False
2022-06-01,Maximum Sharpe,-0.01,1.8026275990555527,0.9013137995277763,False
2022-06-01,Shrunk Max Sharpe λ=0.50,0.01,1.6218147200906423,0.8109073600453212,False
2022-06-01,Shrunk Max Sharpe λ=0.50,-0.01,1.6218147200906428,0.8109073600453214,False
2022-06-01,Turnover-Aware Max Sharpe γ=0.10,0.01,1.5970611525420193,0.7985305762710097,False
2022-06-01,Turnover-Aware Max Sharpe γ=0.10,-0.01,1.5970611525420186,0.7985305762710093,False
2022-06-01,Combined Robust Max Sharpe λ=0.50 γ=0.10,0.01,1.5784647788027317,0.7892323894013659,False
2022-06-01,Combined Robust Max Sharpe λ=0.50 γ=0.10,-0.01,1.578464778802731,0.7892323894013655,False
2022-07-01,Maximum Sharpe,0.01,1.3629455522256226,0.6814727761128113,False
2022-07-01,Maximum Sharpe,-0.01,1.799999999999999,0.8999999999999995,False
2022-07-01,Shrunk Max Sharpe λ=0.50,0.01,1.3096625665193093,0.6548312832596547,False
2022-07-01,Shrunk Max Sharpe λ=0.50,-0.01,1.3096625665193093,0.6548312832596547,False
2022-07-01,Turnover-Aware Max Sharpe γ=0.10,0.01,1.6597927816522526,0.8298963908261263,False
2022-07-01,Turnover-Aware Max Sharpe γ=0.10,-0.01,1.8182536662398798,0.9091268331199399,False
2022-07-01,Combined Robust Max Sharpe λ=0.50 γ=0.10,0.01,1.5784647788027315,0.7892323894013658,False
2022-07-01,Combined Robust Max Sharpe λ=0.50 γ=0.10,-0.01,1.5784647788027326,0.7892323894013663,False
2022-08-01,Maximum Sharpe,0.01,1.2793489618756706,0.6396744809378353,False
2022-08-01,Maximum Sharpe,-0.01,1.7948918110427843,0.8974459055213921,False
2022-08-01,Shrunk Max Sharpe λ=0.50,0.01,1.3621849432155535,0.6810924716077768,False
2022-08-01,Shrunk Max Sharpe λ=0.50,-0.01,1.362184943215553,0.6810924716077765,False
2022-08-01,Turnover-Aware Max Sharpe γ=0.10,0.01,1.6597927816522255,0.8298963908261128,False
2022-08-01,Turnover-Aware Max Sharpe γ=0.10,-0.01,1.6597927816522156,0.8298963908261078,False
2022-08-01,Combined Robust Max Sharpe λ=0.50 γ=0.10,0.01,1.5784647788027135,0.7892323894013568,False
2022-08-01,Combined Robust Max Sharpe λ=0.50 γ=0.10,-0.01,1.5784647788027086,0.7892323894013543,False
2022-09-01,Maximum Sharpe,0.01,1.7999999999999987,0.8999999999999994,False
2022-09-01,Maximum Sharpe,-0.01,1.7999999999999994,0.8999999999999997,False
2022-09-01,Shrunk Max Sharpe λ=0.50,0.01,1.4000000000000004,0.7000000000000002,False
2022-09-01,Shrunk Max Sharpe λ=0.50,-0.01,1.7999999999999998,0.8999999999999999,False
2022-09-01,Turnover-Aware Max Sharpe γ=0.10,0.01,1.7999999999999958,0.8999999999999979,False
2022-09-01,Turnover-Aware Max Sharpe γ=0.10,-0.01,1.7999999999999943,0.8999999999999971,False
2022-09-01,Combined Robust Max Sharpe λ=0.50 γ=0.10,0.01,1.4770420667733504,0.7385210333866752,False
2022-09-01,Combined Robust Max Sharpe λ=0.50 γ=0.10,-0.01,1.6045050489861503,0.8022525244930752,False
2022-11-01,Maximum Sharpe,0.01,1.799999999999999,0.8999999999999995,False
2022-11-01,Maximum Sharpe,-0.01,1.8000000000000003,0.9000000000000001,False
2022-11-01,Shrunk Max Sharpe λ=0.50,0.01,1.7999999999999994,0.8999999999999997,False
2022-11-01,Shrunk Max Sharpe λ=0.50,-0.01,1.7829431089554775,0.8914715544777387,False
2022-11-01,Turnover-Aware Max Sharpe γ=0.10,0.01,1.799999999999999,0.8999999999999995,False
2022-11-01,Turnover-Aware Max Sharpe γ=0.10,-0.01,1.7999999999999967,0.8999999999999984,False
2022-11-01,Combined Robust Max Sharpe λ=0.50 γ=0.10,0.01,1.8000000000000007,0.9000000000000004,False
2022-11-01,Combined Robust Max Sharpe λ=0.50 γ=0.10,-0.01,1.7999999999999936,0.8999999999999968,False
2022-12-01,Maximum Sharpe,0.01,1.799999999999999,0.8999999999999995,False
2022-12-01,Maximum Sharpe,-0.01,1.7999999999999985,0.8999999999999992,False
2022-12-01,Shrunk Max Sharpe λ=0.50,0.01,1.4222581934319054,0.7111290967159527,False
2022-12-01,Shrunk Max Sharpe λ=0.50,-0.01,1.7999999999999985,0.8999999999999992,False
2022-12-01,Turnover-Aware Max Sharpe γ=0.10,0.01,1.799999999999999,0.8999999999999995,False
2022-12-01,Turnover-Aware Max Sharpe γ=0.10,-0.01,1.8000000000000005,0.9000000000000002,False
2022-12-01,Combined Robust Max Sharpe λ=0.50 γ=0.10,0.01,1.7999999999999996,0.8999999999999998,False
2022-12-01,Combined Robust Max Sharpe λ=0.50 γ=0.10,-0.01,1.8,0.9,False
2023-02-01,Maximum Sharpe,0.01,1.7999999999999978,0.8999999999999989,False
2023-02-01,Maximum Sharpe,-0.01,1.7999999999999974,0.8999999999999987,False
2023-02-01,Shrunk Max Sharpe λ=0.50,0.01,1.4388647196157345,0.7194323598078672,False
2023-02-01,Shrunk Max Sharpe λ=0.50,-0.01,1.7999999999999996,0.8999999999999998,False
2023-02-01,Turnover-Aware Max Sharpe γ=0.10,0.01,1.7999999999999998,0.8999999999999999,False
2023-02-01,Turnover-Aware Max Sharpe γ=0.10,-0.01,1.7999999999999996,0.8999999999999998,False
2023-02-01,Combined Robust Max Sharpe λ=0.50 γ=0.10,0.01,1.7999999999999987,0.8999999999999994,False
2023-02-01,Combined Robust Max Sharpe λ=0.50 γ=0.10,-0.01,1.7999999999999996,0.8999999999999998,False
2023-03-01,Maximum Sharpe,0.01,1.799999999999998,0.899999999999999,False
2023-03-01,Maximum Sharpe,-0.01,1.7999999999999992,0.8999999999999996,False
2023-03-01,Shrunk Max Sharpe λ=0.50,0.01,1.7999999999999994,0.8999999999999997,False
2023-03-01,Shrunk Max Sharpe λ=0.50,-0.01,1.8000000000000018,0.9000000000000009,False
2023-03-01,Turnover-Aware Max Sharpe γ=0.10,0.01,1.7999999999999996,0.8999999999999998,False
2023-03-01,Turnover-Aware Max Sharpe γ=0.10,-0.01,1.7999999999999996,0.8999999999999998,False
2023-03-01,Combined Robust Max Sharpe λ=0.50 γ=0.10,0.01,1.7999999999999992,0.8999999999999996,False
2023-03-01,Combined Robust Max Sharpe λ=0.50 γ=0.10,-0.01,1.799999999999999,0.8999999999999995,False
2023-05-01,Maximum Sharpe,0.01,1.7431889921076242,0.8715944960538121,False
2023-05-01,Maximum Sharpe,-0.01,1.5249639939950506,0.7624819969975253,False
2023-05-01,Shrunk Max Sharpe λ=0.50,0.01,1.8,0.9,False
2023-05-01,Shrunk Max Sharpe λ=0.50,-0.01,1.7926679321940273,0.8963339660970137,False
2023-05-01,Turnover-Aware Max Sharpe γ=0.10,0.01,1.7959523960588841,0.8979761980294421,False
2023-05-01,Turnover-Aware Max Sharpe γ=0.10,-0.01,1.795952396058884,0.897976198029442,False
2023-05-01,Combined Robust Max Sharpe λ=0.50 γ=0.10,0.01,1.6464563484365002,0.8232281742182501,False
2023-05-01,Combined Robust Max Sharpe λ=0.50 γ=0.10,-0.01,1.721266824736548,0.860633412368274,False
2023-06-01,Maximum Sharpe,0.01,1.7654401726754363,0.8827200863377181,False
2023-06-01,Maximum Sharpe,-0.01,1.7654401726754367,0.8827200863377184,False
2023-06-01,Shrunk Max Sharpe λ=0.50,0.01,1.799999999999999,0.8999999999999995,False
2023-06-01,Shrunk Max Sharpe λ=0.50,-0.01,1.799999999999999,0.8999999999999995,False
2023-06-01,Turnover-Aware Max Sharpe γ=0.10,0.01,1.795952396058884,0.897976198029442,False
2023-06-01,Turnover-Aware Max Sharpe γ=0.10,-0.01,1.7959523960588841,0.8979761980294421,False
2023-06-01,Combined Robust Max Sharpe λ=0.50 γ=0.10,0.01,1.7212668247365481,0.8606334123682741,False
2023-06-01,Combined Robust Max Sharpe λ=0.50 γ=0.10,-0.01,1.7212668247365475,0.8606334123682737,False
2023-08-01,Maximum Sharpe,0.01,1.6144105189767317,0.8072052594883659,False
2023-08-01,Maximum Sharpe,-0.01,1.6144105189767308,0.8072052594883654,False
2023-08-01,Shrunk Max Sharpe λ=0.50,0.01,1.4506610466319434,0.7253305233159717,False
2023-08-01,Shrunk Max Sharpe λ=0.50,-0.01,1.4350846622738755,0.7175423311369378,False
2023-08-01,Turnover-Aware Max Sharpe γ=0.10,0.01,1.6019574493657918,0.8009787246828959,False
2023-08-01,Turnover-Aware Max Sharpe γ=0.10,-0.01,1.6019574493657913,0.8009787246828957,False
2023-08-01,Combined Robust Max Sharpe λ=0.50 γ=0.10,0.01,1.693591608826438,0.846795804413219,False
2023-08-01,Combined Robust Max Sharpe λ=0.50 γ=0.10,-0.01,1.500635020316253,0.7503175101581265,False
2023-09-01,Maximum Sharpe,0.01,1.609228967086813,0.8046144835434065,False
2023-09-01,Maximum Sharpe,-0.01,1.609228967086814,0.804614483543407,False
2023-09-01,Shrunk Max Sharpe λ=0.50,0.01,1.58880280096256,0.79440140048128,False
2023-09-01,Shrunk Max Sharpe λ=0.50,-0.01,1.5888028009625597,0.7944014004812798,False
2023-09-01,Turnover-Aware Max Sharpe γ=0.10,0.01,1.6048213600889345,0.8024106800444673,False
2023-09-01,Turnover-Aware Max Sharpe γ=0.10,-0.01,1.6048213600889343,0.8024106800444671,False
2023-09-01,Combined Robust Max Sharpe λ=0.50 γ=0.10,0.01,1.6363132680324233,0.8181566340162116,False
2023-09-01,Combined Robust Max Sharpe λ=0.50 γ=0.10,-0.01,1.3623988310636757,0.6811994155318378,False
2023-11-01,Maximum Sharpe,0.01,1.5191139574553363,0.7595569787276681,False
2023-11-01,Maximum Sharpe,-0.01,1.5191139574553416,0.7595569787276708,False
2023-11-01,Shrunk Max Sharpe λ=0.50,0.01,1.3999999999999972,0.6999999999999986,False
2023-11-01,Shrunk Max Sharpe λ=0.50,-0.01,1.4,0.7,False
2023-11-01,Turnover-Aware Max Sharpe γ=0.10,0.01,1.519113933216019,0.7595569666080095,False
2023-11-01,Turnover-Aware Max Sharpe γ=0.10,-0.01,1.5191139332160166,0.7595569666080083,False
2023-11-01,Combined Robust Max Sharpe λ=0.50 γ=0.10,0.01,1.6464377131935644,0.8232188565967822,False
2023-11-01,Combined Robust Max Sharpe λ=0.50 γ=0.10,-0.01,1.5588679936728718,0.7794339968364359,False
2023-12-01,Maximum Sharpe,0.01,1.8000000000000003,0.9000000000000001,False
2023-12-01,Maximum Sharpe,-0.01,1.799999999999996,0.899999999999998,False
2023-12-01,Shrunk Max Sharpe λ=0.50,0.01,1.8000000000000014,0.9000000000000007,False
2023-12-01,Shrunk Max Sharpe λ=0.50,-0.01,1.8000000000000014,0.9000000000000007,False
2023-12-01,Turnover-Aware Max Sharpe γ=0.10,0.01,1.7999999999999994,0.8999999999999997,False
2023-12-01,Turnover-Aware Max Sharpe γ=0.10,-0.01,1.8000000000000003,0.9000000000000001,False
2023-12-01,Combined Robust Max Sharpe λ=0.50 γ=0.10,0.01,1.7999999999999952,0.8999999999999976,False
2023-12-01,Combined Robust Max Sharpe λ=0.50 γ=0.10,-0.01,1.7999999999999967,0.8999999999999984,False
2024-02-01,Maximum Sharpe,0.01,1.7999999999999985,0.8999999999999992,False
2024-02-01,Maximum Sharpe,-0.01,1.799999999999998,0.899999999999999,False
2024-02-01,Shrunk Max Sharpe λ=0.50,0.01,1.7999999999999976,0.8999999999999988,False
2024-02-01,Shrunk Max Sharpe λ=0.50,-0.01,1.7999999999999994,0.8999999999999997,False
2024-02-01,Turnover-Aware Max Sharpe γ=0.10,0.01,1.7999999999999956,0.8999999999999978,False
2024-02-01,Turnover-Aware Max Sharpe γ=0.10,-0.01,1.7999999999999925,0.8999999999999962,False
2024-02-01,Combined Robust Max Sharpe λ=0.50 γ=0.10,0.01,1.799999999999997,0.8999999999999985,False
2024-02-01,Combined Robust Max Sharpe λ=0.50 γ=0.10,-0.01,1.7999999999999974,0.8999999999999987,False
2024-03-01,Maximum Sharpe,0.01,1.799999999999997,0.8999999999999985,False
2024-03-01,Maximum Sharpe,-0.01,1.7999999999999965,0.8999999999999982,False
2024-03-01,Shrunk Max Sharpe λ=0.50,0.01,1.7999999999999987,0.8999999999999994,False
2024-03-01,Shrunk Max Sharpe λ=0.50,-0.01,1.7999999999999972,0.8999999999999986,False
2024-03-01,Turnover-Aware Max Sharpe γ=0.10,0.01,1.7999999999999912,0.8999999999999956,False
2024-03-01,Turnover-Aware Max Sharpe γ=0.10,-0.01,1.7999999999999867,0.8999999999999934,False
2024-03-01,Combined Robust Max Sharpe λ=0.50 γ=0.10,0.01,1.7999999999999963,0.8999999999999981,False
2024-03-01,Combined Robust Max Sharpe λ=0.50 γ=0.10,-0.01,1.7999999999999976,0.8999999999999988,False
2024-04-01,Maximum Sharpe,0.01,1.8000000000000005,0.9000000000000002,False
2024-04-01,Maximum Sharpe,-0.01,1.7999999999999985,0.8999999999999992,False
2024-04-01,Shrunk Max Sharpe λ=0.50,0.01,1.679626579024611,0.8398132895123055,False
2024-04-01,Shrunk Max Sharpe λ=0.50,-0.01,1.7999999999999998,0.8999999999999999,False
2024-04-01,Turnover-Aware Max Sharpe γ=0.10,0.01,1.7999999999999978,0.8999999999999989,False
2024-04-01,Turnover-Aware Max Sharpe γ=0.10,-0.01,1.7999999999999978,0.8999999999999989,False
2024-04-01,Combined Robust Max Sharpe λ=0.50 γ=0.10,0.01,1.7999999999999994,0.8999999999999997,False
2024-04-01,Combined Robust Max Sharpe λ=0.50 γ=0.10,-0.01,1.7999999999999992,0.8999999999999996,False
2024-05-01,Maximum Sharpe,0.01,1.7999999999999954,0.8999999999999977,False
2024-05-01,Maximum Sharpe,-0.01,1.7999999999999965,0.8999999999999982,False
2024-05-01,Shrunk Max Sharpe λ=0.50,0.01,1.799999999999996,0.899999999999998,False
2024-05-01,Shrunk Max Sharpe λ=0.50,-0.01,1.7999999999999974,0.8999999999999987,False
2024-05-01,Turnover-Aware Max Sharpe γ=0.10,0.01,1.799999999999998,0.899999999999999,False
2024-05-01,Turnover-Aware Max Sharpe γ=0.10,-0.01,1.7999999999999963,0.8999999999999981,False
2024-05-01,Combined Robust Max Sharpe λ=0.50 γ=0.10,0.01,1.7999999999999983,0.8999999999999991,False
2024-05-01,Combined Robust Max Sharpe λ=0.50 γ=0.10,-0.01,1.7999999999999976,0.8999999999999988,False
2024-07-01,Maximum Sharpe,0.01,1.799999999999995,0.8999999999999975,False
2024-07-01,Maximum Sharpe,-0.01,1.7999999999999963,0.8999999999999981,False
2024-07-01,Shrunk Max Sharpe λ=0.50,0.01,1.7999999999999998,0.8999999999999999,False
2024-07-01,Shrunk Max Sharpe λ=0.50,-0.01,1.7999999999999996,0.8999999999999998,False
2024-07-01,Turnover-Aware Max Sharpe γ=0.10,0.01,1.799999999999996,0.899999999999998,False
2024-07-01,Turnover-Aware Max Sharpe γ=0.10,-0.01,1.7999999999999956,0.8999999999999978,False
2024-07-01,Combined Robust Max Sharpe λ=0.50 γ=0.10,0.01,1.7999999999999985,0.8999999999999992,False
2024-07-01,Combined Robust Max Sharpe λ=0.50 γ=0.10,-0.01,1.7999999999999996,0.8999999999999998,False
2024-08-01,Maximum Sharpe,0.01,1.8000000000000003,0.9000000000000001,False
2024-08-01,Maximum Sharpe,-0.01,1.8000000000000007,0.9000000000000004,False
2024-08-01,Shrunk Max Sharpe λ=0.50,0.01,1.7999999999999994,0.8999999999999997,False
2024-08-01,Shrunk Max Sharpe λ=0.50,-0.01,1.7999999999999994,0.8999999999999997,False
2024-08-01,Turnover-Aware Max Sharpe γ=0.10,0.01,1.8,0.9,False
2024-08-01,Turnover-Aware Max Sharpe γ=0.10,-0.01,1.7999999999999996,0.8999999999999998,False
2024-08-01,Combined Robust Max Sharpe λ=0.50 γ=0.10,0.01,1.7999999999999992,0.8999999999999996,False
2024-08-01,Combined Robust Max Sharpe λ=0.50 γ=0.10,-0.01,1.799999999999999,0.8999999999999995,False
2024-10-01,Maximum Sharpe,0.01,1.728747433068759,0.8643737165343796,False
2024-10-01,Maximum Sharpe,-0.01,1.799999999999997,0.8999999999999985,False
2024-10-01,Shrunk Max Sharpe λ=0.50,0.01,1.520544556034124,0.760272278017062,False
2024-10-01,Shrunk Max Sharpe λ=0.50,-0.01,1.7653954341814035,0.8826977170907018,False
2024-10-01,Turnover-Aware Max Sharpe γ=0.10,0.01,1.799999999999999,0.8999999999999995,False
2024-10-01,Turnover-Aware Max Sharpe γ=0.10,-0.01,1.7999999999999987,0.8999999999999994,False
2024-10-01,Combined Robust Max Sharpe λ=0.50 γ=0.10,0.01,1.5023454565536354,0.7511727282768177,False
2024-10-01,Combined Robust Max Sharpe λ=0.50 γ=0.10,-0.01,1.7999999999999994,0.8999999999999997,False
2024-11-01,Maximum Sharpe,0.01,1.6090195436547943,0.8045097718273971,False
2024-11-01,Maximum Sharpe,-0.01,1.7999999999999985,0.8999999999999992,False
2024-11-01,Shrunk Max Sharpe λ=0.50,0.01,1.5772895747128086,0.7886447873564043,False
2024-11-01,Shrunk Max Sharpe λ=0.50,-0.01,1.7999999999999994,0.8999999999999997,False
2024-11-01,Turnover-Aware Max Sharpe γ=0.10,0.01,1.7999999999999987,0.8999999999999994,False
2024-11-01,Turnover-Aware Max Sharpe γ=0.10,-0.01,1.7999999999999983,0.8999999999999991,False
2024-11-01,Combined Robust Max Sharpe λ=0.50 γ=0.10,0.01,1.7999999999999992,0.8999999999999996,False
2024-11-01,Combined Robust Max Sharpe λ=0.50 γ=0.10,-0.01,1.7999999999999998,0.8999999999999999,False
2025-04-01,Maximum Sharpe,0.01,1.531082075511258,0.765541037755629,False
2025-04-01,Maximum Sharpe,-0.01,1.5799598008554554,0.7899799004277277,False
2025-04-01,Shrunk Max Sharpe λ=0.50,0.01,1.7188013261634036,0.8594006630817018,False
2025-04-01,Shrunk Max Sharpe λ=0.50,-0.01,1.2986492209069693,0.6493246104534847,False
2025-04-01,Turnover-Aware Max Sharpe γ=0.10,0.01,1.6205718355576548,0.8102859177788274,False
2025-04-01,Turnover-Aware Max Sharpe γ=0.10,-0.01,1.7999999999999987,0.8999999999999994,False
2025-04-01,Combined Robust Max Sharpe λ=0.50 γ=0.10,0.01,1.4534710342320636,0.7267355171160318,False
2025-04-01,Combined Robust Max Sharpe λ=0.50 γ=0.10,-0.01,1.600000000000001,0.8000000000000005,False
2025-05-01,Maximum Sharpe,0.01,1.1181854681942198,0.5590927340971099,False
2025-05-01,Maximum Sharpe,-0.01,1.262133018503629,0.6310665092518145,False
2025-05-01,Shrunk Max Sharpe λ=0.50,0.01,1.74169238987963,0.870846194939815,False
2025-05-01,Shrunk Max Sharpe λ=0.50,-0.01,1.8819316522419285,0.9409658261209642,False
2025-05-01,Turnover-Aware Max Sharpe γ=0.10,0.01,1.3010286528562096,0.6505143264281048,False
2025-05-01,Turnover-Aware Max Sharpe γ=0.10,-0.01,1.6529511717261878,0.8264755858630939,False
2025-05-01,Combined Robust Max Sharpe λ=0.50 γ=0.10,0.01,1.7550270048460566,0.8775135024230283,False
2025-05-01,Combined Robust Max Sharpe λ=0.50 γ=0.10,-0.01,1.667865874184715,0.8339329370923575,False
2025-07-01,Maximum Sharpe,0.01,1.5284584429673336,0.7642292214836668,False
2025-07-01,Maximum Sharpe,-0.01,1.7229512572777383,0.8614756286388692,False
2025-07-01,Shrunk Max Sharpe λ=0.50,0.01,1.7524069051632385,0.8762034525816192,False
2025-07-01,Shrunk Max Sharpe λ=0.50,-0.01,1.8608064763399124,0.9304032381699562,False
2025-07-01,Turnover-Aware Max Sharpe γ=0.10,0.01,1.5059023434523877,0.7529511717261939,False
2025-07-01,Turnover-Aware Max Sharpe γ=0.10,-0.01,1.5713412636453878,0.7856706318226939,False
2025-07-01,Combined Robust Max Sharpe λ=0.50 γ=0.10,0.01,1.7531141308824785,0.8765570654412392,False
2025-07-01,Combined Robust Max Sharpe λ=0.50 γ=0.10,-0.01,1.7598722509009388,0.8799361254504694,False
2025-08-01,Maximum Sharpe,0.01,1.6019186497236892,0.8009593248618446,False
2025-08-01,Maximum Sharpe,-0.01,1.799999999999999,0.8999999999999995,False
2025-08-01,Shrunk Max Sharpe λ=0.50,0.01,1.74048372785098,0.87024186392549,False
2025-08-01,Shrunk Max Sharpe λ=0.50,-0.01,1.8792835995426174,0.9396417997713087,False
2025-08-01,Turnover-Aware Max Sharpe γ=0.10,0.01,1.5059023434523797,0.7529511717261899,False
2025-08-01,Turnover-Aware Max Sharpe γ=0.10,-0.01,1.575816216130762,0.787908108065381,False
2025-08-01,Combined Robust Max Sharpe λ=0.50 γ=0.10,0.01,1.73929474885708,0.86964737442854,False
2025-08-01,Combined Robust Max Sharpe λ=0.50 γ=0.10,-0.01,1.7770205130146464,0.8885102565073232,False
2025-10-01,Maximum Sharpe,0.01,1.5613325081863219,0.7806662540931609,False
2025-10-01,Maximum Sharpe,-0.01,1.3762568277939407,0.6881284138969703,False
2025-10-01,Shrunk Max Sharpe λ=0.50,0.01,1.7432118403257246,0.8716059201628623,False
2025-10-01,Shrunk Max Sharpe λ=0.50,-0.01,1.7955084679686562,0.8977542339843281,False
2025-10-01,Turnover-Aware Max Sharpe γ=0.10,0.01,1.3204902051468048,0.6602451025734024,False
2025-10-01,Turnover-Aware Max Sharpe γ=0.10,-0.01,1.2944111695935552,0.6472055847967776,False
2025-10-01,Combined Robust Max Sharpe λ=0.50 γ=0.10,0.01,1.782537767037271,0.8912688835186355,False
2025-10-01,Combined Robust Max Sharpe λ=0.50 γ=0.10,-0.01,1.8000000000000147,0.9000000000000073,False
2025-12-01,Maximum Sharpe,0.01,1.3407586070448139,0.6703793035224069,False
2025-12-01,Maximum Sharpe,-0.01,1.4043836451447576,0.7021918225723788,False
2025-12-01,Shrunk Max Sharpe λ=0.50,0.01,1.6666998220945723,0.8333499110472862,False
2025-12-01,Shrunk Max Sharpe λ=0.50,-0.01,1.7002166413222815,0.8501083206611407,False
2025-12-01,Turnover-Aware Max Sharpe γ=0.10,0.01,1.58428945640973,0.792144728204865,False
2025-12-01,Turnover-Aware Max Sharpe γ=0.10,-0.01,1.5842894564097394,0.7921447282048697,False
2025-12-01,Combined Robust Max Sharpe λ=0.50 γ=0.10,0.01,1.7999999999999736,0.8999999999999868,False
2025-12-01,Combined Robust Max Sharpe λ=0.50 γ=0.10,-0.01,1.7999999999999938,0.8999999999999969,False
2026-04-01,Maximum Sharpe,0.01,1.7432371332563419,0.8716185666281709,False
2026-04-01,Maximum Sharpe,-0.01,1.743237133256342,0.871618566628171,False
2026-04-01,Shrunk Max Sharpe λ=0.50,0.01,1.5912056685248144,0.7956028342624072,False
2026-04-01,Shrunk Max Sharpe λ=0.50,-0.01,1.7508909892664615,0.8754454946332307,False
2026-04-01,Turnover-Aware Max Sharpe γ=0.10,0.01,1.5965597207010804,0.7982798603505402,False
2026-04-01,Turnover-Aware Max Sharpe γ=0.10,-0.01,1.59655972070108,0.79827986035054,False
2026-04-01,Combined Robust Max Sharpe λ=0.50 γ=0.10,0.01,1.6754704346824976,0.8377352173412488,False
2026-04-01,Combined Robust Max Sharpe λ=0.50 γ=0.10,-0.01,1.7969156428043107,0.8984578214021554,False
2026-05-01,Maximum Sharpe,0.01,1.571564145324514,0.785782072662257,False
2026-05-01,Maximum Sharpe,-0.01,1.7334462434384519,0.8667231217192259,False
2026-05-01,Shrunk Max Sharpe λ=0.50,0.01,1.5589534604009976,0.7794767302004988,False
2026-05-01,Shrunk Max Sharpe λ=0.50,-0.01,1.701156593086003,0.8505782965430015,False
2026-05-01,Turnover-Aware Max Sharpe γ=0.10,0.01,1.5080161330792279,0.7540080665396139,False
2026-05-01,Turnover-Aware Max Sharpe γ=0.10,-0.01,1.6112207364990538,0.8056103682495269,False
2026-05-01,Combined Robust Max Sharpe λ=0.50 γ=0.10,0.01,1.623443128139918,0.811721564069959,False
2026-05-01,Combined Robust Max Sharpe λ=0.50 γ=0.10,-0.01,1.7357828973792313,0.8678914486896157,False
2026-06-01,Maximum Sharpe,0.01,1.5234353041581306,0.7617176520790653,False
2026-06-01,Maximum Sharpe,-0.01,1.7081548553982056,0.8540774276991028,False
2026-06-01,Shrunk Max Sharpe λ=0.50,0.01,1.4688908257930835,0.7344454128965417,False
2026-06-01,Shrunk Max Sharpe λ=0.50,-0.01,1.6005699887724496,0.8002849943862248,False
2026-06-01,Turnover-Aware Max Sharpe γ=0.10,0.01,1.545483726669259,0.7727418633346295,False
2026-06-01,Turnover-Aware Max Sharpe γ=0.10,-0.01,1.706628533930231,0.8533142669651155,False
2026-06-01,Combined Robust Max Sharpe λ=0.50 γ=0.10,0.01,1.530713607565928,0.765356803782964,False
2026-06-01,Combined Robust Max Sharpe λ=0.50 γ=0.10,-0.01,1.6283018165221037,0.8141509082610519,False
2026-07-01,Maximum Sharpe,0.01,1.5512920068004865,0.7756460034002433,False
2026-07-01,Maximum Sharpe,-0.01,1.7351845931418235,0.8675922965709117,False
2026-07-01,Shrunk Max Sharpe λ=0.50,0.01,1.4883542439130033,0.7441771219565017,False
2026-07-01,Shrunk Max Sharpe λ=0.50,-0.01,1.5148907404308716,0.7574453702154358,False
2026-07-01,Turnover-Aware Max Sharpe γ=0.10,0.01,1.5934595177672786,0.7967297588836393,False
2026-07-01,Turnover-Aware Max Sharpe γ=0.10,-0.01,1.6354612625653935,0.8177306312826967,False
2026-07-01,Combined Robust Max Sharpe λ=0.50 γ=0.10,0.01,1.4405733504784968,0.7202866752392484,False
2026-07-01,Combined Robust Max Sharpe λ=0.50 γ=0.10,-0.01,1.5907321904449214,0.7953660952224607,False
2026-09-01,Maximum Sharpe,0.01,1.7342339232933228,0.8671169616466614,True
2026-09-01,Maximum Sharpe,-0.01,1.6638663227055492,0.8319331613527746,True
2026-09-01,Shrunk Max Sharpe λ=0.50,0.01,1.5156084137279424,0.7578042068639712,True
2026-09-01,Shrunk Max Sharpe λ=0.50,-0.01,1.5156084137279402,0.7578042068639701,True
2026-09-01,Turnover-Aware Max Sharpe γ=0.10,0.01,1.6859279611748796,0.8429639805874398,True
2026-09-01,Turnover-Aware Max Sharpe γ=0.10,-0.01,1.671847142966109,0.8359235714830545,True
2026-09-01,Combined Robust Max Sharpe λ=0.50 γ=0.10,0.01,1.4698599728280417,0.7349299864140209,True
2026-09-01,Combined Robust Max Sharpe λ=0.50 γ=0.10,-0.01,1.5136923450640223,0.7568461725320111,True
