rebalance_date,strategy,turnover
2018-02-01,Combined Robust Max Sharpe λ=0.50 γ=0.10,0.0
2018-02-01,Equal Weight,0.0
2018-02-01,Maximum Sharpe,0.0
2018-02-01,Minimum Variance,0.0
2018-02-01,SPY,0.0
2018-02-01,Shrunk Max Sharpe λ=0.25,0.0
2018-02-01,Shrunk Max Sharpe λ=0.50,0.0
2018-02-01,Shrunk Max Sharpe λ=0.75,0.0
2018-02-01,Turnover-Aware Max Sharpe γ=0.05,0.0
2018-02-01,Turnover-Aware Max Sharpe γ=0.10,0.0
2018-02-01,Turnover-Aware Max Sharpe γ=0.25,0.0
2018-03-01,Combined Robust Max Sharpe λ=0.50 γ=0.10,0.06052373032122023
2018-03-01,Equal Weight,0.0
2018-03-01,Maximum Sharpe,0.0794294971885775
2018-03-01,Minimum Variance,0.035421395163989886
2018-03-01,SPY,0.0
2018-03-01,Shrunk Max Sharpe λ=0.25,0.052761412853493735
2018-03-01,Shrunk Max Sharpe λ=0.50,0.18240820840770464
2018-03-01,Shrunk Max Sharpe λ=0.75,0.06859352950100661
2018-03-01,Turnover-Aware Max Sharpe γ=0.05,0.0515289524276661
2018-03-01,Turnover-Aware Max Sharpe γ=0.10,0.02721321543015002
2018-03-01,Turnover-Aware Max Sharpe γ=0.25,0.027081309713226018
2018-05-01,Combined Robust Max Sharpe λ=0.50 γ=0.10,0.027010351710346346
2018-05-01,Equal Weight,0.0
2018-05-01,Maximum Sharpe,0.23243495854839902
2018-05-01,Minimum Variance,0.057159542973879734
2018-05-01,SPY,0.0
2018-05-01,Shrunk Max Sharpe λ=0.25,0.0746917573590504
2018-05-01,Shrunk Max Sharpe λ=0.50,0.05491135018927171
2018-05-01,Shrunk Max Sharpe λ=0.75,0.06115108801117695
2018-05-01,Turnover-Aware Max Sharpe γ=0.05,0.12090498051894039
2018-05-01,Turnover-Aware Max Sharpe γ=0.10,0.057420762670390056
2018-05-01,Turnover-Aware Max Sharpe γ=0.25,0.0315264957424976
2018-06-01,Combined Robust Max Sharpe λ=0.50 γ=0.10,0.05484478650136909
2018-06-01,Equal Weight,0.0
2018-06-01,Maximum Sharpe,0.21871699516343052
2018-06-01,Minimum Variance,0.02342651599381255
2018-06-01,SPY,0.0
2018-06-01,Shrunk Max Sharpe λ=0.25,0.1786285945374463
2018-06-01,Shrunk Max Sharpe λ=0.50,0.07352969287041067
2018-06-01,Shrunk Max Sharpe λ=0.75,0.03880245464137562
2018-06-01,Turnover-Aware Max Sharpe γ=0.05,0.1833833773161627
2018-06-01,Turnover-Aware Max Sharpe γ=0.10,0.08994831484367265
2018-06-01,Turnover-Aware Max Sharpe γ=0.25,0.03441780891627461
2018-08-01,Combined Robust Max Sharpe λ=0.50 γ=0.10,0.053589694467435375
2018-08-01,Equal Weight,0.0
2018-08-01,Maximum Sharpe,0.3094019070546989
2018-08-01,Minimum Variance,0.016090281006664982
2018-08-01,SPY,0.0
2018-08-01,Shrunk Max Sharpe λ=0.25,0.08841965029808638
2018-08-01,Shrunk Max Sharpe λ=0.50,0.18221522187338396
2018-08-01,Shrunk Max Sharpe λ=0.75,0.019861748205485627
2018-08-01,Turnover-Aware Max Sharpe γ=0.05,0.021692559276890552
2018-08-01,Turnover-Aware Max Sharpe γ=0.10,3.0022437799165253e-15
2018-08-01,Turnover-Aware Max Sharpe γ=0.25,2.2159105270716257e-15
2018-10-01,Combined Robust Max Sharpe λ=0.50 γ=0.10,0.1157043708836688
2018-10-01,Equal Weight,0.0
2018-10-01,Maximum Sharpe,0.12074439895079528
2018-10-01,Minimum Variance,0.05556763455549438
2018-10-01,SPY,0.0
2018-10-01,Shrunk Max Sharpe λ=0.25,0.21761752746377147
2018-10-01,Shrunk Max Sharpe λ=0.50,0.11322494053157688
2018-10-01,Shrunk Max Sharpe λ=0.75,0.04459165464791908
2018-10-01,Turnover-Aware Max Sharpe γ=0.05,0.10226724235028646
2018-10-01,Turnover-Aware Max Sharpe γ=0.10,0.08637011122433312
2018-10-01,Turnover-Aware Max Sharpe γ=0.25,0.021125195078708258
2018-11-01,Combined Robust Max Sharpe λ=0.50 γ=0.10,3.605056890367477e-15
2018-11-01,Equal Weight,0.0
2018-11-01,Maximum Sharpe,0.07415947933526618
2018-11-01,Minimum Variance,0.022776285889803335
2018-11-01,SPY,0.0
2018-11-01,Shrunk Max Sharpe λ=0.25,0.1340147849211603
2018-11-01,Shrunk Max Sharpe λ=0.50,0.031413838306816634
2018-11-01,Shrunk Max Sharpe λ=0.75,0.01828706748374444
2018-11-01,Turnover-Aware Max Sharpe γ=0.05,0.09511984212307656
2018-11-01,Turnover-Aware Max Sharpe γ=0.10,0.04567878227304632
2018-11-01,Turnover-Aware Max Sharpe γ=0.25,7.72978123427669e-16
2019-02-01,Combined Robust Max Sharpe λ=0.50 γ=0.10,0.07931772587736192
2019-02-01,Equal Weight,0.0
2019-02-01,Maximum Sharpe,0.20484024507817628
2019-02-01,Minimum Variance,0.05526331049220994
2019-02-01,SPY,0.0
2019-02-01,Shrunk Max Sharpe λ=0.25,0.2758561603038956
2019-02-01,Shrunk Max Sharpe λ=0.50,0.09196360574789353
2019-02-01,Shrunk Max Sharpe λ=0.75,0.07175296192048917
2019-02-01,Turnover-Aware Max Sharpe γ=0.05,0.19205097938451896
2019-02-01,Turnover-Aware Max Sharpe γ=0.10,0.12027513558328717
2019-02-01,Turnover-Aware Max Sharpe γ=0.25,0.04524713322151609
2019-03-01,Combined Robust Max Sharpe λ=0.50 γ=0.10,0.018814851462390182
2019-03-01,Equal Weight,0.0
2019-03-01,Maximum Sharpe,0.168516426556983
2019-03-01,Minimum Variance,0.008409242753232148
2019-03-01,SPY,0.0
2019-03-01,Shrunk Max Sharpe λ=0.25,0.12318044800095056
2019-03-01,Shrunk Max Sharpe λ=0.50,0.02426288931747534
2019-03-01,Shrunk Max Sharpe λ=0.75,0.009811739301065608
2019-03-01,Turnover-Aware Max Sharpe γ=0.05,0.11084450788648452
2019-03-01,Turnover-Aware Max Sharpe γ=0.10,0.09209071448150251
2019-03-01,Turnover-Aware Max Sharpe γ=0.25,0.04520450069089188
2019-04-01,Combined Robust Max Sharpe λ=0.50 γ=0.10,0.005925989609531302
2019-04-01,Equal Weight,0.0
2019-04-01,Maximum Sharpe,0.24648511661769518
2019-04-01,Minimum Variance,0.026396903084338022
2019-04-01,SPY,0.0
2019-04-01,Shrunk Max Sharpe λ=0.25,0.1413166263536541
2019-04-01,Shrunk Max Sharpe λ=0.50,0.04463994442488199
2019-04-01,Shrunk Max Sharpe λ=0.75,0.008368976124237622
2019-04-01,Turnover-Aware Max Sharpe γ=0.05,0.13977208315480605
2019-04-01,Turnover-Aware Max Sharpe γ=0.10,0.137508804370723
2019-04-01,Turnover-Aware Max Sharpe γ=0.25,0.011424104580151546
2019-05-01,Combined Robust Max Sharpe λ=0.50 γ=0.10,0.05995580139411419
2019-05-01,Equal Weight,0.0
2019-05-01,Maximum Sharpe,0.03516343999777858
2019-05-01,Minimum Variance,0.004408129720419214
2019-05-01,SPY,0.0
2019-05-01,Shrunk Max Sharpe λ=0.25,0.12807863577248974
2019-05-01,Shrunk Max Sharpe λ=0.50,0.057042610212892496
2019-05-01,Shrunk Max Sharpe λ=0.75,0.028179653002379373
2019-05-01,Turnover-Aware Max Sharpe γ=0.05,0.0841404934724313
2019-05-01,Turnover-Aware Max Sharpe γ=0.10,0.07127145147716733
2019-05-01,Turnover-Aware Max Sharpe γ=0.25,0.1056190284499991
2019-07-01,Combined Robust Max Sharpe λ=0.50 γ=0.10,0.016411508936413827
2019-07-01,Equal Weight,0.0
2019-07-01,Maximum Sharpe,0.1997087651117435
2019-07-01,Minimum Variance,0.007616591581455901
2019-07-01,SPY,0.0
2019-07-01,Shrunk Max Sharpe λ=0.25,0.0914431785628642
2019-07-01,Shrunk Max Sharpe λ=0.50,0.05946409840225341
2019-07-01,Shrunk Max Sharpe λ=0.75,0.02844189019793432
2019-07-01,Turnover-Aware Max Sharpe γ=0.05,0.016917984918207212
2019-07-01,Turnover-Aware Max Sharpe γ=0.10,6.071966786687583e-16
2019-07-01,Turnover-Aware Max Sharpe γ=0.25,0.05974065393284699
2019-08-01,Combined Robust Max Sharpe λ=0.50 γ=0.10,0.02193840376082508
2019-08-01,Equal Weight,0.0
2019-08-01,Maximum Sharpe,0.049676305066356265
2019-08-01,Minimum Variance,0.011340526123117277
2019-08-01,SPY,0.0
2019-08-01,Shrunk Max Sharpe λ=0.25,0.03496548477265109
2019-08-01,Shrunk Max Sharpe λ=0.50,0.017796410114050053
2019-08-01,Shrunk Max Sharpe λ=0.75,0.03042577688615576
2019-08-01,Turnover-Aware Max Sharpe γ=0.05,0.09818801294038759
2019-08-01,Turnover-Aware Max Sharpe γ=0.10,0.006855235095077849
2019-08-01,Turnover-Aware Max Sharpe γ=0.25,0.006589041836755278
2019-10-01,Combined Robust Max Sharpe λ=0.50 γ=0.10,0.045015882683261586
2019-10-01,Equal Weight,0.0
2019-10-01,Maximum Sharpe,0.2798334989321887
2019-10-01,Minimum Variance,0.05773579310805572
2019-10-01,SPY,0.0
2019-10-01,Shrunk Max Sharpe λ=0.25,0.21184856928808254
2019-10-01,Shrunk Max Sharpe λ=0.50,0.03773830754078856
2019-10-01,Shrunk Max Sharpe λ=0.75,0.017259178597172214
2019-10-01,Turnover-Aware Max Sharpe γ=0.05,0.19023054823583832
2019-10-01,Turnover-Aware Max Sharpe γ=0.10,0.11071827495922218
2019-10-01,Turnover-Aware Max Sharpe γ=0.25,0.05030700115125185
2019-11-01,Combined Robust Max Sharpe λ=0.50 γ=0.10,0.012895977395714119
2019-11-01,Equal Weight,0.0
2019-11-01,Maximum Sharpe,0.06752609033553322
2019-11-01,Minimum Variance,0.01897430384619033
2019-11-01,SPY,0.0
2019-11-01,Shrunk Max Sharpe λ=0.25,0.03652049041204985
2019-11-01,Shrunk Max Sharpe λ=0.50,0.027761404126238523
2019-11-01,Shrunk Max Sharpe λ=0.75,0.057335249895257574
2019-11-01,Turnover-Aware Max Sharpe γ=0.05,0.08022892484401242
2019-11-01,Turnover-Aware Max Sharpe γ=0.10,0.06505908495211525
2019-11-01,Turnover-Aware Max Sharpe γ=0.25,0.07205814088005795
2020-04-01,Combined Robust Max Sharpe λ=0.50 γ=0.10,0.5770525787695734
2020-04-01,Equal Weight,0.0
2020-04-01,Maximum Sharpe,0.5750558744597043
2020-04-01,Minimum Variance,0.23270703023708622
2020-04-01,SPY,0.0
2020-04-01,Shrunk Max Sharpe λ=0.25,0.6000000000000227
2020-04-01,Shrunk Max Sharpe λ=0.50,0.5725908882478883
2020-04-01,Shrunk Max Sharpe λ=0.75,0.5427760335525625
2020-04-01,Turnover-Aware Max Sharpe γ=0.05,0.5831507745067529
2020-04-01,Turnover-Aware Max Sharpe γ=0.10,0.5895232528929685
2020-04-01,Turnover-Aware Max Sharpe γ=0.25,0.5087658658151164
2020-05-01,Combined Robust Max Sharpe λ=0.50 γ=0.10,1.9641066432604533e-15
2020-05-01,Equal Weight,0.0
2020-05-01,Maximum Sharpe,0.002394252225061677
2020-05-01,Minimum Variance,0.029525851897663838
2020-05-01,SPY,0.0
2020-05-01,Shrunk Max Sharpe λ=0.25,0.0016366729225103793
2020-05-01,Shrunk Max Sharpe λ=0.50,0.0056985896651344965
2020-05-01,Shrunk Max Sharpe λ=0.75,0.091895070539794
2020-05-01,Turnover-Aware Max Sharpe γ=0.05,4.4727524672347645e-14
2020-05-01,Turnover-Aware Max Sharpe γ=0.10,3.6256554578994436e-13
2020-05-01,Turnover-Aware Max Sharpe γ=0.25,4.77481159351748e-13
2020-06-01,Combined Robust Max Sharpe λ=0.50 γ=0.10,3.575124181637439e-05
2020-06-01,Equal Weight,0.0
2020-06-01,Maximum Sharpe,0.0013556227351854827
2020-06-01,Minimum Variance,0.00977621875054003
2020-06-01,SPY,0.0
2020-06-01,Shrunk Max Sharpe λ=0.25,0.003079312995433842
2020-06-01,Shrunk Max Sharpe λ=0.50,0.01636840766403719
2020-06-01,Shrunk Max Sharpe λ=0.75,0.05947696002937324
2020-06-01,Turnover-Aware Max Sharpe γ=0.05,0.0008944334824680196
2020-06-01,Turnover-Aware Max Sharpe γ=0.10,2.119360242899717e-13
2020-06-01,Turnover-Aware Max Sharpe γ=0.25,1.1592637497345655e-13
2020-07-01,Combined Robust Max Sharpe λ=0.50 γ=0.10,0.014147897405531809
2020-07-01,Equal Weight,0.0
2020-07-01,Maximum Sharpe,0.025103212094248463
2020-07-01,Minimum Variance,0.014903838498722241
2020-07-01,SPY,0.0
2020-07-01,Shrunk Max Sharpe λ=0.25,0.025280689288419724
2020-07-01,Shrunk Max Sharpe λ=0.50,0.01760380720924257
2020-07-01,Shrunk Max Sharpe λ=0.75,0.060853127782994974
2020-07-01,Turnover-Aware Max Sharpe γ=0.05,0.01814278116128568
2020-07-01,Turnover-Aware Max Sharpe γ=0.10,0.011142848015946895
2020-07-01,Turnover-Aware Max Sharpe γ=0.25,0.002354326827727446
2020-09-01,Combined Robust Max Sharpe λ=0.50 γ=0.10,0.005715120233890432
2020-09-01,Equal Weight,0.0
2020-09-01,Maximum Sharpe,0.020566662856406008
2020-09-01,Minimum Variance,0.03985271529983014
2020-09-01,SPY,0.0
2020-09-01,Shrunk Max Sharpe λ=0.25,0.013002522894654547
2020-09-01,Shrunk Max Sharpe λ=0.50,0.011908306006761156
2020-09-01,Shrunk Max Sharpe λ=0.75,0.061992521297394035
2020-09-01,Turnover-Aware Max Sharpe γ=0.05,0.02087446909986803
2020-09-01,Turnover-Aware Max Sharpe γ=0.10,0.021243633977601036
2020-09-01,Turnover-Aware Max Sharpe γ=0.25,0.017463488328135976
2020-10-01,Combined Robust Max Sharpe λ=0.50 γ=0.10,0.00794413304352681
2020-10-01,Equal Weight,0.0
2020-10-01,Maximum Sharpe,0.022684013081873074
2020-10-01,Minimum Variance,0.019572757866315137
2020-10-01,SPY,0.0
2020-10-01,Shrunk Max Sharpe λ=0.25,0.018524613267342244
2020-10-01,Shrunk Max Sharpe λ=0.50,0.015475698359828502
2020-10-01,Shrunk Max Sharpe λ=0.75,0.010852039140878605
2020-10-01,Turnover-Aware Max Sharpe γ=0.05,0.01591391520208774
2020-10-01,Turnover-Aware Max Sharpe γ=0.10,0.01333123219124558
2020-10-01,Turnover-Aware Max Sharpe γ=0.25,0.0027923006726084804
2020-12-01,Combined Robust Max Sharpe λ=0.50 γ=0.10,0.030579666317587788
2020-12-01,Equal Weight,0.0
2020-12-01,Maximum Sharpe,0.04167367325069805
2020-12-01,Minimum Variance,0.030609037642025324
2020-12-01,SPY,0.0
2020-12-01,Shrunk Max Sharpe λ=0.25,0.03021380105075346
2020-12-01,Shrunk Max Sharpe λ=0.50,0.09225554409018655
2020-12-01,Shrunk Max Sharpe λ=0.75,0.09647596707176533
2020-12-01,Turnover-Aware Max Sharpe γ=0.05,0.02780502256873332
2020-12-01,Turnover-Aware Max Sharpe γ=0.10,0.012664912875372114
2020-12-01,Turnover-Aware Max Sharpe γ=0.25,4.547813936453728e-13
2021-02-01,Combined Robust Max Sharpe λ=0.50 γ=0.10,0.01949815218506227
2021-02-01,Equal Weight,0.0
2021-02-01,Maximum Sharpe,0.007099455621648579
2021-02-01,Minimum Variance,0.01738489786123858
2021-02-01,SPY,0.0
2021-02-01,Shrunk Max Sharpe λ=0.25,0.004396189887949595
2021-02-01,Shrunk Max Sharpe λ=0.50,0.02337209044135208
2021-02-01,Shrunk Max Sharpe λ=0.75,0.022586379335363605
2021-02-01,Turnover-Aware Max Sharpe γ=0.05,0.0010133358146807644
2021-02-01,Turnover-Aware Max Sharpe γ=0.10,0.0008361806555058159
2021-02-01,Turnover-Aware Max Sharpe γ=0.25,4.431603547769133e-13
2021-03-01,Combined Robust Max Sharpe λ=0.50 γ=0.10,0.03979932507387974
2021-03-01,Equal Weight,0.0
2021-03-01,Maximum Sharpe,0.02361457954239502
2021-03-01,Minimum Variance,0.01777725451428399
2021-03-01,SPY,0.0
2021-03-01,Shrunk Max Sharpe λ=0.25,0.03378246794101721
2021-03-01,Shrunk Max Sharpe λ=0.50,0.03565452628176091
2021-03-01,Shrunk Max Sharpe λ=0.75,0.09382052154934087
2021-03-01,Turnover-Aware Max Sharpe γ=0.05,0.02012360766241276
2021-03-01,Turnover-Aware Max Sharpe γ=0.10,0.02045312477152637
2021-03-01,Turnover-Aware Max Sharpe γ=0.25,0.0110761476661763
2021-04-01,Combined Robust Max Sharpe λ=0.50 γ=0.10,0.03305197837003549
2021-04-01,Equal Weight,0.0
2021-04-01,Maximum Sharpe,0.05947206185347475
2021-04-01,Minimum Variance,0.013584918662782181
2021-04-01,SPY,0.0
2021-04-01,Shrunk Max Sharpe λ=0.25,0.07977552782837849
2021-04-01,Shrunk Max Sharpe λ=0.50,0.11062538652438754
2021-04-01,Shrunk Max Sharpe λ=0.75,0.034229916896165405
2021-04-01,Turnover-Aware Max Sharpe γ=0.05,0.03424152882957571
2021-04-01,Turnover-Aware Max Sharpe γ=0.10,0.02245451505059063
2021-04-01,Turnover-Aware Max Sharpe γ=0.25,0.017252565475699227
2021-06-01,Combined Robust Max Sharpe λ=0.50 γ=0.10,0.1550188506620849
2021-06-01,Equal Weight,0.0
2021-06-01,Maximum Sharpe,0.10078386667302111
2021-06-01,Minimum Variance,0.01821563091986769
2021-06-01,SPY,0.0
2021-06-01,Shrunk Max Sharpe λ=0.25,0.16662581491870515
2021-06-01,Shrunk Max Sharpe λ=0.50,0.1142214370656012
2021-06-01,Shrunk Max Sharpe λ=0.75,0.025281056447717467
2021-06-01,Turnover-Aware Max Sharpe γ=0.05,0.09709005592958836
2021-06-01,Turnover-Aware Max Sharpe γ=0.10,0.08767225604589787
2021-06-01,Turnover-Aware Max Sharpe γ=0.25,0.036245946980120826
2021-07-01,Combined Robust Max Sharpe λ=0.50 γ=0.10,0.011070436452428023
2021-07-01,Equal Weight,0.0
2021-07-01,Maximum Sharpe,0.06148873767473303
2021-07-01,Minimum Variance,0.005772084419370115
2021-07-01,SPY,0.0
2021-07-01,Shrunk Max Sharpe λ=0.25,0.09431873750763492
2021-07-01,Shrunk Max Sharpe λ=0.50,0.05461128280600568
2021-07-01,Shrunk Max Sharpe λ=0.75,0.015388984927281323
2021-07-01,Turnover-Aware Max Sharpe γ=0.05,0.0352393079625536
2021-07-01,Turnover-Aware Max Sharpe γ=0.10,0.015474400948739933
2021-07-01,Turnover-Aware Max Sharpe γ=0.25,3.107385344154503e-15
2021-09-01,Combined Robust Max Sharpe λ=0.50 γ=0.10,0.0026688812471407403
2021-09-01,Equal Weight,0.0
2021-09-01,Maximum Sharpe,0.036221094426718364
2021-09-01,Minimum Variance,0.00888275052833521
2021-09-01,SPY,0.0
2021-09-01,Shrunk Max Sharpe λ=0.25,0.07195868894168658
2021-09-01,Shrunk Max Sharpe λ=0.50,0.0416942202522714
2021-09-01,Shrunk Max Sharpe λ=0.75,0.012182787146687656
2021-09-01,Turnover-Aware Max Sharpe γ=0.05,0.01179776426453288
2021-09-01,Turnover-Aware Max Sharpe γ=0.10,0.003629082923314684
2021-09-01,Turnover-Aware Max Sharpe γ=0.25,0.011913654252919362
2021-10-01,Combined Robust Max Sharpe λ=0.50 γ=0.10,5.301872319946495e-16
2021-10-01,Equal Weight,0.0
2021-10-01,Maximum Sharpe,0.01141298981887112
2021-10-01,Minimum Variance,0.010270891453207809
2021-10-01,SPY,0.0
2021-10-01,Shrunk Max Sharpe λ=0.25,0.04523832801364544
2021-10-01,Shrunk Max Sharpe λ=0.50,0.027474214271029973
2021-10-01,Shrunk Max Sharpe λ=0.75,0.005435860541391573
2021-10-01,Turnover-Aware Max Sharpe γ=0.05,1.132354929608181e-15
2021-10-01,Turnover-Aware Max Sharpe γ=0.10,0.0012533939770114472
2021-10-01,Turnover-Aware Max Sharpe γ=0.25,0.0002753491306841233
2021-11-01,Combined Robust Max Sharpe λ=0.50 γ=0.10,0.013224230878241412
2021-11-01,Equal Weight,0.0
2021-11-01,Maximum Sharpe,0.06990358958034662
2021-11-01,Minimum Variance,0.006198604902613227
2021-11-01,SPY,0.0
2021-11-01,Shrunk Max Sharpe λ=0.25,0.0847169991033034
2021-11-01,Shrunk Max Sharpe λ=0.50,0.08209050815456077
2021-11-01,Shrunk Max Sharpe λ=0.75,0.033198523829266545
2021-11-01,Turnover-Aware Max Sharpe γ=0.05,0.05860323331685378
2021-11-01,Turnover-Aware Max Sharpe γ=0.10,0.04837483035097512
2021-11-01,Turnover-Aware Max Sharpe γ=0.25,0.002149729017171031
2021-12-01,Combined Robust Max Sharpe λ=0.50 γ=0.10,0.008556959594442711
2021-12-01,Equal Weight,0.0
2021-12-01,Maximum Sharpe,0.003799741721835809
2021-12-01,Minimum Variance,0.00630475937118645
2021-12-01,SPY,0.0
2021-12-01,Shrunk Max Sharpe λ=0.25,0.07794555858371906
2021-12-01,Shrunk Max Sharpe λ=0.50,0.06930446517770653
2021-12-01,Shrunk Max Sharpe λ=0.75,0.01773600046325483
2021-12-01,Turnover-Aware Max Sharpe γ=0.05,0.004096987085393973
2021-12-01,Turnover-Aware Max Sharpe γ=0.10,0.004403020844651777
2021-12-01,Turnover-Aware Max Sharpe γ=0.25,0.004777064668776668
2022-02-01,Combined Robust Max Sharpe λ=0.50 γ=0.10,0.03297642574756753
2022-02-01,Equal Weight,0.0
2022-02-01,Maximum Sharpe,0.10177794134322014
2022-02-01,Minimum Variance,0.006655178636025758
2022-02-01,SPY,0.0
2022-02-01,Shrunk Max Sharpe λ=0.25,0.052492887793973014
2022-02-01,Shrunk Max Sharpe λ=0.50,0.09997012286736455
2022-02-01,Shrunk Max Sharpe λ=0.75,0.0314539882353143
2022-02-01,Turnover-Aware Max Sharpe γ=0.05,0.050916352288181595
2022-02-01,Turnover-Aware Max Sharpe γ=0.10,0.0464737839467561
2022-02-01,Turnover-Aware Max Sharpe γ=0.25,0.040352189414389596
2022-03-01,Combined Robust Max Sharpe λ=0.50 γ=0.10,0.04335045744128951
2022-03-01,Equal Weight,0.0
2022-03-01,Maximum Sharpe,0.15790582589161645
2022-03-01,Minimum Variance,0.018307264934775327
2022-03-01,SPY,0.0
2022-03-01,Shrunk Max Sharpe λ=0.25,0.08326792175500808
2022-03-01,Shrunk Max Sharpe λ=0.50,0.05368731990563106
2022-03-01,Shrunk Max Sharpe λ=0.75,0.03095082168566273
2022-03-01,Turnover-Aware Max Sharpe γ=0.05,0.10633558359656642
2022-03-01,Turnover-Aware Max Sharpe γ=0.10,0.07894838785609215
2022-03-01,Turnover-Aware Max Sharpe γ=0.25,0.009784011643094509
2022-04-01,Combined Robust Max Sharpe λ=0.50 γ=0.10,0.051107783094960724
2022-04-01,Equal Weight,0.0
2022-04-01,Maximum Sharpe,0.09421301146758351
2022-04-01,Minimum Variance,0.015087384422797645
2022-04-01,SPY,0.0
2022-04-01,Shrunk Max Sharpe λ=0.25,0.12490138864586182
2022-04-01,Shrunk Max Sharpe λ=0.50,0.07268424281834764
2022-04-01,Shrunk Max Sharpe λ=0.75,0.04531633708601831
2022-04-01,Turnover-Aware Max Sharpe γ=0.05,0.14440611001404263
2022-04-01,Turnover-Aware Max Sharpe γ=0.10,0.15540261103342484
2022-04-01,Turnover-Aware Max Sharpe γ=0.25,0.16272103772646573
2022-06-01,Combined Robust Max Sharpe λ=0.50 γ=0.10,0.0760016816899572
2022-06-01,Equal Weight,0.0
2022-06-01,Maximum Sharpe,0.17069952357936247
2022-06-01,Minimum Variance,0.041585737462876624
2022-06-01,SPY,0.0
2022-06-01,Shrunk Max Sharpe λ=0.25,0.07385066420215815
2022-06-01,Shrunk Max Sharpe λ=0.50,0.07975224999302725
2022-06-01,Shrunk Max Sharpe λ=0.75,0.059081323769013046
2022-06-01,Turnover-Aware Max Sharpe γ=0.05,0.11003998373868394
2022-06-01,Turnover-Aware Max Sharpe γ=0.10,0.10284647044488711
2022-06-01,Turnover-Aware Max Sharpe γ=0.25,0.08376604453245706
2022-07-01,Combined Robust Max Sharpe λ=0.50 γ=0.10,0.04170448543374693
2022-07-01,Equal Weight,0.0
2022-07-01,Maximum Sharpe,0.06990930809931965
2022-07-01,Minimum Variance,0.028079409576494296
2022-07-01,SPY,0.0
2022-07-01,Shrunk Max Sharpe λ=0.25,0.05742296053842943
2022-07-01,Shrunk Max Sharpe λ=0.50,0.2001816612696776
2022-07-01,Shrunk Max Sharpe λ=0.75,0.0857447364798174
2022-07-01,Turnover-Aware Max Sharpe γ=0.05,0.05380743463709495
2022-07-01,Turnover-Aware Max Sharpe γ=0.10,0.031365814555120525
2022-07-01,Turnover-Aware Max Sharpe γ=0.25,0.013808664812275053
2022-08-01,Combined Robust Max Sharpe λ=0.50 γ=0.10,1.3110590246915992e-14
2022-08-01,Equal Weight,0.0
2022-08-01,Maximum Sharpe,0.015342574133743667
2022-08-01,Minimum Variance,0.006600252873670332
2022-08-01,SPY,0.0
2022-08-01,Shrunk Max Sharpe λ=0.25,0.035606050608844655
2022-08-01,Shrunk Max Sharpe λ=0.50,0.05159317608242481
2022-08-01,Shrunk Max Sharpe λ=0.75,0.05471858754442249
2022-08-01,Turnover-Aware Max Sharpe γ=0.05,1.9775298245556698e-15
2022-08-01,Turnover-Aware Max Sharpe γ=0.10,6.943877667959977e-15
2022-08-01,Turnover-Aware Max Sharpe γ=0.25,1.1929876252400423e-14
2022-09-01,Combined Robust Max Sharpe λ=0.50 γ=0.10,0.10929667052865596
2022-09-01,Equal Weight,0.0
2022-09-01,Maximum Sharpe,0.09552989471549246
2022-09-01,Minimum Variance,0.01800720678803721
2022-09-01,SPY,0.0
2022-09-01,Shrunk Max Sharpe λ=0.25,0.19999999999999993
2022-09-01,Shrunk Max Sharpe λ=0.50,0.16764750385686664
2022-09-01,Shrunk Max Sharpe λ=0.75,0.13414032874352813
2022-09-01,Turnover-Aware Max Sharpe γ=0.05,0.09959180175088474
2022-09-01,Turnover-Aware Max Sharpe γ=0.10,0.0908731668800585
2022-09-01,Turnover-Aware Max Sharpe γ=0.25,0.15419990364116418
2022-11-01,Combined Robust Max Sharpe λ=0.50 γ=0.10,0.17819401683394104
2022-11-01,Equal Weight,0.0
2022-11-01,Maximum Sharpe,0.016106392252367048
2022-11-01,Minimum Variance,0.0479979714563376
2022-11-01,SPY,0.0
2022-11-01,Shrunk Max Sharpe λ=0.25,0.09999999999999981
2022-11-01,Shrunk Max Sharpe λ=0.50,0.20285320061777729
2022-11-01,Shrunk Max Sharpe λ=0.75,0.3714142730412947
2022-11-01,Turnover-Aware Max Sharpe γ=0.05,0.026285400461826508
2022-11-01,Turnover-Aware Max Sharpe γ=0.10,0.07923044229383262
2022-11-01,Turnover-Aware Max Sharpe γ=0.25,0.044624319031478954
2022-12-01,Combined Robust Max Sharpe λ=0.50 γ=0.10,1.799610112332073e-16
2022-12-01,Equal Weight,0.0
2022-12-01,Maximum Sharpe,6.29405373890878e-16
2022-12-01,Minimum Variance,0.021678191187169616
2022-12-01,SPY,0.0
2022-12-01,Shrunk Max Sharpe λ=0.25,0.09999999999999946
2022-12-01,Shrunk Max Sharpe λ=0.50,0.10000000000000091
2022-12-01,Shrunk Max Sharpe λ=0.75,0.34119246240827356
2022-12-01,Turnover-Aware Max Sharpe γ=0.05,5.908340393757663e-16
2022-12-01,Turnover-Aware Max Sharpe γ=0.10,4.7848793350482695e-16
2022-12-01,Turnover-Aware Max Sharpe γ=0.25,1.9070956936515233e-15
2023-02-01,Combined Robust Max Sharpe λ=0.50 γ=0.10,4.023033930910817e-16
2023-02-01,Equal Weight,0.0
2023-02-01,Maximum Sharpe,9.613454687864294e-16
2023-02-01,Minimum Variance,0.025263486182355275
2023-02-01,SPY,0.0
2023-02-01,Shrunk Max Sharpe λ=0.25,0.09999999999999977
2023-02-01,Shrunk Max Sharpe λ=0.50,0.01943235980787017
2023-02-01,Shrunk Max Sharpe λ=0.75,0.086554243808946
2023-02-01,Turnover-Aware Max Sharpe γ=0.05,7.90184594246223e-16
2023-02-01,Turnover-Aware Max Sharpe γ=0.10,4.773199088138643e-16
2023-02-01,Turnover-Aware Max Sharpe γ=0.25,1.5156408724484023e-15
2023-03-01,Combined Robust Max Sharpe λ=0.50 γ=0.10,5.610963488437844e-16
2023-03-01,Equal Weight,0.0
2023-03-01,Maximum Sharpe,1.0519695660623019e-15
2023-03-01,Minimum Variance,0.011353437698012241
2023-03-01,SPY,0.0
2023-03-01,Shrunk Max Sharpe λ=0.25,1.6385602541946725e-15
2023-03-01,Shrunk Max Sharpe λ=0.50,0.11943235980787015
2023-03-01,Shrunk Max Sharpe λ=0.75,0.1000000000000007
2023-03-01,Turnover-Aware Max Sharpe γ=0.05,8.525144161144389e-16
2023-03-01,Turnover-Aware Max Sharpe γ=0.10,5.201723679121423e-16
2023-03-01,Turnover-Aware Max Sharpe γ=0.25,0.05630401199259485
2023-05-01,Combined Robust Max Sharpe λ=0.50 γ=0.10,0.13936658763172582
2023-05-01,Equal Weight,0.0
2023-05-01,Maximum Sharpe,0.3
2023-05-01,Minimum Variance,0.07659743919347917
2023-05-01,SPY,0.0
2023-05-01,Shrunk Max Sharpe λ=0.25,0.2960486577483266
2023-05-01,Shrunk Max Sharpe λ=0.50,0.3
2023-05-01,Shrunk Max Sharpe λ=0.75,0.14565723465124408
2023-05-01,Turnover-Aware Max Sharpe γ=0.05,0.204477067477134
2023-05-01,Turnover-Aware Max Sharpe γ=0.10,0.10202380197055784
2023-05-01,Turnover-Aware Max Sharpe γ=0.25,8.304477599316582e-16
2023-06-01,Combined Robust Max Sharpe λ=0.50 γ=0.10,4.332118487626941e-16
2023-06-01,Equal Weight,0.0
2023-06-01,Maximum Sharpe,0.18272008633771894
2023-06-01,Minimum Variance,0.007566918537139951
2023-06-01,SPY,0.0
2023-06-01,Shrunk Max Sharpe λ=0.25,0.19604865774832655
2023-06-01,Shrunk Max Sharpe λ=0.50,0.1999999999999999
2023-06-01,Shrunk Max Sharpe λ=0.75,0.14467802591187767
2023-06-01,Turnover-Aware Max Sharpe γ=0.05,0.06794531319385728
2023-06-01,Turnover-Aware Max Sharpe γ=0.10,7.804905623436486e-16
2023-06-01,Turnover-Aware Max Sharpe γ=0.25,1.643118561046775e-15
2023-08-01,Combined Robust Max Sharpe λ=0.50 γ=0.10,0.07663050616767614
2023-08-01,Equal Weight,0.0
2023-08-01,Maximum Sharpe,0.28272008633771917
2023-08-01,Minimum Variance,0.022559488796412064
2023-08-01,SPY,0.0
2023-08-01,Shrunk Max Sharpe λ=0.25,0.30000000000000004
2023-08-01,Shrunk Max Sharpe λ=0.50,0.30000000000000004
2023-08-01,Shrunk Max Sharpe λ=0.75,0.19242646742898878
2023-08-01,Turnover-Aware Max Sharpe γ=0.05,0.2634682457167232
2023-08-01,Turnover-Aware Max Sharpe γ=0.10,0.24286662144695545
2023-08-01,Turnover-Aware Max Sharpe γ=0.25,0.06271907334959707
2023-09-01,Combined Robust Max Sharpe λ=0.50 γ=0.10,0.04393549699588811
2023-09-01,Equal Weight,0.0
2023-09-01,Maximum Sharpe,0.002590775944959479
2023-09-01,Minimum Variance,0.021814501843386448
2023-09-01,SPY,0.0
2023-09-01,Shrunk Max Sharpe λ=0.25,0.0275235005115899
2023-09-01,Shrunk Max Sharpe λ=0.50,0.0768590693443423
2023-09-01,Shrunk Max Sharpe λ=0.75,0.2582183438928393
2023-09-01,Turnover-Aware Max Sharpe γ=0.05,6.037799255297596e-16
2023-09-01,Turnover-Aware Max Sharpe γ=0.10,0.019081450149697622
2023-09-01,Turnover-Aware Max Sharpe γ=0.25,4.753734404965549e-16
2023-11-01,Combined Robust Max Sharpe λ=0.50 γ=0.10,4.943423766906883e-16
2023-11-01,Equal Weight,0.0
2023-11-01,Maximum Sharpe,0.2046144835434037
2023-11-01,Minimum Variance,0.017673156620201802
2023-11-01,SPY,0.0
2023-11-01,Shrunk Max Sharpe λ=0.25,0.2011675964547671
2023-11-01,Shrunk Max Sharpe λ=0.50,0.19440140048128057
2023-11-01,Shrunk Max Sharpe λ=0.75,0.1750607060083795
2023-11-01,Turnover-Aware Max Sharpe γ=0.05,0.20720511468053188
2023-11-01,Turnover-Aware Max Sharpe γ=0.10,0.2024106800444687
2023-11-01,Turnover-Aware Max Sharpe γ=0.25,1.34648153650028e-15
2023-12-01,Combined Robust Max Sharpe λ=0.50 γ=0.10,0.12056600316356124
2023-12-01,Equal Weight,0.0
2023-12-01,Maximum Sharpe,0.14044302127233274
2023-12-01,Minimum Variance,0.01936942055167623
2023-12-01,SPY,0.0
2023-12-01,Shrunk Max Sharpe λ=0.25,0.17438778486809536
2023-12-01,Shrunk Max Sharpe λ=0.50,0.2000000000000006
2023-12-01,Shrunk Max Sharpe λ=0.75,0.2000000000000027
2023-12-01,Turnover-Aware Max Sharpe γ=0.05,0.14044319540143954
2023-12-01,Turnover-Aware Max Sharpe γ=0.10,0.14044303339199052
2023-12-01,Turnover-Aware Max Sharpe γ=0.25,0.11526125645811525
2024-02-01,Combined Robust Max Sharpe λ=0.50 γ=0.10,2.8549799622758555e-15
2024-02-01,Equal Weight,0.0
2024-02-01,Maximum Sharpe,6.881064557943981e-16
2024-02-01,Minimum Variance,0.020094273177238362
2024-02-01,SPY,0.0
2024-02-01,Shrunk Max Sharpe λ=0.25,3.670386601475454e-15
2024-02-01,Shrunk Max Sharpe λ=0.50,1.579834342142967e-15
2024-02-01,Shrunk Max Sharpe λ=0.75,1.1460136433356587e-15
2024-02-01,Turnover-Aware Max Sharpe γ=0.05,1.6436622091355125e-15
2024-02-01,Turnover-Aware Max Sharpe γ=0.10,2.713743348259412e-15
2024-02-01,Turnover-Aware Max Sharpe γ=0.25,0.047457816891492845
2024-03-01,Combined Robust Max Sharpe λ=0.50 γ=0.10,7.995926568073155e-16
2024-03-01,Equal Weight,0.0
2024-03-01,Maximum Sharpe,2.1168899805965607e-15
2024-03-01,Minimum Variance,0.01901592994333016
2024-03-01,SPY,0.0
2024-03-01,Shrunk Max Sharpe λ=0.25,1.424709546685067e-15
2024-03-01,Shrunk Max Sharpe λ=0.50,9.814519641055554e-16
2024-03-01,Shrunk Max Sharpe λ=0.75,8.753967810832768e-16
2024-03-01,Turnover-Aware Max Sharpe γ=0.05,3.2633981788656828e-15
2024-03-01,Turnover-Aware Max Sharpe γ=0.10,3.4440307113262574e-15
2024-03-01,Turnover-Aware Max Sharpe γ=0.25,1.072794977618042e-15
2024-04-01,Combined Robust Max Sharpe λ=0.50 γ=0.10,9.59442128768287e-16
2024-04-01,Equal Weight,0.0
2024-04-01,Maximum Sharpe,2.376554020667046e-15
2024-04-01,Minimum Variance,0.014680920220147999
2024-04-01,SPY,0.0
2024-04-01,Shrunk Max Sharpe λ=0.25,7.091223848885019e-16
2024-04-01,Shrunk Max Sharpe λ=0.50,1.4789506332011258e-15
2024-04-01,Shrunk Max Sharpe λ=0.75,0.05824640914318786
2024-04-01,Turnover-Aware Max Sharpe γ=0.05,1.824929096727601e-15
2024-04-01,Turnover-Aware Max Sharpe γ=0.10,5.945597815451748e-15
2024-04-01,Turnover-Aware Max Sharpe γ=0.25,7.7021722333370235e-16
2024-05-01,Combined Robust Max Sharpe λ=0.50 γ=0.10,4.3021142204224816e-16
2024-05-01,Equal Weight,0.0
2024-05-01,Maximum Sharpe,2.2551405187698484e-15
2024-05-01,Minimum Variance,0.0018720761990747318
2024-05-01,SPY,0.0
2024-05-01,Shrunk Max Sharpe λ=0.25,8.326672684688674e-16
2024-05-01,Shrunk Max Sharpe λ=0.50,2.0780321282252314e-15
2024-05-01,Shrunk Max Sharpe λ=0.75,0.05824640914318785
2024-05-01,Turnover-Aware Max Sharpe γ=0.05,1.0200174038743624e-15
2024-05-01,Turnover-Aware Max Sharpe γ=0.10,7.771561172376094e-16
2024-05-01,Turnover-Aware Max Sharpe γ=0.25,5.967448757360212e-16
2024-07-01,Combined Robust Max Sharpe λ=0.50 γ=0.10,4.787836793695987e-16
2024-07-01,Equal Weight,0.0
2024-07-01,Maximum Sharpe,9.575673587391967e-16
2024-07-01,Minimum Variance,0.00622044201963748
2024-07-01,SPY,0.0
2024-07-01,Shrunk Max Sharpe λ=0.25,1.2212453270876722e-15
2024-07-01,Shrunk Max Sharpe λ=0.50,8.519725706724473e-16
2024-07-01,Shrunk Max Sharpe λ=0.75,5.857588619968616e-16
2024-07-01,Turnover-Aware Max Sharpe γ=0.05,1.137978600240785e-15
2024-07-01,Turnover-Aware Max Sharpe γ=0.10,2.4424906541753444e-15
2024-07-01,Turnover-Aware Max Sharpe γ=0.25,6.800116025829081e-16
2024-08-01,Combined Robust Max Sharpe λ=0.50 γ=0.10,2.220446049250312e-16
2024-08-01,Equal Weight,0.0
2024-08-01,Maximum Sharpe,1.4506455891349746e-15
2024-08-01,Minimum Variance,0.0023002784803302432
2024-08-01,SPY,0.0
2024-08-01,Shrunk Max Sharpe λ=0.25,1.4265389519086437e-15
2024-08-01,Shrunk Max Sharpe λ=0.50,4.804637039844646e-16
2024-08-01,Shrunk Max Sharpe λ=0.75,5.25132737174745e-16
2024-08-01,Turnover-Aware Max Sharpe γ=0.05,1.214354699794335e-15
2024-08-01,Turnover-Aware Max Sharpe γ=0.10,2.0747292772682613e-15
2024-08-01,Turnover-Aware Max Sharpe γ=0.25,1.07552855510562e-15
2024-10-01,Combined Robust Max Sharpe λ=0.50 γ=0.10,5.551115123125783e-16
2024-10-01,Equal Weight,0.0
2024-10-01,Maximum Sharpe,1.1831107592806443e-15
2024-10-01,Minimum Variance,0.012881998263248262
2024-10-01,SPY,0.0
2024-10-01,Shrunk Max Sharpe λ=0.25,0.022609888519022903
2024-10-01,Shrunk Max Sharpe λ=0.50,0.1698170381142604
2024-10-01,Shrunk Max Sharpe λ=0.75,0.3217611166560254
2024-10-01,Turnover-Aware Max Sharpe γ=0.05,3.7380624940281823e-16
2024-10-01,Turnover-Aware Max Sharpe γ=0.10,7.91033905045424e-16
2024-10-01,Turnover-Aware Max Sharpe γ=0.25,5.828670879282072e-16
2024-11-01,Combined Robust Max Sharpe λ=0.50 γ=0.10,4.996003610813204e-16
2024-11-01,Equal Weight,0.0
2024-11-01,Maximum Sharpe,0.004509771827398409
2024-11-01,Minimum Variance,0.001256820563189264
2024-11-01,SPY,0.0
2024-11-01,Shrunk Max Sharpe λ=0.25,0.005536781382901548
2024-11-01,Shrunk Max Sharpe λ=0.50,0.09980139377271262
2024-11-01,Shrunk Max Sharpe λ=0.75,0.24709960875289605
2024-11-01,Turnover-Aware Max Sharpe γ=0.05,1.0200174038743624e-15
2024-11-01,Turnover-Aware Max Sharpe γ=0.10,8.118505867571454e-16
2024-11-01,Turnover-Aware Max Sharpe γ=0.25,6.522560269672796e-16
2025-04-01,Combined Robust Max Sharpe λ=0.50 γ=0.10,0.15783758184000693
2025-04-01,Equal Weight,0.0
2025-04-01,Maximum Sharpe,0.14072972430890585
2025-04-01,Minimum Variance,0.012442630733386494
2025-04-01,SPY,0.0
2025-04-01,Shrunk Max Sharpe λ=0.25,0.19526689426814944
2025-04-01,Shrunk Max Sharpe λ=0.50,0.25940066308169935
2025-04-01,Shrunk Max Sharpe λ=0.75,0.28720655844878
2025-04-01,Turnover-Aware Max Sharpe γ=0.05,0.0700742860400119
2025-04-01,Turnover-Aware Max Sharpe γ=0.10,6.869504964868153e-16
2025-04-01,Turnover-Aware Max Sharpe γ=0.25,6.869504964868154e-16
2025-05-01,Combined Robust Max Sharpe λ=0.50 γ=0.10,0.15541365531320595
2025-05-01,Equal Weight,0.0
2025-05-01,Maximum Sharpe,0.32316314726440465
2025-05-01,Minimum Variance,0.018523831008930392
2025-05-01,SPY,0.0
2025-05-01,Shrunk Max Sharpe λ=0.25,0.21529622361722575
2025-05-01,Shrunk Max Sharpe λ=0.50,0.1430162980774077
2025-05-01,Shrunk Max Sharpe λ=0.75,0.10886287784199002
2025-05-01,Turnover-Aware Max Sharpe γ=0.05,0.12947895447884145
2025-05-01,Turnover-Aware Max Sharpe γ=0.10,0.07352441413690422
2025-05-01,Turnover-Aware Max Sharpe γ=0.25,6.314393452555577e-16
2025-07-01,Combined Robust Max Sharpe λ=0.50 γ=0.10,0.025475622453669945
2025-07-01,Equal Weight,0.0
2025-07-01,Maximum Sharpe,0.17703117128110615
2025-07-01,Minimum Variance,0.02808314193475277
2025-07-01,SPY,0.0
2025-07-01,Shrunk Max Sharpe λ=0.25,0.09886900185792873
2025-07-01,Shrunk Max Sharpe λ=0.50,0.02945871515728492
2025-07-01,Shrunk Max Sharpe λ=0.75,0.0194634798071572
2025-07-01,Turnover-Aware Max Sharpe γ=0.05,0.07007428604000654
2025-07-01,Turnover-Aware Max Sharpe γ=0.10,3.626441476451607e-15
2025-07-01,Turnover-Aware Max Sharpe γ=0.25,7.077671781985371e-16
2025-08-01,Combined Robust Max Sharpe λ=0.50 γ=0.10,0.00690969101278284
2025-08-01,Equal Weight,0.0
2025-08-01,Maximum Sharpe,0.03210513197973534
2025-08-01,Minimum Variance,0.006890786722107002
2025-08-01,SPY,0.0
2025-08-01,Shrunk Max Sharpe λ=0.25,0.02100292926507276
2025-08-01,Shrunk Max Sharpe λ=0.50,0.01909619616833551
2025-08-01,Shrunk Max Sharpe λ=0.75,0.03892413655193892
2025-08-01,Turnover-Aware Max Sharpe γ=0.05,0.05612269844018175
2025-08-01,Turnover-Aware Max Sharpe γ=0.10,1.3678843402995948e-15
2025-08-01,Turnover-Aware Max Sharpe γ=0.25,1.0824674490095274e-15
2025-10-01,Combined Robust Max Sharpe λ=0.50 γ=0.10,0.062229577374860595
2025-10-01,Equal Weight,0.0
2025-10-01,Maximum Sharpe,0.18634782703500027
2025-10-01,Minimum Variance,0.023687291241640086
2025-10-01,SPY,0.0
2025-10-01,Shrunk Max Sharpe λ=0.25,0.13386030862245588
2025-10-01,Shrunk Max Sharpe λ=0.50,0.0745829236291963
2025-10-01,Shrunk Max Sharpe λ=0.75,0.1229018809789773
2025-10-01,Turnover-Aware Max Sharpe γ=0.05,0.1471203336829542
2025-10-01,Turnover-Aware Max Sharpe γ=0.10,0.11403928424358964
2025-10-01,Turnover-Aware Max Sharpe γ=0.25,0.13009192021526889
2025-12-01,Combined Robust Max Sharpe λ=0.50 γ=0.10,7.53195933881238e-15
2025-12-01,Equal Weight,0.0
2025-12-01,Maximum Sharpe,0.27816842964264243
2025-12-01,Minimum Variance,0.041420394256923565
2025-12-01,SPY,0.0
2025-12-01,Shrunk Max Sharpe λ=0.25,0.17633083928676735
2025-12-01,Shrunk Max Sharpe λ=0.50,0.043519855404226246
2025-12-01,Shrunk Max Sharpe λ=0.75,0.01899948108411079
2025-12-01,Turnover-Aware Max Sharpe γ=0.05,0.21635670855548972
2025-12-01,Turnover-Aware Max Sharpe γ=0.10,0.15303397022724713
2025-12-01,Turnover-Aware Max Sharpe γ=0.25,0.10668795825923229
2026-04-01,Combined Robust Max Sharpe λ=0.50 γ=0.10,0.032108551310384995
2026-04-01,Equal Weight,0.0
2026-04-01,Maximum Sharpe,0.20759808593086715
2026-04-01,Minimum Variance,0.06632749312785508
2026-04-01,SPY,0.0
2026-04-01,Shrunk Max Sharpe λ=0.25,0.1631454272828555
2026-04-01,Shrunk Max Sharpe λ=0.50,0.09497514602203665
2026-04-01,Shrunk Max Sharpe λ=0.75,0.04319935962673848
2026-04-01,Turnover-Aware Max Sharpe γ=0.05,0.18244300387442625
2026-04-01,Turnover-Aware Max Sharpe γ=0.10,0.006135132145671883
2026-04-01,Turnover-Aware Max Sharpe γ=0.25,1.5381557962603432e-15
2026-05-01,Combined Robust Max Sharpe λ=0.50 γ=0.10,0.03837434391473026
2026-05-01,Equal Weight,0.0
2026-05-01,Maximum Sharpe,0.09373977004327631
2026-05-01,Minimum Variance,0.00828271229772526
2026-05-01,SPY,0.0
2026-05-01,Shrunk Max Sharpe λ=0.25,0.04213126718724344
2026-05-01,Shrunk Max Sharpe λ=0.50,0.03343071363482715
2026-05-01,Shrunk Max Sharpe λ=0.75,0.011852128821077192
2026-05-01,Turnover-Aware Max Sharpe γ=0.05,0.07676361608817339
2026-05-01,Turnover-Aware Max Sharpe γ=0.10,0.0587255158071515
2026-05-01,Turnover-Aware Max Sharpe γ=0.25,6.903386489954307e-16
2026-06-01,Combined Robust Max Sharpe λ=0.50 γ=0.10,0.032194821075145465
2026-06-01,Equal Weight,0.0
2026-06-01,Maximum Sharpe,0.04420088160647936
2026-06-01,Minimum Variance,0.010052441219341028
2026-06-01,SPY,0.0
2026-06-01,Shrunk Max Sharpe λ=0.25,0.00872528513403658
2026-06-01,Shrunk Max Sharpe λ=0.50,0.050660643249547783
2026-06-01,Shrunk Max Sharpe λ=0.75,0.005896276048921817
2026-06-01,Turnover-Aware Max Sharpe γ=0.05,0.018756181516976958
2026-06-01,Turnover-Aware Max Sharpe γ=0.10,0.030930015905773288
2026-06-01,Turnover-Aware Max Sharpe γ=0.25,9.417804331223608e-16
2026-07-01,Combined Robust Max Sharpe λ=0.50 γ=0.10,0.04047611116773683
2026-07-01,Equal Weight,0.0
2026-07-01,Maximum Sharpe,0.017870370586541385
2026-07-01,Minimum Variance,0.016202693044077267
2026-07-01,SPY,0.0
2026-07-01,Shrunk Max Sharpe λ=0.25,0.027946081788816895
2026-07-01,Shrunk Max Sharpe λ=0.50,0.04474670156482564
2026-07-01,Shrunk Max Sharpe λ=0.75,0.00456176513159645
2026-07-01,Turnover-Aware Max Sharpe γ=0.05,6.990126973699204e-16
2026-07-01,Turnover-Aware Max Sharpe γ=0.10,5.490623768816897e-16
2026-07-01,Turnover-Aware Max Sharpe γ=0.25,2.0483969873796025e-15
2026-09-01,Combined Robust Max Sharpe λ=0.50 γ=0.10,0.018907049530997266
2026-09-01,Equal Weight,0.0
2026-09-01,Maximum Sharpe,0.10259762813937738
2026-09-01,Minimum Variance,0.01572027051369394
2026-09-01,SPY,0.0
2026-09-01,Shrunk Max Sharpe λ=0.25,0.05369191056027188
2026-09-01,Shrunk Max Sharpe λ=0.50,0.016025576662417145
2026-09-01,Shrunk Max Sharpe λ=0.75,0.0020730400522802304
2026-09-01,Turnover-Aware Max Sharpe γ=0.05,0.0754199868768706
2026-09-01,Turnover-Aware Max Sharpe γ=0.10,0.0889559140478251
2026-09-01,Turnover-Aware Max Sharpe γ=0.25,4.916374560944174e-16
